sample_id,source,model_label,position_bucket,top_subject,n_tokens,n_chars,mtld,flesch_kincaid_grade,hedge_count_per_100tok,disfluency_per_100tok,past_term_per_100tok,present_term_per_100tok,future_term_per_100tok,abstract_noun_ratio,is_question,contraction_rate,lowercase_first_char,nonstandard_spelling
d0360_t001,real,real,early,Number,6.0,15.0,0.0,-1.8399999999999999,0.0,0.0,0.0,0.0,0.0,0.0,0.0,0.0,1.0,0.0
d0094_t005,real,real,early,Number,1.0,3.0,0.0,-3.3999999999999986,0.0,0.0,0.0,0.0,0.0,0.0,0.0,0.0,1.0,0.0
d0239_t002,real,real,early,Geometry and Measure,8.0,45.0,0.0,3.7550000000000026,0.0,12.5,0.0,0.0,0.0,0.0,0.0,0.0,0.0,0.0
d0065_t001,real,real,early,Number,5.0,21.0,0.0,0.5199999999999996,0.0,0.0,0.0,0.0,0.0,0.0,0.0,0.0,1.0,0.0
d0007_t003,real,real,early,Number,3.0,19.0,0.0,5.246666666666666,0.0,0.0,0.0,0.0,0.0,0.0,0.0,0.0,0.0,0.0
d0122_t004,real,real,early,Number,1.0,3.0,0.0,-3.3999999999999986,0.0,0.0,0.0,0.0,0.0,0.0,0.0,0.0,0.0,0.0
d0270_t001,real,real,early,Number,1.0,2.0,0.0,-3.3999999999999986,0.0,0.0,0.0,0.0,0.0,0.0,0.0,0.0,1.0,0.0
d0068_t003,real,real,early,Number,9.0,36.0,0.0,1.0311111111111124,11.11111111111111,0.0,0.0,0.0,0.0,0.0,0.0,0.0,1.0,22.22222222222222
d0165_t001,real,real,early,Number,12.0,47.0,0.0,1.572727272727274,8.333333333333334,0.0,0.0,0.0,0.0,1.0,0.0,8.333333333333334,0.0,0.0
d0314_t003,real,real,early,Data and Statistics,4.0,17.0,0.0,5.246666666666666,0.0,0.0,0.0,0.0,0.0,0.0,0.0,0.0,1.0,0.0
d0301_t000,real,real,early,Algebra,1.0,5.0,0.0,8.400000000000002,0.0,0.0,0.0,0.0,0.0,0.0,0.0,0.0,0.0,0.0
d0160_t001,real,real,early,Number,21.0,86.0,0.0,-0.6599999999999966,0.0,4.761904761904762,0.0,0.0,0.0,0.25,0.0,0.0,1.0,9.523809523809524
d0054_t005,real,real,early,Geometry and Measure,11.0,42.0,0.0,-0.6699999999999982,0.0,0.0,0.0,0.0,0.0,0.0,0.0,0.0,1.0,0.0
d0150_t005,real,real,early,Number,1.0,2.0,0.0,-3.3999999999999986,0.0,0.0,0.0,0.0,0.0,0.0,0.0,0.0,0.0,0.0
d0117_t005,real,real,early,Number,1.0,3.0,0.0,-3.3999999999999986,0.0,0.0,0.0,0.0,0.0,0.0,0.0,0.0,1.0,0.0
d0131_t004,real,real,early,Number,4.0,6.0,0.0,8.400000000000002,0.0,0.0,0.0,0.0,0.0,0.0,1.0,0.0,0.0,0.0
d0017_t013,real,real,early,Number,1.0,3.0,0.0,-3.3999999999999986,0.0,0.0,0.0,0.0,0.0,0.0,0.0,0.0,0.0,0.0
d0132_t005,real,real,early,Number,1.0,2.0,0.0,-3.3999999999999986,0.0,0.0,0.0,0.0,0.0,0.0,0.0,0.0,0.0,0.0
d0319_t001,real,real,early,Number,6.0,23.0,0.0,0.5199999999999996,0.0,0.0,0.0,16.666666666666668,0.0,0.0,0.0,0.0,0.0,0.0
d0186_t001,real,real,early,Number,5.0,18.0,0.0,0.5199999999999996,0.0,0.0,0.0,20.0,0.0,0.0,0.0,0.0,1.0,0.0
d0092_t003,real,real,early,Geometry and Measure,1.0,5.0,0.0,8.400000000000002,0.0,0.0,0.0,0.0,0.0,0.0,0.0,0.0,1.0,0.0
d0279_t005,real,real,early,Number,67.0,224.0,0.0,0.2414285714285711,0.0,1.492537313432836,0.0,4.477611940298507,0.0,0.0,0.0,1.492537313432836,1.0,1.492537313432836
d0253_t002,real,real,early,Number,30.0,131.0,0.0,10.080000000000002,0.0,0.0,0.0,0.0,3.3333333333333335,0.5,0.0,0.0,0.0,0.0
d0070_t005,real,real,early,Number,19.0,76.0,0.0,2.342222222222226,0.0,5.2631578947368425,5.2631578947368425,5.2631578947368425,0.0,0.0,0.0,0.0,0.0,5.2631578947368425
d0284_t005,real,real,early,Number,5.0,10.0,0.0,-2.619999999999999,0.0,40.0,0.0,0.0,0.0,0.0,1.0,0.0,1.0,0.0
d0267_t003,real,real,early,Number,1.0,2.0,0.0,-3.3999999999999986,0.0,0.0,0.0,0.0,0.0,0.0,0.0,0.0,0.0,0.0
d0034_t002,real,real,early,Data and Statistics,7.0,28.0,0.0,2.4833333333333343,0.0,0.0,0.0,14.285714285714286,0.0,0.0,0.0,0.0,1.0,0.0
d0182_t003,real,real,early,Number,13.0,60.0,0.0,2.8566666666666656,0.0,0.0,0.0,15.384615384615385,0.0,0.0,0.0,0.0,0.0,30.76923076923077
d0372_t001,real,real,early,Algebra,5.0,13.0,0.0,-2.619999999999999,0.0,0.0,0.0,0.0,0.0,0.0,0.0,0.0,0.0,0.0
d0321_t002,real,real,early,Algebra,8.0,29.0,0.0,2.6321428571428562,0.0,0.0,0.0,12.5,0.0,0.0,0.0,0.0,1.0,12.5
d0131_t010,real,real,early,Number,6.0,20.0,0.0,0.7199999999999989,0.0,0.0,0.0,0.0,0.0,0.0,0.0,0.0,1.0,0.0
d0067_t003,real,real,early,Number,1.0,3.0,0.0,-3.3999999999999986,0.0,0.0,0.0,0.0,0.0,0.0,0.0,0.0,1.0,0.0
d0126_t002,real,real,early,Number,1.0,4.0,0.0,-3.3999999999999986,0.0,0.0,0.0,0.0,0.0,0.0,0.0,0.0,1.0,0.0
d0201_t003,real,real,early,Number,5.0,22.0,0.0,2.879999999999999,0.0,0.0,0.0,0.0,0.0,0.0,0.0,0.0,0.0,20.0
d0027_t005,real,real,early,Geometry and Measure,1.0,3.0,0.0,-3.3999999999999986,0.0,0.0,0.0,0.0,0.0,0.0,0.0,0.0,0.0,0.0
d0031_t005,real,real,early,Number,3.0,10.0,0.0,-2.619999999999999,0.0,0.0,0.0,0.0,0.0,0.0,0.0,0.0,1.0,0.0
d0367_t005,real,real,early,Number,8.0,41.0,0.0,0.8049999999999997,0.0,12.5,0.0,0.0,12.5,1.0,0.0,0.0,1.0,0.0
d0176_t003,real,real,early,Number,1.0,2.0,0.0,8.400000000000002,0.0,0.0,0.0,0.0,0.0,0.0,0.0,0.0,1.0,0.0
d0011_t000,real,real,early,Number,1.0,5.0,0.0,8.400000000000002,0.0,0.0,0.0,0.0,0.0,0.0,0.0,0.0,0.0,0.0
d0223_t035,real,real,early,Number,1.0,2.0,0.0,8.400000000000002,0.0,0.0,0.0,0.0,0.0,0.0,0.0,0.0,1.0,0.0
d0302_t003,real,real,early,Geometry and Measure,1.0,3.0,0.0,-3.3999999999999986,0.0,0.0,0.0,0.0,0.0,0.0,0.0,0.0,1.0,0.0
d0071_t002,real,real,early,Number,16.0,71.0,0.0,1.4685714285714297,0.0,0.0,0.0,0.0,0.0,0.3333333333333333,0.0,6.25,0.0,0.0
d0211_t006,real,real,early,Algebra,2.0,7.0,0.0,8.400000000000002,0.0,0.0,0.0,0.0,0.0,0.0,1.0,0.0,1.0,0.0
d0072_t001,real,real,early,Number,1.0,1.0,0.0,-3.3999999999999986,0.0,0.0,0.0,0.0,0.0,0.0,0.0,0.0,0.0,0.0
d0005_t003,real,real,early,Number,1.0,8.0,0.0,8.400000000000002,0.0,0.0,0.0,0.0,0.0,0.0,0.0,0.0,0.0,0.0
d0214_t003,real,real,early,Algebra,9.0,27.0,0.0,-0.27999999999999936,0.0,0.0,0.0,0.0,0.0,0.0,0.0,0.0,1.0,0.0
d0129_t003,real,real,early,Number,12.0,58.0,0.0,4.790909090909089,0.0,0.0,0.0,8.333333333333334,8.333333333333334,1.0,1.0,0.0,0.0,0.0
d0158_t002,real,real,early,Number,8.0,36.0,0.0,0.8049999999999997,0.0,0.0,0.0,0.0,0.0,0.5,0.0,0.0,0.0,12.5
d0376_t003,real,real,early,Algebra,8.0,35.0,0.0,2.3114285714285714,0.0,0.0,0.0,12.5,0.0,0.0,0.0,0.0,1.0,12.5
d0081_t005,real,real,early,Algebra,10.0,31.0,0.0,-0.754999999999999,0.0,0.0,0.0,10.0,0.0,0.0,1.0,0.0,1.0,0.0
d0172_t007,real,real,early,Number,7.0,14.0,0.0,-2.619999999999999,0.0,0.0,0.0,0.0,0.0,0.0,1.0,0.0,1.0,0.0
d0329_t007,real,real,early,Number,2.0,8.0,0.0,2.890000000000004,0.0,50.0,0.0,0.0,0.0,0.0,0.0,0.0,0.0,0.0
d0158_t000,real,real,early,Number,1.0,2.0,0.0,-3.3999999999999986,0.0,0.0,0.0,0.0,0.0,0.0,0.0,0.0,0.0,0.0
d0355_t003,real,real,early,Number,1.0,3.0,0.0,-3.3999999999999986,0.0,0.0,0.0,0.0,0.0,0.0,0.0,0.0,0.0,0.0
d0071_t008,real,real,early,Number,1.0,2.0,0.0,-3.3999999999999986,0.0,0.0,0.0,0.0,0.0,0.0,0.0,0.0,0.0,0.0
d0211_t004,real,real,early,Algebra,3.0,8.0,0.0,2.890000000000004,0.0,0.0,0.0,0.0,0.0,0.0,0.0,0.0,1.0,0.0
d0328_t001,real,real,early,Number,1.0,4.0,0.0,-3.3999999999999986,0.0,0.0,0.0,0.0,0.0,0.0,0.0,0.0,0.0,0.0
d0258_t001,real,real,early,Data and Statistics,1.0,1.0,0.0,-3.3999999999999986,0.0,0.0,0.0,0.0,0.0,0.0,0.0,0.0,0.0,0.0
d0169_t001,real,real,early,Number,1.0,1.0,0.0,0.0,0.0,0.0,0.0,0.0,0.0,0.0,0.0,0.0,0.0,0.0
d0291_t001,real,real,early,Number,1.0,5.0,0.0,8.400000000000002,0.0,0.0,0.0,0.0,0.0,0.0,0.0,0.0,1.0,0.0
d0031_t009,real,real,early,Number,1.0,4.0,0.0,-3.3999999999999986,0.0,0.0,0.0,0.0,0.0,0.0,0.0,0.0,0.0,0.0
d0088_t009,real,real,early,Algebra,1.0,2.0,0.0,-3.3999999999999986,0.0,0.0,0.0,0.0,0.0,0.0,0.0,0.0,0.0,0.0
d0260_t001,real,real,early,Data and Statistics,11.0,52.0,0.0,2.4700000000000024,0.0,0.0,0.0,0.0,0.0,0.5,1.0,0.0,0.0,0.0
d0206_t003,real,real,early,Algebra,31.0,139.0,0.0,6.272307692307695,0.0,0.0,0.0,3.225806451612903,0.0,0.0,0.0,6.451612903225806,1.0,0.0
d0289_t003,real,real,early,Algebra,1.0,2.0,0.0,-3.3999999999999986,0.0,0.0,0.0,0.0,0.0,0.0,0.0,0.0,0.0,0.0
d0029_t001,real,real,early,Geometry and Measure,1.0,1.0,0.0,-3.3999999999999986,0.0,0.0,0.0,0.0,0.0,0.0,0.0,0.0,0.0,0.0
d0290_t004,real,real,early,Algebra,3.0,8.0,0.0,-2.619999999999999,0.0,0.0,0.0,33.333333333333336,0.0,0.0,0.0,0.0,1.0,33.333333333333336
d0290_t002,real,real,early,Algebra,4.0,21.0,0.0,1.3133333333333361,0.0,0.0,0.0,0.0,0.0,0.5,0.0,0.0,1.0,25.0
d0129_t001,real,real,early,Number,9.0,42.0,0.0,2.342222222222226,0.0,0.0,11.11111111111111,0.0,0.0,0.5,0.0,0.0,0.0,0.0
d0070_t007,real,real,early,Number,36.0,148.0,0.0,4.813333333333336,2.7777777777777777,0.0,0.0,0.0,5.555555555555555,0.0,0.0,2.7777777777777777,0.0,0.0
d0300_t001,real,real,early,Number,12.0,42.0,0.0,2.342222222222226,8.333333333333334,0.0,0.0,0.0,0.0,0.0,1.0,0.0,1.0,0.0
d0326_t001,real,real,early,Number,22.0,96.0,0.0,4.238333333333333,0.0,0.0,0.0,4.545454545454546,4.545454545454546,0.3333333333333333,0.0,0.0,0.0,9.090909090909092
d0170_t001,real,real,early,Number,7.0,28.0,0.0,0.6257142857142846,0.0,0.0,14.285714285714286,0.0,0.0,0.0,0.0,0.0,0.0,0.0
d0309_t002,real,real,early,Data and Statistics,1.0,3.0,0.0,-3.3999999999999986,0.0,0.0,0.0,0.0,0.0,0.0,0.0,0.0,1.0,0.0
d0045_t004,real,real,early,Number,1.0,2.0,0.0,8.400000000000002,0.0,0.0,0.0,0.0,0.0,0.0,0.0,0.0,1.0,0.0
d0314_t001,real,real,early,Data and Statistics,2.0,8.0,0.0,2.890000000000004,0.0,0.0,0.0,0.0,0.0,0.0,0.0,0.0,1.0,0.0
d0192_t003,real,real,early,Number,12.0,47.0,0.0,2.645454545454548,0.0,0.0,0.0,0.0,0.0,0.0,0.0,0.0,1.0,8.333333333333334
d0185_t003,real,real,early,Number,11.0,53.0,0.0,5.240000000000002,0.0,0.0,0.0,18.181818181818183,0.0,0.0,0.0,0.0,0.0,0.0
d0123_t005,real,real,early,Number,1.0,1.0,0.0,-3.3999999999999986,0.0,0.0,0.0,0.0,0.0,0.0,0.0,0.0,0.0,0.0
d0049_t001,real,real,early,Geometry and Measure,6.0,25.0,0.0,0.5199999999999996,0.0,0.0,0.0,0.0,0.0,1.0,0.0,0.0,1.0,0.0
d0331_t003,real,real,early,Number,25.0,110.0,0.0,8.25826086956522,0.0,4.0,4.0,0.0,0.0,0.0,0.0,8.0,0.0,4.0
d0333_t001,real,real,early,Number,8.0,31.0,0.0,-0.6699999999999982,0.0,0.0,0.0,0.0,0.0,0.0,0.0,0.0,1.0,12.5
d0221_t009,real,real,early,Algebra,1.0,2.0,0.0,-3.3999999999999986,0.0,0.0,0.0,0.0,0.0,0.0,0.0,0.0,1.0,0.0
d0079_t003,real,real,early,Number,1.0,3.0,0.0,-3.3999999999999986,0.0,0.0,0.0,0.0,0.0,0.0,0.0,0.0,1.0,0.0
d0025_t001,real,real,early,Geometry and Measure,24.0,111.0,0.0,8.544545454545453,0.0,0.0,0.0,0.0,4.166666666666667,0.0,0.0,4.166666666666667,0.0,0.0
d0360_t003,real,real,early,Number,6.0,32.0,0.0,5.240000000000002,0.0,0.0,0.0,0.0,0.0,1.0,0.0,16.666666666666668,1.0,0.0
d0072_t005,real,real,early,Number,1.0,14.0,0.0,43.8,0.0,0.0,0.0,0.0,0.0,1.0,0.0,0.0,0.0,100.0
d0047_t001,real,real,early,Geometry and Measure,9.0,31.0,0.0,2.4833333333333343,0.0,0.0,0.0,0.0,0.0,0.0,0.0,0.0,0.0,11.11111111111111
d0221_t005,real,real,early,Algebra,2.0,8.0,0.0,-3.01,0.0,0.0,0.0,0.0,0.0,0.0,0.0,0.0,1.0,0.0
d0235_t003,real,real,early,Algebra,4.0,13.0,0.0,-2.619999999999999,25.0,0.0,0.0,0.0,0.0,0.0,0.0,0.0,1.0,0.0
d0080_t009,real,real,early,Number,8.0,29.0,0.0,-0.6699999999999982,0.0,0.0,0.0,0.0,0.0,0.0,0.0,0.0,1.0,0.0
d0015_t005,real,real,early,Geometry and Measure,12.0,55.0,0.0,3.7181818181818187,0.0,0.0,0.0,8.333333333333334,0.0,0.0,0.0,8.333333333333334,0.0,0.0
d0248_t007,real,real,early,Number,5.0,17.0,0.0,-1.8399999999999999,0.0,0.0,0.0,20.0,0.0,0.0,0.0,0.0,0.0,0.0
d0161_t001,real,real,early,Number,1.0,2.0,0.0,-3.3999999999999986,0.0,0.0,0.0,0.0,0.0,0.0,0.0,0.0,0.0,0.0
d0347_t003,real,real,early,Number,1.0,2.0,0.0,8.400000000000002,0.0,0.0,0.0,0.0,0.0,0.0,0.0,0.0,1.0,0.0
d0105_t005,real,real,early,Geometry and Measure,10.0,45.0,0.0,0.11000000000000121,0.0,0.0,0.0,0.0,0.0,0.0,0.0,0.0,1.0,0.0
d0221_t007,real,real,early,Algebra,1.0,3.0,0.0,-3.3999999999999986,0.0,0.0,0.0,0.0,0.0,0.0,0.0,0.0,1.0,0.0
d0368_t000,real,real,early,Number,2.0,7.0,0.0,-3.01,0.0,0.0,0.0,0.0,0.0,0.0,0.0,0.0,1.0,0.0
d0162_t003,real,real,early,Number,9.0,31.0,0.0,-0.7392857142857139,11.11111111111111,0.0,0.0,0.0,0.0,0.0,0.0,0.0,0.0,0.0
d0247_t003,real,real,early,Number,5.0,15.0,0.0,-2.2299999999999986,0.0,0.0,0.0,0.0,0.0,0.0,0.0,0.0,1.0,0.0
d0246_t011,real,real,middle,Geometry and Measure,9.0,30.0,0.0,0.8049999999999997,0.0,0.0,0.0,0.0,0.0,0.0,1.0,0.0,1.0,11.11111111111111
d0201_t011,real,real,middle,Number,1.0,1.0,0.0,-3.3999999999999986,0.0,0.0,0.0,0.0,0.0,0.0,0.0,0.0,0.0,0.0
d0294_t013,real,real,middle,Number,6.0,23.0,0.0,-1.4499999999999993,0.0,0.0,0.0,0.0,0.0,0.0,0.0,0.0,0.0,0.0
d0227_t012,real,real,middle,Algebra,1.0,3.0,0.0,-3.3999999999999986,0.0,0.0,0.0,0.0,0.0,0.0,0.0,0.0,0.0,0.0
d0136_t015,real,real,middle,Number,1.0,4.0,0.0,-3.3999999999999986,0.0,0.0,0.0,0.0,0.0,0.0,0.0,0.0,1.0,0.0
d0333_t009,real,real,middle,Number,1.0,7.0,0.0,-3.3999999999999986,0.0,0.0,0.0,0.0,0.0,0.0,0.0,0.0,0.0,0.0
d0139_t005,real,real,middle,Number,3.0,12.0,0.0,1.3133333333333361,0.0,0.0,0.0,0.0,0.0,0.0,0.0,0.0,1.0,0.0
d0255_t031,real,real,middle,Geometry and Measure,2.0,7.0,0.0,8.400000000000002,0.0,0.0,0.0,0.0,0.0,0.0,0.0,50.0,0.0,0.0
d0324_t020,real,real,middle,Algebra,3.0,6.0,0.0,-2.619999999999999,0.0,0.0,0.0,0.0,0.0,0.0,0.0,0.0,1.0,0.0
d0086_t015,real,real,middle,Algebra,1.0,2.0,0.0,-3.3999999999999986,0.0,0.0,0.0,0.0,0.0,0.0,0.0,0.0,0.0,0.0
d0238_t009,real,real,middle,Geometry and Measure,2.0,9.0,0.0,-3.01,0.0,0.0,0.0,0.0,0.0,0.0,0.0,0.0,1.0,0.0
d0093_t011,real,real,middle,Geometry and Measure,5.0,15.0,0.0,-2.2299999999999986,0.0,0.0,0.0,20.0,0.0,0.0,0.0,0.0,1.0,0.0
d0195_t005,real,real,middle,Number,1.0,1.0,0.0,-3.3999999999999986,0.0,0.0,0.0,0.0,0.0,0.0,0.0,0.0,0.0,0.0
d0294_t015,real,real,middle,Number,1.0,2.0,0.0,-3.3999999999999986,0.0,0.0,0.0,0.0,0.0,0.0,0.0,0.0,0.0,0.0
d0223_t051,real,real,middle,Number,1.0,2.0,0.0,8.400000000000002,0.0,0.0,0.0,0.0,0.0,0.0,0.0,0.0,1.0,0.0
d0271_t005,real,real,middle,Number,1.0,1.0,0.0,-3.3999999999999986,0.0,0.0,0.0,0.0,0.0,0.0,0.0,0.0,0.0,0.0
d0203_t009,real,real,middle,Algebra,4.0,17.0,0.0,5.246666666666666,0.0,0.0,0.0,0.0,0.0,0.0,0.0,0.0,1.0,0.0
d0232_t007,real,real,middle,Data and Statistics,3.0,8.0,0.0,-3.01,0.0,0.0,0.0,0.0,0.0,0.0,0.0,33.333333333333336,0.0,0.0
d0374_t015,real,real,middle,Algebra,37.0,147.0,0.0,11.233333333333334,0.0,0.0,0.0,8.108108108108109,0.0,0.0,0.0,0.0,1.0,2.7027027027027026
d0316_t009,real,real,middle,Data and Statistics,1.0,3.0,0.0,-3.3999999999999986,0.0,0.0,0.0,0.0,0.0,0.0,0.0,0.0,0.0,0.0
d0005_t009,real,real,middle,Number,8.0,15.0,0.0,-0.6699999999999982,0.0,0.0,0.0,0.0,0.0,0.0,0.0,0.0,0.0,0.0
d0246_t007,real,real,middle,Geometry and Measure,7.0,26.0,0.0,0.5166666666666693,0.0,0.0,0.0,0.0,14.285714285714286,0.0,1.0,0.0,1.0,14.285714285714286
d0280_t009,real,real,middle,Number,8.0,40.0,0.0,2.280000000000001,0.0,0.0,0.0,12.5,0.0,0.0,0.0,0.0,1.0,12.5
d0176_t009,real,real,middle,Number,1.0,2.0,0.0,-3.3999999999999986,0.0,0.0,0.0,0.0,0.0,0.0,0.0,0.0,1.0,0.0
d0140_t011,real,real,middle,Number,1.0,2.0,0.0,-3.3999999999999986,0.0,0.0,0.0,0.0,0.0,0.0,0.0,0.0,0.0,0.0
d0236_t009,real,real,middle,Data and Statistics,2.0,3.0,0.0,-3.3999999999999986,0.0,0.0,0.0,0.0,0.0,0.0,1.0,0.0,0.0,0.0
d0296_t023,real,real,middle,Number,1.0,4.0,0.0,-3.3999999999999986,0.0,0.0,0.0,0.0,0.0,0.0,0.0,0.0,1.0,0.0
d0183_t013,real,real,middle,Number,1.0,2.0,0.0,-3.3999999999999986,0.0,0.0,0.0,0.0,0.0,0.0,0.0,0.0,0.0,0.0
d0250_t007,real,real,middle,Number,4.0,14.0,0.0,-2.619999999999999,25.0,0.0,0.0,0.0,0.0,0.0,0.0,0.0,0.0,0.0
d0341_t016,real,real,middle,Number,1.0,3.0,0.0,-3.3999999999999986,0.0,0.0,0.0,0.0,0.0,0.0,0.0,0.0,1.0,0.0
d0369_t009,real,real,middle,Data and Statistics,2.0,3.0,0.0,-3.3999999999999986,0.0,0.0,0.0,0.0,0.0,0.0,1.0,0.0,0.0,0.0
d0293_t015,real,real,middle,Number,7.0,33.0,0.0,0.6257142857142846,0.0,0.0,0.0,14.285714285714286,0.0,0.0,0.0,0.0,0.0,14.285714285714286
d0230_t011,real,real,middle,Data and Statistics,1.0,2.0,0.0,-3.3999999999999986,0.0,0.0,0.0,0.0,0.0,0.0,0.0,0.0,0.0,0.0
d0221_t015,real,real,middle,Algebra,7.0,27.0,0.0,0.5166666666666693,0.0,0.0,0.0,14.285714285714286,0.0,0.0,0.0,0.0,1.0,0.0
d0041_t015,real,real,middle,Data and Statistics,2.0,6.0,0.0,-3.01,0.0,0.0,0.0,0.0,0.0,0.0,0.0,0.0,1.0,0.0
d0112_t005,real,real,middle,Number,8.0,16.0,0.0,-2.2299999999999986,0.0,0.0,0.0,0.0,0.0,0.0,0.0,0.0,0.0,0.0
d0078_t006,real,real,middle,Number,6.0,26.0,0.0,0.5199999999999996,0.0,0.0,0.0,16.666666666666668,0.0,0.0,0.0,0.0,1.0,0.0
d0203_t011,real,real,middle,Algebra,1.0,2.0,0.0,8.400000000000002,0.0,0.0,0.0,0.0,0.0,0.0,0.0,0.0,1.0,0.0
d0137_t011,real,real,middle,Number,1.0,1.0,0.0,-3.3999999999999986,0.0,0.0,0.0,0.0,0.0,0.0,0.0,0.0,0.0,0.0
d0021_t013,real,real,middle,Number,1.0,3.0,0.0,-3.3999999999999986,100.0,100.0,0.0,0.0,0.0,0.0,0.0,0.0,1.0,100.0
d0272_t019,real,real,middle,Number,2.0,5.0,0.0,-3.01,0.0,50.0,0.0,0.0,0.0,0.0,0.0,0.0,0.0,0.0
d0277_t011,real,real,middle,Number,1.0,3.0,0.0,-3.3999999999999986,0.0,0.0,0.0,0.0,0.0,0.0,0.0,0.0,0.0,0.0
d0210_t011,real,real,middle,Algebra,5.0,17.0,0.0,0.7199999999999989,0.0,0.0,0.0,20.0,0.0,0.0,1.0,0.0,1.0,0.0
d0346_t013,real,real,middle,Number,2.0,6.0,0.0,-3.01,0.0,50.0,0.0,0.0,0.0,0.0,0.0,0.0,0.0,0.0
d0068_t015,real,real,middle,Number,10.0,28.0,0.0,-1.4499999999999993,0.0,0.0,0.0,0.0,0.0,0.0,0.0,0.0,1.0,30.0
d0023_t009,real,real,middle,Number,6.0,14.0,0.0,-2.2299999999999986,0.0,0.0,0.0,0.0,0.0,0.0,1.0,0.0,1.0,0.0
d0263_t009,real,real,middle,Number,7.0,32.0,0.0,4.450000000000003,0.0,0.0,0.0,14.285714285714286,0.0,0.0,1.0,0.0,1.0,0.0
d0048_t013,real,real,middle,Geometry and Measure,5.0,26.0,0.0,6.620000000000001,0.0,0.0,0.0,20.0,0.0,0.0,1.0,0.0,0.0,20.0
d0284_t023,real,real,middle,Number,13.0,54.0,0.0,2.6459090909090897,0.0,7.6923076923076925,0.0,7.6923076923076925,7.6923076923076925,0.0,0.0,0.0,1.0,0.0
d0047_t011,real,real,middle,Geometry and Measure,8.0,33.0,0.0,0.6257142857142846,0.0,25.0,0.0,0.0,0.0,0.0,0.0,0.0,0.0,0.0
d0150_t011,real,real,middle,Number,1.0,1.0,0.0,-3.3999999999999986,0.0,0.0,0.0,0.0,0.0,0.0,0.0,0.0,0.0,0.0
d0039_t028,real,real,middle,Algebra,6.0,19.0,0.0,0.5199999999999996,0.0,0.0,0.0,0.0,0.0,0.0,0.0,0.0,0.0,0.0
d0270_t013,real,real,middle,Number,1.0,1.0,0.0,-3.3999999999999986,0.0,0.0,0.0,0.0,0.0,0.0,0.0,0.0,0.0,0.0
d0264_t007,real,real,middle,Number,5.0,23.0,0.0,0.5199999999999996,0.0,0.0,0.0,0.0,0.0,0.0,0.0,0.0,0.0,0.0
d0272_t027,real,real,middle,Number,4.0,17.0,0.0,-2.2299999999999986,0.0,0.0,0.0,0.0,25.0,0.0,0.0,0.0,0.0,0.0
d0340_t009,real,real,middle,Number,2.0,8.0,0.0,-3.01,50.0,0.0,0.0,0.0,0.0,0.0,0.0,0.0,1.0,0.0
d0348_t014,real,real,middle,Number,7.0,14.0,0.0,-2.619999999999999,14.285714285714286,0.0,0.0,0.0,0.0,0.0,1.0,0.0,1.0,0.0
d0378_t005,real,real,middle,Algebra,1.0,4.0,0.0,8.400000000000002,0.0,0.0,0.0,0.0,0.0,0.0,0.0,0.0,0.0,0.0
d0143_t012,real,real,middle,Number,4.0,8.0,0.0,-2.619999999999999,0.0,0.0,0.0,25.0,0.0,0.0,1.0,0.0,1.0,0.0
d0305_t010,real,real,middle,Number,4.0,18.0,0.0,5.246666666666666,0.0,0.0,0.0,0.0,0.0,0.0,1.0,0.0,1.0,0.0
d0192_t015,real,real,middle,Number,1.0,2.0,0.0,-3.3999999999999986,0.0,0.0,0.0,0.0,0.0,0.0,0.0,0.0,0.0,0.0
d0122_t012,real,real,middle,Number,3.0,13.0,0.0,2.890000000000004,0.0,0.0,0.0,0.0,0.0,0.0,1.0,0.0,0.0,0.0
d0360_t011,real,real,middle,Number,1.0,2.0,0.0,-3.3999999999999986,0.0,0.0,0.0,0.0,0.0,0.0,0.0,0.0,0.0,0.0
d0168_t012,real,real,middle,Number,8.0,39.0,0.0,3.7550000000000026,0.0,0.0,0.0,0.0,0.0,0.0,0.0,0.0,0.0,12.5
d0095_t011,real,real,middle,Number,5.0,19.0,0.0,-2.2299999999999986,0.0,0.0,0.0,20.0,0.0,0.0,1.0,0.0,0.0,0.0
d0174_t007,real,real,middle,Number,8.0,28.0,0.0,-1.0599999999999987,0.0,0.0,0.0,0.0,12.5,0.0,1.0,0.0,0.0,0.0
d0279_t009,real,real,middle,Number,2.0,7.0,0.0,-3.01,0.0,0.0,0.0,0.0,0.0,0.0,0.0,0.0,1.0,0.0
d0018_t009,real,real,middle,Number,13.0,54.0,0.0,0.5004545454545486,0.0,0.0,0.0,0.0,7.6923076923076925,0.0,1.0,0.0,1.0,0.0
d0076_t007,real,real,middle,Number,6.0,16.0,0.0,-2.2299999999999986,0.0,0.0,0.0,0.0,0.0,0.0,0.0,0.0,1.0,16.666666666666668
d0364_t005,real,real,middle,Data and Statistics,2.0,16.0,0.0,-3.01,0.0,0.0,0.0,0.0,0.0,0.0,0.0,0.0,0.0,0.0
d0360_t007,real,real,middle,Number,1.0,3.0,0.0,-3.3999999999999986,0.0,0.0,0.0,0.0,0.0,0.0,0.0,0.0,0.0,0.0
d0248_t029,real,real,middle,Number,1.0,3.0,0.0,-3.3999999999999986,0.0,0.0,0.0,0.0,0.0,0.0,0.0,0.0,0.0,0.0
d0105_t011,real,real,middle,Geometry and Measure,1.0,2.0,0.0,-3.3999999999999986,0.0,0.0,0.0,0.0,0.0,0.0,0.0,0.0,0.0,0.0
d0293_t009,real,real,middle,Number,9.0,32.0,0.0,1.0311111111111124,0.0,11.11111111111111,0.0,0.0,0.0,0.0,0.0,0.0,0.0,0.0
d0123_t007,real,real,middle,Number,1.0,1.0,0.0,-3.3999999999999986,0.0,0.0,0.0,0.0,0.0,0.0,0.0,0.0,1.0,0.0
d0100_t021,real,real,middle,Number,6.0,30.0,0.0,0.5166666666666693,0.0,0.0,0.0,0.0,0.0,0.0,0.0,0.0,0.0,0.0
d0296_t013,real,real,middle,Number,5.0,13.0,0.0,0.7199999999999989,20.0,0.0,0.0,0.0,0.0,0.0,0.0,0.0,1.0,0.0
d0198_t007,real,real,middle,Number,4.0,12.0,0.0,-2.619999999999999,0.0,0.0,0.0,0.0,0.0,0.0,0.0,0.0,1.0,0.0
d0292_t011,real,real,middle,Data and Statistics,8.0,32.0,0.0,-1.0599999999999987,0.0,0.0,12.5,0.0,12.5,0.0,0.0,0.0,0.0,0.0
d0166_t013,real,real,middle,Number,4.0,12.0,0.0,-2.619999999999999,25.0,0.0,0.0,0.0,0.0,0.0,0.0,25.0,0.0,0.0
d0193_t013,real,real,middle,Number,1.0,2.0,0.0,-3.3999999999999986,0.0,100.0,0.0,0.0,0.0,0.0,0.0,0.0,1.0,0.0
d0279_t011,real,real,middle,Number,2.0,7.0,0.0,2.890000000000004,0.0,0.0,0.0,0.0,0.0,0.0,0.0,0.0,1.0,50.0
d0104_t009,real,real,middle,Geometry and Measure,1.0,2.0,0.0,-3.3999999999999986,0.0,0.0,0.0,0.0,0.0,0.0,0.0,0.0,0.0,0.0
d0007_t007,real,real,middle,Number,2.0,6.0,0.0,-3.01,0.0,0.0,0.0,0.0,0.0,0.0,0.0,0.0,0.0,50.0
d0010_t017,real,real,middle,Algebra,5.0,15.0,0.0,-1.8399999999999999,0.0,0.0,20.0,0.0,0.0,0.0,0.0,0.0,1.0,0.0
d0022_t013,real,real,middle,Number,2.0,8.0,0.0,-3.01,0.0,50.0,0.0,0.0,0.0,0.0,0.0,0.0,1.0,0.0
d0191_t006,real,real,middle,Number,5.0,14.0,0.0,-2.2299999999999986,0.0,0.0,0.0,20.0,0.0,0.0,0.0,0.0,0.0,0.0
d0042_t009,real,real,middle,Data and Statistics,7.0,16.0,0.0,-2.2299999999999986,0.0,0.0,0.0,0.0,14.285714285714286,0.0,0.0,0.0,1.0,0.0
d0166_t015,real,real,middle,Number,2.0,4.0,0.0,-3.3999999999999986,0.0,0.0,0.0,0.0,0.0,0.0,1.0,0.0,0.0,0.0
d0018_t007,real,real,middle,Number,1.0,2.0,0.0,-3.3999999999999986,0.0,0.0,0.0,0.0,0.0,0.0,0.0,0.0,0.0,0.0
d0312_t009,real,real,middle,Algebra,9.0,31.0,0.0,-0.27999999999999936,11.11111111111111,11.11111111111111,0.0,22.22222222222222,0.0,0.0,0.0,0.0,1.0,11.11111111111111
d0117_t019,real,real,middle,Number,5.0,19.0,0.0,3.6700000000000017,0.0,0.0,0.0,0.0,0.0,0.0,0.0,0.0,1.0,0.0
d0112_t007,real,real,middle,Number,1.0,2.0,0.0,-3.3999999999999986,0.0,0.0,0.0,0.0,0.0,0.0,0.0,0.0,1.0,0.0
d0181_t013,real,real,middle,Number,3.0,11.0,0.0,-2.619999999999999,33.333333333333336,0.0,0.0,0.0,0.0,0.0,0.0,0.0,0.0,0.0
d0196_t011,real,real,middle,Number,1.0,2.0,0.0,-3.3999999999999986,0.0,0.0,0.0,0.0,0.0,0.0,0.0,0.0,0.0,0.0
d0348_t012,real,real,middle,Number,1.0,4.0,0.0,-3.3999999999999986,0.0,0.0,0.0,0.0,0.0,0.0,0.0,0.0,0.0,0.0
d0039_t022,real,real,middle,Algebra,6.0,23.0,0.0,-1.4499999999999993,0.0,0.0,0.0,16.666666666666668,0.0,0.0,0.0,0.0,0.0,0.0
d0125_t015,real,real,middle,Number,1.0,5.0,0.0,-3.3999999999999986,0.0,0.0,0.0,0.0,0.0,0.0,0.0,0.0,0.0,0.0
d0374_t013,real,real,middle,Algebra,16.0,61.0,0.0,5.206666666666667,0.0,0.0,0.0,6.25,0.0,0.0,0.0,0.0,1.0,6.25
d0313_t012,real,real,middle,Number,1.0,4.0,0.0,-3.3999999999999986,0.0,100.0,0.0,0.0,0.0,0.0,0.0,0.0,0.0,0.0
d0164_t013,real,real,late,Number,1.0,5.0,0.0,-3.3999999999999986,0.0,0.0,0.0,0.0,0.0,0.0,0.0,0.0,0.0,0.0
d0030_t017,real,real,late,Geometry and Measure,5.0,16.0,0.0,1.3133333333333361,0.0,0.0,0.0,0.0,0.0,0.0,0.0,0.0,1.0,0.0
d0149_t053,real,real,late,Number,2.0,4.0,0.0,-3.01,0.0,0.0,0.0,0.0,0.0,0.0,0.0,0.0,1.0,50.0
d0317_t015,real,real,late,Data and Statistics,3.0,5.0,0.0,-3.01,0.0,0.0,0.0,33.333333333333336,0.0,0.0,1.0,0.0,1.0,0.0
d0206_t019,real,real,late,Algebra,11.0,42.0,0.0,-0.6599999999999966,0.0,0.0,0.0,0.0,0.0,0.0,0.0,0.0,1.0,0.0
d0077_t029,real,real,late,Number,1.0,1.0,0.0,-3.3999999999999986,0.0,0.0,0.0,0.0,0.0,0.0,0.0,0.0,0.0,0.0
d0137_t017,real,real,late,Number,4.0,17.0,0.0,-2.2299999999999986,0.0,0.0,0.0,0.0,0.0,0.0,0.0,0.0,0.0,0.0
d0174_t015,real,real,late,Number,8.0,23.0,0.0,0.7199999999999989,0.0,0.0,0.0,0.0,0.0,0.0,0.0,0.0,0.0,12.5
d0182_t013,real,real,late,Number,2.0,9.0,0.0,2.890000000000004,0.0,0.0,0.0,0.0,0.0,0.0,0.0,0.0,0.0,0.0
d0028_t015,real,real,late,Number,1.0,5.0,0.0,-3.3999999999999986,0.0,0.0,0.0,0.0,0.0,0.0,0.0,0.0,0.0,0.0
d0042_t023,real,real,late,Data and Statistics,11.0,36.0,0.0,-2.0349999999999984,0.0,0.0,0.0,9.090909090909092,0.0,0.0,1.0,0.0,0.0,9.090909090909092
d0330_t023,real,real,late,Number,2.0,9.0,0.0,-3.01,0.0,0.0,0.0,0.0,0.0,0.0,0.0,0.0,0.0,0.0
d0127_t009,real,real,late,Number,4.0,13.0,0.0,-2.619999999999999,0.0,0.0,0.0,0.0,0.0,0.0,0.0,0.0,1.0,0.0
d0070_t033,real,real,late,Number,1.0,2.0,0.0,-3.3999999999999986,0.0,0.0,0.0,0.0,0.0,0.0,0.0,0.0,0.0,0.0
d0098_t019,real,real,late,Geometry and Measure,6.0,33.0,0.0,-1.8399999999999999,0.0,0.0,0.0,0.0,0.0,0.0,0.0,0.0,0.0,33.333333333333336
d0039_t048,real,real,late,Algebra,4.0,16.0,0.0,-2.619999999999999,0.0,0.0,0.0,0.0,0.0,0.0,0.0,0.0,0.0,25.0
d0286_t015,real,real,late,Number,2.0,9.0,0.0,-3.01,0.0,0.0,0.0,0.0,0.0,0.0,0.0,0.0,1.0,0.0
d0030_t013,real,real,late,Geometry and Measure,1.0,3.0,0.0,-3.3999999999999986,100.0,100.0,0.0,0.0,0.0,0.0,0.0,0.0,1.0,100.0
d0088_t027,real,real,late,Algebra,1.0,3.0,0.0,-3.3999999999999986,0.0,0.0,0.0,0.0,0.0,0.0,0.0,0.0,1.0,0.0
d0363_t015,real,real,late,Geometry and Measure,8.0,38.0,0.0,0.946428571428573,0.0,0.0,0.0,12.5,0.0,0.0,0.0,0.0,1.0,0.0
d0346_t021,real,real,late,Number,4.0,14.0,0.0,-2.619999999999999,0.0,0.0,0.0,0.0,0.0,0.0,0.0,0.0,0.0,0.0
d0215_t019,real,real,late,Algebra,2.0,10.0,0.0,-3.01,0.0,0.0,0.0,0.0,0.0,0.0,0.0,0.0,0.0,0.0
d0172_t033,real,real,late,Number,1.0,3.0,0.0,-3.3999999999999986,0.0,0.0,0.0,0.0,0.0,0.0,0.0,0.0,0.0,100.0
d0367_t029,real,real,late,Number,8.0,22.0,0.0,-1.8399999999999999,0.0,0.0,0.0,0.0,0.0,0.0,0.0,0.0,1.0,12.5
d0315_t015,real,real,late,Data and Statistics,7.0,37.0,0.0,5.682857142857145,0.0,0.0,0.0,14.285714285714286,0.0,0.0,0.0,0.0,1.0,0.0
d0009_t023,real,real,late,Number,1.0,2.0,0.0,-3.3999999999999986,0.0,0.0,0.0,0.0,0.0,0.0,0.0,0.0,0.0,0.0
d0298_t023,real,real,late,Number,2.0,6.0,0.0,-3.01,0.0,0.0,0.0,0.0,0.0,0.0,0.0,0.0,0.0,0.0
d0122_t022,real,real,late,Number,1.0,4.0,0.0,-3.3999999999999986,0.0,0.0,0.0,0.0,0.0,0.0,0.0,0.0,0.0,0.0
d0361_t019,real,real,late,Number,5.0,15.0,0.0,-2.2299999999999986,0.0,0.0,0.0,20.0,0.0,0.0,0.0,0.0,1.0,0.0
d0121_t021,real,real,late,Number,1.0,4.0,0.0,-3.3999999999999986,0.0,0.0,0.0,0.0,0.0,0.0,0.0,0.0,1.0,100.0
d0276_t022,real,real,late,Number,3.0,7.0,0.0,-2.619999999999999,0.0,0.0,0.0,33.333333333333336,0.0,0.0,0.0,0.0,1.0,0.0
d0194_t019,real,real,late,Number,5.0,14.0,0.0,-2.2299999999999986,0.0,0.0,0.0,0.0,0.0,0.0,0.0,0.0,0.0,0.0
d0374_t021,real,real,late,Algebra,7.0,28.0,0.0,0.5199999999999996,0.0,0.0,0.0,0.0,14.285714285714286,0.0,0.0,0.0,1.0,0.0
d0169_t017,real,real,late,Number,9.0,21.0,0.0,0.5199999999999996,0.0,0.0,22.22222222222222,0.0,0.0,0.0,0.0,0.0,1.0,0.0
d0295_t017,real,real,late,Number,13.0,17.0,0.0,-3.3999999999999986,0.0,0.0,0.0,0.0,0.0,0.0,0.0,0.0,0.0,0.0
d0242_t013,real,real,late,Data and Statistics,1.0,3.0,0.0,-3.3999999999999986,0.0,0.0,0.0,0.0,0.0,0.0,0.0,0.0,1.0,0.0
d0215_t017,real,real,late,Algebra,1.0,1.0,0.0,-3.3999999999999986,0.0,0.0,0.0,0.0,0.0,0.0,0.0,0.0,0.0,0.0
d0004_t015,real,real,late,Number,8.0,24.0,0.0,-2.424999999999999,0.0,0.0,0.0,12.5,0.0,0.0,0.0,0.0,0.0,0.0
d0278_t038,real,real,late,Number,1.0,1.0,0.0,-3.3999999999999986,0.0,0.0,0.0,0.0,0.0,0.0,0.0,0.0,0.0,0.0
d0002_t021,real,real,late,Algebra,2.0,9.0,0.0,-3.3999999999999986,0.0,0.0,0.0,0.0,0.0,0.0,0.0,0.0,0.0,0.0
d0371_t018,real,real,late,Algebra,9.0,39.0,0.0,-0.27999999999999936,0.0,0.0,0.0,11.11111111111111,22.22222222222222,0.0,0.0,0.0,1.0,0.0
d0161_t023,real,real,late,Number,1.0,3.0,0.0,-3.3999999999999986,0.0,0.0,0.0,0.0,0.0,0.0,0.0,0.0,0.0,0.0
d0131_t034,real,real,late,Number,8.0,21.0,0.0,0.5199999999999996,0.0,0.0,0.0,0.0,0.0,0.0,0.0,0.0,1.0,0.0
d0348_t020,real,real,late,Number,1.0,2.0,0.0,0.0,0.0,0.0,0.0,0.0,0.0,0.0,0.0,0.0,0.0,0.0
d0201_t013,real,real,late,Number,1.0,3.0,0.0,-3.3999999999999986,0.0,0.0,0.0,0.0,0.0,0.0,0.0,0.0,0.0,0.0
d0278_t048,real,real,late,Number,1.0,4.0,0.0,-3.3999999999999986,0.0,0.0,0.0,0.0,0.0,0.0,0.0,0.0,1.0,100.0
d0277_t023,real,real,late,Number,1.0,5.0,0.0,-3.3999999999999986,0.0,0.0,0.0,0.0,0.0,0.0,0.0,0.0,0.0,0.0
d0147_t015,real,real,late,Number,1.0,6.0,0.0,-3.3999999999999986,0.0,0.0,0.0,0.0,0.0,0.0,0.0,0.0,1.0,0.0
d0237_t031,real,real,late,Geometry and Measure,5.0,16.0,0.0,-1.8399999999999999,0.0,0.0,0.0,20.0,0.0,0.0,0.0,0.0,1.0,20.0
d0170_t013,real,real,late,Number,1.0,3.0,0.0,-3.3999999999999986,0.0,0.0,0.0,0.0,0.0,0.0,0.0,0.0,1.0,0.0
d0000_t015,real,real,late,Algebra,1.0,1.0,0.0,-3.3999999999999986,0.0,0.0,0.0,0.0,0.0,0.0,0.0,0.0,1.0,0.0
d0278_t042,real,real,late,Number,4.0,7.0,0.0,-3.01,0.0,25.0,0.0,0.0,0.0,0.0,1.0,0.0,0.0,0.0
d0200_t023,real,real,late,Number,5.0,23.0,0.0,0.5199999999999996,0.0,0.0,0.0,20.0,0.0,0.0,0.0,0.0,0.0,0.0
d0357_t013,real,real,late,Number,7.0,23.0,0.0,-1.0599999999999987,0.0,0.0,0.0,0.0,0.0,0.0,0.0,0.0,1.0,14.285714285714286
d0042_t019,real,real,late,Data and Statistics,3.0,12.0,0.0,8.790000000000003,0.0,0.0,0.0,0.0,0.0,0.0,1.0,0.0,1.0,0.0
d0222_t019,real,real,late,Algebra,27.0,113.0,0.0,2.280000000000001,0.0,0.0,0.0,7.407407407407407,0.0,0.0,1.0,0.0,1.0,0.0
d0354_t020,real,real,late,Number,9.0,31.0,0.0,-0.6699999999999982,0.0,0.0,0.0,0.0,0.0,0.0,0.0,0.0,0.0,11.11111111111111
d0238_t021,real,real,late,Geometry and Measure,7.0,23.0,0.0,0.7199999999999989,0.0,0.0,0.0,0.0,0.0,0.0,0.0,0.0,1.0,14.285714285714286
d0091_t014,real,real,late,Geometry and Measure,6.0,24.0,0.0,-1.8399999999999999,0.0,0.0,0.0,0.0,0.0,0.0,0.0,0.0,1.0,0.0
d0020_t013,real,real,late,Number,4.0,10.0,0.0,-2.2299999999999986,0.0,0.0,0.0,25.0,0.0,0.0,0.0,0.0,1.0,0.0
d0110_t017,real,real,late,Number,12.0,51.0,0.0,2.6459090909090897,0.0,0.0,0.0,8.333333333333334,0.0,0.0,0.0,0.0,0.0,0.0
d0093_t015,real,real,late,Geometry and Measure,6.0,16.0,0.0,-1.8399999999999999,0.0,0.0,0.0,16.666666666666668,0.0,0.0,1.0,0.0,1.0,0.0
d0124_t013,real,real,late,Number,1.0,3.0,0.0,-3.3999999999999986,0.0,0.0,0.0,0.0,0.0,0.0,0.0,0.0,1.0,0.0
d0315_t013,real,real,late,Data and Statistics,1.0,2.0,0.0,8.400000000000002,0.0,0.0,0.0,0.0,0.0,0.0,0.0,0.0,1.0,0.0
d0009_t025,real,real,late,Number,1.0,2.0,0.0,8.400000000000002,0.0,0.0,0.0,0.0,0.0,0.0,0.0,0.0,1.0,0.0
d0153_t019,real,real,late,Number,4.0,11.0,0.0,-2.619999999999999,25.0,0.0,0.0,0.0,0.0,0.0,1.0,0.0,0.0,0.0
d0331_t033,real,real,late,Number,19.0,64.0,0.0,2.187692307692309,0.0,5.2631578947368425,5.2631578947368425,0.0,0.0,0.0,0.0,5.2631578947368425,0.0,5.2631578947368425
d0116_t012,real,real,late,Number,5.0,18.0,0.0,0.5199999999999996,0.0,0.0,0.0,20.0,0.0,0.0,0.0,0.0,0.0,0.0
d0136_t021,real,real,late,Number,2.0,4.0,0.0,-3.3999999999999986,0.0,0.0,0.0,0.0,0.0,0.0,1.0,0.0,0.0,0.0
d0372_t013,real,real,late,Algebra,7.0,24.0,0.0,-1.0599999999999987,0.0,0.0,0.0,0.0,0.0,0.0,0.0,0.0,1.0,0.0
d0001_t020,real,real,late,Algebra,5.0,20.0,0.0,-1.8399999999999999,0.0,20.0,0.0,0.0,20.0,0.0,0.0,0.0,1.0,0.0
d0267_t017,real,real,late,Number,2.0,9.0,0.0,-3.01,0.0,0.0,0.0,0.0,0.0,0.0,0.0,0.0,1.0,0.0
d0278_t050,real,real,late,Number,8.0,33.0,0.0,-1.0599999999999987,0.0,0.0,0.0,12.5,0.0,0.0,0.0,0.0,0.0,12.5
d0295_t019,real,real,late,Number,1.0,4.0,0.0,-3.3999999999999986,0.0,0.0,0.0,0.0,0.0,0.0,0.0,0.0,0.0,0.0
d0086_t019,real,real,late,Algebra,7.0,27.0,0.0,2.4833333333333343,0.0,0.0,0.0,0.0,0.0,0.0,0.0,0.0,1.0,28.571428571428573
d0055_t017,real,real,late,Geometry and Measure,4.0,12.0,0.0,2.890000000000004,0.0,0.0,0.0,0.0,0.0,0.0,0.0,0.0,0.0,0.0
d0210_t019,real,real,late,Algebra,1.0,1.0,0.0,0.0,0.0,0.0,0.0,0.0,0.0,0.0,0.0,0.0,0.0,0.0
d0289_t013,real,real,late,Algebra,3.0,13.0,0.0,-2.619999999999999,0.0,0.0,0.0,0.0,0.0,0.0,0.0,0.0,0.0,0.0
d0077_t027,real,real,late,Number,1.0,2.0,0.0,8.400000000000002,0.0,0.0,0.0,0.0,0.0,0.0,0.0,0.0,0.0,0.0
d0217_t012,real,real,late,Algebra,1.0,3.0,0.0,-3.3999999999999986,0.0,0.0,0.0,0.0,0.0,0.0,0.0,0.0,0.0,0.0
d0291_t013,real,real,late,Number,1.0,1.0,0.0,-3.3999999999999986,0.0,0.0,0.0,0.0,0.0,0.0,0.0,0.0,1.0,0.0
d0060_t013,real,real,late,Number,4.0,15.0,0.0,3.6700000000000017,0.0,0.0,0.0,0.0,0.0,0.0,0.0,0.0,1.0,0.0
d0240_t019,real,real,late,Data and Statistics,10.0,34.0,0.0,2.280000000000001,0.0,0.0,0.0,0.0,0.0,0.0,0.0,0.0,0.0,10.0
d0258_t013,real,real,late,Data and Statistics,2.0,4.0,0.0,-3.3999999999999986,0.0,0.0,0.0,0.0,0.0,0.0,0.0,0.0,0.0,0.0
d0130_t017,real,real,late,Number,14.0,49.0,0.0,3.7181818181818187,14.285714285714286,0.0,0.0,7.142857142857143,0.0,0.0,0.0,0.0,0.0,0.0
d0117_t031,real,real,late,Number,3.0,11.0,0.0,-2.619999999999999,0.0,0.0,0.0,33.333333333333336,0.0,0.0,0.0,0.0,1.0,0.0
d0259_t024,real,real,late,Data and Statistics,5.0,13.0,0.0,-2.2299999999999986,0.0,0.0,0.0,0.0,0.0,0.0,0.0,0.0,0.0,0.0
d0037_t026,real,real,late,Data and Statistics,7.0,32.0,0.0,0.6257142857142846,0.0,0.0,0.0,14.285714285714286,0.0,0.0,0.0,0.0,0.0,0.0
d0372_t017,real,real,late,Algebra,3.0,11.0,0.0,-3.01,0.0,0.0,0.0,0.0,0.0,0.0,0.0,0.0,1.0,0.0
d0379_t036,real,real,late,Algebra,4.0,13.0,0.0,-2.619999999999999,0.0,0.0,0.0,25.0,0.0,0.0,1.0,0.0,0.0,0.0
d0344_t019,real,real,late,Algebra,2.0,9.0,0.0,-3.01,0.0,0.0,0.0,0.0,0.0,0.0,0.0,0.0,0.0,0.0
d0027_t017,real,real,late,Geometry and Measure,3.0,15.0,0.0,1.3133333333333361,0.0,0.0,0.0,0.0,0.0,0.0,0.0,0.0,1.0,0.0
d0023_t019,real,real,late,Number,14.0,53.0,0.0,0.5166666666666693,0.0,7.142857142857143,0.0,7.142857142857143,0.0,0.5,0.0,0.0,1.0,7.142857142857143
d0162_t023,real,real,late,Number,5.0,22.0,0.0,0.5199999999999996,0.0,0.0,0.0,20.0,0.0,0.0,0.0,0.0,1.0,0.0
d0223_t095,real,real,late,Number,3.0,10.0,0.0,-2.619999999999999,33.333333333333336,0.0,0.0,0.0,0.0,0.0,0.0,0.0,1.0,0.0
d0279_t015,real,real,late,Number,2.0,7.0,0.0,-3.01,0.0,0.0,0.0,0.0,0.0,0.0,0.0,0.0,1.0,50.0
d0290_t012,real,real,late,Algebra,7.0,16.0,0.0,-1.0599999999999987,0.0,0.0,0.0,14.285714285714286,0.0,0.0,0.0,0.0,1.0,0.0
d0243_t014,real,real,late,Data and Statistics,1.0,2.0,0.0,-3.3999999999999986,0.0,0.0,0.0,0.0,0.0,0.0,0.0,0.0,1.0,0.0
d0093_t017,real,real,late,Geometry and Measure,1.0,2.0,0.0,8.400000000000002,0.0,0.0,0.0,0.0,0.0,0.0,0.0,0.0,1.0,0.0
d0054_t021,real,real,late,Geometry and Measure,4.0,19.0,0.0,-2.2299999999999986,0.0,0.0,0.0,0.0,0.0,0.0,0.0,0.0,1.0,0.0
d0360_t001,baseline,baseline_zs_gpt41,early,Number,12.0,34.0,0.0,-2.424999999999999,0.0,0.0,0.0,8.333333333333334,0.0,0.0,1.0,8.333333333333334,0.0,0.0
d0094_t005,baseline,baseline_zs_gpt41,early,Number,12.0,48.0,0.0,2.342222222222226,8.333333333333334,0.0,0.0,0.0,0.0,0.0,1.0,8.333333333333334,1.0,0.0
d0239_t002,baseline,baseline_zs_gpt41,early,Geometry and Measure,23.0,93.0,0.0,2.4700000000000024,0.0,0.0,0.0,17.391304347826086,0.0,0.0,1.0,0.0,0.0,0.0
d0065_t001,baseline,baseline_zs_gpt41,early,Number,45.0,220.0,0.0,7.028717948717951,0.0,0.0,0.0,4.444444444444445,0.0,0.2857142857142857,1.0,0.0,0.0,0.0
d0007_t003,baseline,baseline_zs_gpt41,early,Number,18.0,96.0,0.0,7.698823529411765,0.0,0.0,0.0,0.0,0.0,0.0,0.0,0.0,0.0,11.11111111111111
d0270_t001,baseline,baseline_zs_gpt41,early,Number,2.0,3.0,0.0,-3.3999999999999986,0.0,0.0,0.0,0.0,0.0,0.0,0.0,0.0,0.0,0.0
d0054_t005,baseline,baseline_zs_gpt41,early,Geometry and Measure,23.0,84.0,0.0,-0.7944444444444443,4.3478260869565215,4.3478260869565215,0.0,4.3478260869565215,0.0,0.0,1.0,0.0,1.0,0.0
d0165_t001,baseline,baseline_zs_gpt41,early,Number,44.0,160.0,0.0,1.1737500000000018,2.272727272727273,0.0,0.0,0.0,0.0,0.0,1.0,0.0,0.0,0.0
d0301_t000,baseline,baseline_zs_gpt41,early,Algebra,45.0,170.0,0.0,3.120000000000001,4.444444444444445,0.0,0.0,4.444444444444445,0.0,0.25,1.0,2.2222222222222223,0.0,0.0
d0160_t001,baseline,baseline_zs_gpt41,early,Number,42.0,158.0,0.0,0.7550806451612928,2.380952380952381,0.0,0.0,0.0,0.0,0.0,1.0,0.0,0.0,0.0
d0068_t003,baseline,baseline_zs_gpt41,early,Number,33.0,143.0,0.0,5.401481481481483,0.0,6.0606060606060606,0.0,3.0303030303030303,0.0,0.16666666666666666,1.0,3.0303030303030303,0.0,0.0
d0314_t003,baseline,baseline_zs_gpt41,early,Data and Statistics,53.0,241.0,0.0,6.766904761904762,3.7735849056603774,0.0,0.0,1.8867924528301887,0.0,0.25,1.0,3.7735849056603774,0.0,0.0
d0150_t005,baseline,baseline_zs_gpt41,early,Number,7.0,23.0,0.0,2.4833333333333343,0.0,0.0,0.0,14.285714285714286,0.0,0.0,0.0,0.0,1.0,0.0
d0122_t004,baseline,baseline_zs_gpt41,early,Number,36.0,140.0,0.0,3.633333333333333,0.0,5.555555555555555,0.0,2.7777777777777777,0.0,0.3333333333333333,0.0,5.555555555555555,0.0,0.0
d0117_t005,baseline,baseline_zs_gpt41,early,Number,12.0,49.0,0.0,3.7181818181818187,0.0,0.0,0.0,8.333333333333334,0.0,0.0,1.0,0.0,1.0,0.0
d0132_t005,baseline,baseline_zs_gpt41,early,Number,11.0,43.0,0.0,2.342222222222226,0.0,9.090909090909092,0.0,0.0,0.0,0.0,1.0,0.0,0.0,0.0
d0017_t013,baseline,baseline_zs_gpt41,early,Number,4.0,9.0,0.0,-3.01,0.0,0.0,0.0,0.0,0.0,0.0,0.0,25.0,0.0,0.0
d0186_t001,baseline,baseline_zs_gpt41,early,Number,2.0,3.0,0.0,-3.3999999999999986,0.0,0.0,0.0,0.0,0.0,0.0,0.0,0.0,0.0,0.0
d0092_t003,baseline,baseline_zs_gpt41,early,Geometry and Measure,13.0,56.0,0.0,4.830000000000002,0.0,0.0,0.0,7.6923076923076925,0.0,0.0,0.0,0.0,1.0,0.0
d0279_t005,baseline,baseline_zs_gpt41,early,Number,18.0,71.0,0.0,2.2816666666666663,0.0,0.0,0.0,11.11111111111111,0.0,1.0,1.0,5.555555555555555,0.0,0.0
d0319_t001,baseline,baseline_zs_gpt41,early,Number,33.0,122.0,0.0,2.313076923076924,3.0303030303030303,0.0,0.0,3.0303030303030303,0.0,0.0,1.0,0.0,0.0,0.0
d0070_t005,baseline,baseline_zs_gpt41,early,Number,34.0,155.0,0.0,3.5757142857142874,0.0,2.9411764705882355,0.0,2.9411764705882355,0.0,0.3333333333333333,1.0,0.0,0.0,0.0
d0131_t004,baseline,baseline_zs_gpt41,early,Number,20.0,80.0,0.0,6.310588235294119,0.0,0.0,0.0,5.0,0.0,0.0,1.0,0.0,0.0,0.0
d0253_t002,baseline,baseline_zs_gpt41,early,Number,44.0,162.0,0.0,2.933513513513514,4.545454545454546,2.272727272727273,0.0,2.272727272727273,0.0,0.0,1.0,0.0,0.0,0.0
d0267_t003,baseline,baseline_zs_gpt41,early,Number,6.0,13.0,0.0,-2.2299999999999986,0.0,0.0,0.0,16.666666666666668,0.0,0.0,0.0,0.0,1.0,0.0
d0284_t005,baseline,baseline_zs_gpt41,early,Number,6.0,13.0,0.0,-1.8399999999999999,0.0,0.0,0.0,16.666666666666668,0.0,0.0,0.0,0.0,1.0,0.0
d0131_t010,baseline,baseline_zs_gpt41,early,Number,3.0,5.0,0.0,-3.01,0.0,0.0,0.0,0.0,0.0,0.0,0.0,0.0,0.0,0.0
d0034_t002,baseline,baseline_zs_gpt41,early,Data and Statistics,33.0,112.0,0.0,0.5166666666666693,0.0,0.0,0.0,9.090909090909092,0.0,0.2,1.0,0.0,0.0,3.0303030303030303
d0372_t001,baseline,baseline_zs_gpt41,early,Algebra,53.0,240.0,0.0,5.78130434782609,1.8867924528301887,0.0,0.0,0.0,1.8867924528301887,0.0,1.0,0.0,0.0,0.0
d0201_t003,baseline,baseline_zs_gpt41,early,Number,14.0,43.0,0.0,-1.6449999999999996,0.0,0.0,0.0,7.142857142857143,0.0,0.0,1.0,0.0,0.0,0.0
d0126_t002,baseline,baseline_zs_gpt41,early,Number,33.0,129.0,0.0,1.957142857142859,0.0,0.0,0.0,6.0606060606060606,0.0,0.5,1.0,3.0303030303030303,0.0,3.0303030303030303
d0067_t003,baseline,baseline_zs_gpt41,early,Number,15.0,61.0,0.0,0.560384615384617,0.0,13.333333333333334,0.0,13.333333333333334,0.0,0.0,1.0,0.0,1.0,6.666666666666667
d0182_t003,baseline,baseline_zs_gpt41,early,Number,15.0,67.0,0.0,5.098846153846157,6.666666666666667,0.0,0.0,6.666666666666667,0.0,0.0,1.0,0.0,0.0,0.0
d0321_t002,baseline,baseline_zs_gpt41,early,Algebra,35.0,142.0,0.0,2.8633333333333333,2.857142857142857,0.0,0.0,2.857142857142857,2.857142857142857,0.16666666666666666,1.0,2.857142857142857,0.0,0.0
d0176_t003,baseline,baseline_zs_gpt41,early,Number,18.0,74.0,0.0,1.3066666666666684,0.0,0.0,0.0,5.555555555555555,0.0,1.0,1.0,0.0,1.0,0.0
d0367_t005,baseline,baseline_zs_gpt41,early,Number,42.0,166.0,0.0,3.4064705882352975,4.761904761904762,0.0,0.0,2.380952380952381,0.0,0.0,1.0,0.0,0.0,0.0
d0027_t005,baseline,baseline_zs_gpt41,early,Geometry and Measure,5.0,14.0,0.0,-2.2299999999999986,0.0,0.0,0.0,20.0,0.0,0.0,1.0,0.0,1.0,0.0
d0031_t005,baseline,baseline_zs_gpt41,early,Number,12.0,39.0,0.0,1.2900000000000027,0.0,0.0,0.0,8.333333333333334,0.0,0.0,1.0,0.0,1.0,0.0
d0011_t000,baseline,baseline_zs_gpt41,early,Number,31.0,138.0,0.0,2.791304347826088,0.0,0.0,3.225806451612903,0.0,0.0,0.0,1.0,0.0,0.0,0.0
d0223_t035,baseline,baseline_zs_gpt41,early,Number,12.0,25.0,0.0,0.6257142857142846,0.0,8.333333333333334,0.0,8.333333333333334,0.0,0.0,1.0,0.0,1.0,0.0
d0072_t001,baseline,baseline_zs_gpt41,early,Number,2.0,3.0,0.0,-3.3999999999999986,0.0,0.0,0.0,0.0,0.0,0.0,0.0,0.0,0.0,0.0
d0211_t006,baseline,baseline_zs_gpt41,early,Algebra,27.0,89.0,0.0,0.6950000000000003,7.407407407407407,0.0,0.0,3.7037037037037037,3.7037037037037037,0.0,1.0,7.407407407407407,0.0,0.0
d0214_t003,baseline,baseline_zs_gpt41,early,Algebra,23.0,85.0,0.0,1.6866666666666674,13.043478260869565,0.0,0.0,0.0,0.0,0.0,1.0,0.0,0.0,0.0
d0302_t003,baseline,baseline_zs_gpt41,early,Geometry and Measure,24.0,99.0,0.0,3.11452380952381,0.0,0.0,4.166666666666667,4.166666666666667,0.0,0.0,0.0,0.0,0.0,0.0
d0005_t003,baseline,baseline_zs_gpt41,early,Number,22.0,94.0,0.0,1.778157894736843,9.090909090909092,0.0,0.0,0.0,0.0,0.0,1.0,0.0,0.0,0.0
d0129_t003,baseline,baseline_zs_gpt41,early,Number,26.0,133.0,0.0,8.903695652173912,3.8461538461538463,0.0,0.0,0.0,0.0,0.0,1.0,0.0,0.0,3.8461538461538463
d0158_t002,baseline,baseline_zs_gpt41,early,Number,18.0,62.0,0.0,0.6257142857142846,0.0,0.0,0.0,11.11111111111111,0.0,0.0,1.0,0.0,0.0,0.0
d0376_t003,baseline,baseline_zs_gpt41,early,Algebra,14.0,44.0,0.0,-0.6599999999999966,7.142857142857143,0.0,0.0,0.0,0.0,0.0,1.0,0.0,1.0,0.0
d0081_t005,baseline,baseline_zs_gpt41,early,Algebra,14.0,56.0,0.0,3.0953846153846136,0.0,0.0,0.0,7.142857142857143,0.0,0.0,1.0,0.0,1.0,0.0
d0071_t008,baseline,baseline_zs_gpt41,early,Number,8.0,20.0,0.0,-1.4499999999999993,0.0,0.0,0.0,12.5,0.0,0.0,1.0,0.0,1.0,0.0
d0355_t003,baseline,baseline_zs_gpt41,early,Number,16.0,45.0,0.0,-1.4499999999999993,0.0,0.0,0.0,18.75,6.25,0.0,1.0,0.0,0.0,0.0
d0172_t007,baseline,baseline_zs_gpt41,early,Number,37.0,118.0,0.0,0.31500000000000306,0.0,0.0,0.0,10.81081081081081,0.0,0.0,1.0,0.0,0.0,0.0
d0169_t001,baseline,baseline_zs_gpt41,early,Number,3.0,5.0,0.0,-3.3999999999999986,0.0,0.0,0.0,0.0,0.0,0.0,0.0,0.0,0.0,0.0
d0258_t001,baseline,baseline_zs_gpt41,early,Data and Statistics,18.0,56.0,0.0,2.0600000000000023,0.0,0.0,0.0,0.0,0.0,0.0,0.0,0.0,0.0,0.0
d0158_t000,baseline,baseline_zs_gpt41,early,Number,36.0,132.0,0.0,2.5238709677419386,8.333333333333334,0.0,0.0,5.555555555555555,0.0,0.0,1.0,0.0,0.0,2.7777777777777777
d0291_t001,baseline,baseline_zs_gpt41,early,Number,2.0,3.0,0.0,-3.3999999999999986,0.0,0.0,0.0,0.0,0.0,0.0,0.0,0.0,0.0,0.0
d0328_t001,baseline,baseline_zs_gpt41,early,Number,2.0,3.0,0.0,-3.3999999999999986,0.0,0.0,0.0,0.0,0.0,0.0,0.0,0.0,0.0,0.0
d0211_t004,baseline,baseline_zs_gpt41,early,Algebra,47.0,200.0,0.0,6.075000000000003,0.0,0.0,2.127659574468085,2.127659574468085,0.0,0.2857142857142857,1.0,0.0,0.0,0.0
d0031_t009,baseline,baseline_zs_gpt41,early,Number,5.0,19.0,0.0,-2.2299999999999986,0.0,0.0,0.0,20.0,0.0,0.0,0.0,0.0,1.0,0.0
d0088_t009,baseline,baseline_zs_gpt41,early,Algebra,4.0,13.0,0.0,-2.2299999999999986,0.0,0.0,0.0,0.0,0.0,0.0,0.0,0.0,1.0,0.0
d0206_t003,baseline,baseline_zs_gpt41,early,Algebra,10.0,30.0,0.0,-1.0599999999999987,0.0,10.0,0.0,10.0,0.0,0.0,1.0,0.0,0.0,0.0
d0289_t003,baseline,baseline_zs_gpt41,early,Algebra,15.0,53.0,0.0,2.4833333333333343,0.0,6.666666666666667,0.0,6.666666666666667,0.0,0.0,1.0,0.0,0.0,0.0
d0071_t002,baseline,baseline_zs_gpt41,early,Number,40.0,173.0,0.0,2.6700000000000017,2.5,0.0,0.0,5.0,0.0,0.0,1.0,0.0,0.0,2.5
d0260_t001,baseline,baseline_zs_gpt41,early,Data and Statistics,47.0,194.0,0.0,4.359999999999999,2.127659574468085,0.0,0.0,0.0,2.127659574468085,0.1111111111111111,1.0,0.0,0.0,0.0
d0290_t004,baseline,baseline_zs_gpt41,early,Algebra,17.0,66.0,0.0,5.041428571428572,11.764705882352942,5.882352941176471,0.0,5.882352941176471,0.0,0.0,1.0,0.0,0.0,0.0
d0129_t001,baseline,baseline_zs_gpt41,early,Number,22.0,90.0,0.0,1.6073529411764724,4.545454545454546,0.0,0.0,4.545454545454546,0.0,1.0,0.0,0.0,0.0,0.0
d0290_t002,baseline,baseline_zs_gpt41,early,Algebra,49.0,195.0,0.0,4.305641025641027,2.0408163265306123,0.0,0.0,4.081632653061225,0.0,0.25,0.0,4.081632653061225,0.0,2.0408163265306123
d0070_t007,baseline,baseline_zs_gpt41,early,Number,62.0,271.0,0.0,4.4944811320754745,1.6129032258064515,0.0,0.0,0.0,1.6129032258064515,0.2,1.0,4.838709677419355,0.0,0.0
d0300_t001,baseline,baseline_zs_gpt41,early,Number,39.0,137.0,0.0,1.0311111111111124,2.5641025641025643,0.0,0.0,2.5641025641025643,0.0,0.0,1.0,0.0,0.0,0.0
d0329_t007,baseline,baseline_zs_gpt41,early,Number,25.0,75.0,0.0,0.5360526315789471,0.0,4.0,0.0,8.0,4.0,0.0,1.0,0.0,0.0,0.0
d0170_t001,baseline,baseline_zs_gpt41,early,Number,31.0,132.0,0.0,3.4666666666666686,0.0,0.0,0.0,0.0,0.0,0.6,1.0,0.0,0.0,0.0
d0309_t002,baseline,baseline_zs_gpt41,early,Data and Statistics,18.0,69.0,0.0,4.420000000000002,5.555555555555555,0.0,0.0,0.0,0.0,0.0,0.0,0.0,0.0,0.0
d0326_t001,baseline,baseline_zs_gpt41,early,Number,24.0,88.0,0.0,6.725263157894737,0.0,0.0,0.0,0.0,0.0,0.0,1.0,0.0,0.0,4.166666666666667
d0314_t001,baseline,baseline_zs_gpt41,early,Data and Statistics,12.0,42.0,0.0,2.342222222222226,0.0,0.0,0.0,0.0,0.0,0.0,0.0,0.0,0.0,0.0
d0045_t004,baseline,baseline_zs_gpt41,early,Number,25.0,83.0,0.0,1.0363636363636353,0.0,0.0,0.0,8.0,0.0,0.0,1.0,0.0,1.0,0.0
d0192_t003,baseline,baseline_zs_gpt41,early,Number,20.0,91.0,0.0,2.9977777777777774,5.0,0.0,0.0,0.0,0.0,0.25,0.0,0.0,0.0,0.0
d0123_t005,baseline,baseline_zs_gpt41,early,Number,4.0,9.0,0.0,-3.01,0.0,0.0,0.0,0.0,0.0,0.0,1.0,0.0,1.0,0.0
d0185_t003,baseline,baseline_zs_gpt41,early,Number,16.0,60.0,0.0,2.3114285714285714,0.0,0.0,0.0,12.5,0.0,0.0,1.0,0.0,1.0,0.0
d0221_t009,baseline,baseline_zs_gpt41,early,Algebra,8.0,28.0,0.0,0.6257142857142846,0.0,0.0,0.0,12.5,0.0,0.0,1.0,0.0,1.0,0.0
d0331_t003,baseline,baseline_zs_gpt41,early,Number,28.0,111.0,0.0,2.747173913043479,0.0,3.5714285714285716,0.0,3.5714285714285716,0.0,0.0,1.0,3.5714285714285716,0.0,0.0
d0333_t001,baseline,baseline_zs_gpt41,early,Number,38.0,163.0,0.0,2.9512500000000017,2.6315789473684212,0.0,0.0,2.6315789473684212,0.0,0.0,1.0,0.0,0.0,2.6315789473684212
d0079_t003,baseline,baseline_zs_gpt41,early,Number,43.0,135.0,0.0,1.215378787878791,4.651162790697675,2.3255813953488373,0.0,4.651162790697675,0.0,0.0,1.0,0.0,0.0,0.0
d0047_t001,baseline,baseline_zs_gpt41,early,Geometry and Measure,2.0,3.0,0.0,-3.3999999999999986,0.0,0.0,0.0,0.0,0.0,0.0,0.0,0.0,0.0,0.0
d0360_t003,baseline,baseline_zs_gpt41,early,Number,33.0,154.0,0.0,6.083448275862068,0.0,0.0,0.0,0.0,0.0,0.2857142857142857,1.0,0.0,1.0,0.0
d0049_t001,baseline,baseline_zs_gpt41,early,Geometry and Measure,38.0,152.0,0.0,4.064285714285717,2.6315789473684212,0.0,0.0,2.6315789473684212,0.0,0.25,1.0,2.6315789473684212,0.0,0.0
d0025_t001,baseline,baseline_zs_gpt41,early,Geometry and Measure,20.0,88.0,0.0,7.612500000000001,0.0,0.0,0.0,0.0,0.0,0.0,0.0,0.0,0.0,5.0
d0221_t005,baseline,baseline_zs_gpt41,early,Algebra,4.0,14.0,0.0,1.3133333333333361,0.0,25.0,0.0,0.0,0.0,0.0,0.0,25.0,1.0,0.0
d0072_t005,baseline,baseline_zs_gpt41,early,Number,17.0,61.0,0.0,2.2816666666666663,5.882352941176471,0.0,0.0,5.882352941176471,0.0,0.3333333333333333,1.0,0.0,0.0,5.882352941176471
d0235_t003,baseline,baseline_zs_gpt41,early,Algebra,12.0,54.0,0.0,0.5004545454545486,8.333333333333334,0.0,0.0,16.666666666666668,0.0,0.0,1.0,0.0,1.0,0.0
d0029_t001,baseline,baseline_zs_gpt41,early,Geometry and Measure,41.0,172.0,0.0,4.790909090909089,0.0,0.0,0.0,4.878048780487805,0.0,0.0,1.0,0.0,0.0,0.0
d0080_t009,baseline,baseline_zs_gpt41,early,Number,6.0,14.0,0.0,-2.2299999999999986,0.0,16.666666666666668,0.0,0.0,0.0,0.0,1.0,0.0,1.0,0.0
d0161_t001,baseline,baseline_zs_gpt41,early,Number,2.0,3.0,0.0,-3.3999999999999986,0.0,0.0,0.0,0.0,0.0,0.0,0.0,0.0,0.0,0.0
d0248_t007,baseline,baseline_zs_gpt41,early,Number,23.0,94.0,0.0,2.9977777777777774,4.3478260869565215,0.0,0.0,4.3478260869565215,0.0,0.5,1.0,8.695652173913043,0.0,0.0
d0015_t005,baseline,baseline_zs_gpt41,early,Geometry and Measure,6.0,27.0,0.0,0.5199999999999996,0.0,0.0,0.0,0.0,0.0,0.0,0.0,0.0,0.0,16.666666666666668
d0105_t005,baseline,baseline_zs_gpt41,early,Geometry and Measure,14.0,60.0,0.0,2.187692307692309,7.142857142857143,7.142857142857143,0.0,0.0,0.0,0.0,1.0,0.0,1.0,0.0
d0347_t003,baseline,baseline_zs_gpt41,early,Number,25.0,58.0,0.0,1.2900000000000027,0.0,0.0,0.0,4.0,0.0,0.0,0.0,0.0,1.0,0.0
d0246_t011,baseline,baseline_zs_gpt41,middle,Geometry and Measure,25.0,79.0,0.0,-1.1899999999999995,0.0,4.0,0.0,12.0,0.0,0.0,1.0,0.0,1.0,0.0
d0247_t003,baseline,baseline_zs_gpt41,early,Number,8.0,27.0,0.0,2.4833333333333343,0.0,0.0,0.0,12.5,0.0,0.0,1.0,0.0,1.0,25.0
d0221_t007,baseline,baseline_zs_gpt41,early,Algebra,54.0,219.0,0.0,2.833571428571428,0.0,0.0,0.0,5.555555555555555,0.0,0.3333333333333333,1.0,1.8518518518518519,0.0,0.0
d0201_t011,baseline,baseline_zs_gpt41,middle,Number,13.0,33.0,0.0,-1.0599999999999987,7.6923076923076925,0.0,0.0,0.0,7.6923076923076925,0.0,0.0,0.0,0.0,0.0
d0294_t013,baseline,baseline_zs_gpt41,middle,Number,11.0,24.0,0.0,0.6257142857142846,0.0,0.0,0.0,0.0,0.0,0.0,0.0,0.0,1.0,0.0
d0368_t000,baseline,baseline_zs_gpt41,early,Number,47.0,184.0,0.0,3.3979487179487187,2.127659574468085,0.0,0.0,4.25531914893617,0.0,0.0,1.0,0.0,0.0,2.127659574468085
d0162_t003,baseline,baseline_zs_gpt41,early,Number,41.0,138.0,0.0,-0.6107096774193543,2.4390243902439024,0.0,0.0,2.4390243902439024,0.0,0.0,1.0,2.4390243902439024,0.0,0.0
d0136_t015,baseline,baseline_zs_gpt41,middle,Number,15.0,73.0,0.0,6.727142857142859,0.0,0.0,0.0,6.666666666666667,0.0,0.0,1.0,0.0,0.0,0.0
d0139_t005,baseline,baseline_zs_gpt41,middle,Number,13.0,57.0,0.0,1.5731818181818191,7.6923076923076925,7.6923076923076925,0.0,0.0,0.0,0.0,1.0,0.0,1.0,7.6923076923076925
d0324_t020,baseline,baseline_zs_gpt41,middle,Algebra,3.0,8.0,0.0,2.890000000000004,33.333333333333336,0.0,0.0,0.0,0.0,0.0,1.0,0.0,1.0,0.0
d0227_t012,baseline,baseline_zs_gpt41,middle,Algebra,17.0,40.0,0.0,0.11000000000000121,0.0,5.882352941176471,0.0,11.764705882352942,0.0,0.0,0.0,0.0,0.0,0.0
d0333_t009,baseline,baseline_zs_gpt41,middle,Number,3.0,23.0,0.0,-2.619999999999999,0.0,0.0,0.0,0.0,0.0,0.0,0.0,0.0,1.0,0.0
d0255_t031,baseline,baseline_zs_gpt41,middle,Geometry and Measure,41.0,163.0,0.0,2.2881060606060615,0.0,0.0,0.0,2.4390243902439024,2.4390243902439024,0.25,1.0,7.317073170731708,0.0,0.0
d0086_t015,baseline,baseline_zs_gpt41,middle,Algebra,7.0,25.0,0.0,-1.0599999999999987,0.0,0.0,0.0,0.0,0.0,0.0,0.0,0.0,1.0,0.0
d0093_t011,baseline,baseline_zs_gpt41,middle,Geometry and Measure,7.0,19.0,0.0,-1.8399999999999999,0.0,0.0,0.0,0.0,0.0,0.0,0.0,0.0,0.0,0.0
d0294_t015,baseline,baseline_zs_gpt41,middle,Number,8.0,21.0,0.0,-1.8399999999999999,0.0,0.0,0.0,12.5,0.0,0.0,1.0,0.0,1.0,0.0
d0223_t051,baseline,baseline_zs_gpt41,middle,Number,13.0,42.0,0.0,0.11000000000000121,0.0,0.0,0.0,7.6923076923076925,0.0,0.0,1.0,0.0,1.0,0.0
d0195_t005,baseline,baseline_zs_gpt41,middle,Number,14.0,41.0,0.0,0.5872222222222234,0.0,0.0,0.0,7.142857142857143,0.0,0.0,1.0,0.0,1.0,7.142857142857143
d0316_t009,baseline,baseline_zs_gpt41,middle,Data and Statistics,3.0,16.0,0.0,20.590000000000007,0.0,0.0,0.0,0.0,0.0,0.0,1.0,0.0,1.0,0.0
d0238_t009,baseline,baseline_zs_gpt41,middle,Geometry and Measure,16.0,56.0,0.0,0.6257142857142846,0.0,0.0,0.0,18.75,0.0,0.0,1.0,0.0,1.0,0.0
d0203_t009,baseline,baseline_zs_gpt41,middle,Algebra,9.0,28.0,0.0,-1.4499999999999993,0.0,0.0,0.0,0.0,11.11111111111111,0.0,1.0,0.0,0.0,0.0
d0271_t005,baseline,baseline_zs_gpt41,middle,Number,4.0,7.0,0.0,-3.01,0.0,0.0,0.0,0.0,0.0,0.0,0.0,25.0,0.0,0.0
d0246_t007,baseline,baseline_zs_gpt41,middle,Geometry and Measure,1.0,2.0,0.0,-3.3999999999999986,0.0,0.0,0.0,0.0,0.0,0.0,0.0,0.0,0.0,0.0
d0374_t015,baseline,baseline_zs_gpt41,middle,Algebra,11.0,54.0,0.0,3.7181818181818187,0.0,0.0,0.0,9.090909090909092,0.0,0.0,0.0,0.0,1.0,0.0
d0232_t007,baseline,baseline_zs_gpt41,middle,Data and Statistics,16.0,56.0,0.0,1.6700000000000017,6.25,0.0,0.0,6.25,0.0,0.0,1.0,0.0,0.0,0.0
d0005_t009,baseline,baseline_zs_gpt41,middle,Number,20.0,65.0,0.0,0.2191176470588232,0.0,0.0,0.0,0.0,10.0,0.0,1.0,0.0,0.0,0.0
d0140_t011,baseline,baseline_zs_gpt41,middle,Number,3.0,8.0,0.0,-2.619999999999999,0.0,0.0,0.0,33.333333333333336,0.0,0.0,0.0,0.0,1.0,0.0
d0183_t013,baseline,baseline_zs_gpt41,middle,Number,4.0,8.0,0.0,-2.619999999999999,0.0,0.0,0.0,25.0,0.0,0.0,1.0,0.0,1.0,0.0
d0296_t023,baseline,baseline_zs_gpt41,middle,Number,3.0,7.0,0.0,-3.01,0.0,0.0,0.0,0.0,0.0,0.0,1.0,0.0,1.0,0.0
d0236_t009,baseline,baseline_zs_gpt41,middle,Data and Statistics,22.0,84.0,0.0,5.190000000000001,0.0,0.0,0.0,4.545454545454546,4.545454545454546,0.0,0.0,0.0,0.0,0.0
d0176_t009,baseline,baseline_zs_gpt41,middle,Number,30.0,112.0,0.0,1.5953043478260867,0.0,0.0,0.0,10.0,0.0,0.0,1.0,0.0,1.0,3.3333333333333335
d0250_t007,baseline,baseline_zs_gpt41,middle,Number,18.0,51.0,0.0,2.187692307692309,5.555555555555555,0.0,0.0,5.555555555555555,0.0,0.0,1.0,0.0,0.0,0.0
d0341_t016,baseline,baseline_zs_gpt41,middle,Number,22.0,79.0,0.0,3.8855555555555554,0.0,4.545454545454546,0.0,0.0,4.545454545454546,0.0,1.0,0.0,1.0,0.0
d0369_t009,baseline,baseline_zs_gpt41,middle,Data and Statistics,25.0,98.0,0.0,7.209523809523812,4.0,0.0,4.0,0.0,0.0,0.0,0.0,0.0,0.0,4.0
d0230_t011,baseline,baseline_zs_gpt41,middle,Data and Statistics,12.0,44.0,0.0,2.4700000000000024,0.0,0.0,0.0,8.333333333333334,0.0,0.0,0.0,0.0,0.0,0.0
d0221_t015,baseline,baseline_zs_gpt41,middle,Algebra,18.0,59.0,0.0,2.8466666666666676,0.0,0.0,0.0,11.11111111111111,0.0,0.0,1.0,0.0,0.0,0.0
d0280_t009,baseline,baseline_zs_gpt41,middle,Number,69.0,263.0,0.0,1.954689655172416,1.4492753623188406,0.0,1.4492753623188406,2.898550724637681,2.898550724637681,0.0,1.0,0.0,0.0,1.4492753623188406
d0293_t015,baseline,baseline_zs_gpt41,middle,Number,26.0,91.0,0.0,0.07145454545454655,3.8461538461538463,0.0,3.8461538461538463,7.6923076923076925,0.0,0.0,1.0,0.0,0.0,0.0
d0078_t006,baseline,baseline_zs_gpt41,middle,Number,9.0,16.0,0.0,-1.8399999999999999,0.0,11.11111111111111,0.0,0.0,0.0,0.0,1.0,0.0,1.0,0.0
d0112_t005,baseline,baseline_zs_gpt41,middle,Number,19.0,63.0,0.0,3.0953846153846136,0.0,0.0,0.0,5.2631578947368425,0.0,0.0,0.0,0.0,0.0,0.0
d0137_t011,baseline,baseline_zs_gpt41,middle,Number,8.0,34.0,0.0,0.8049999999999997,0.0,0.0,0.0,12.5,0.0,0.0,0.0,0.0,0.0,0.0
d0041_t015,baseline,baseline_zs_gpt41,middle,Data and Statistics,17.0,68.0,0.0,3.633333333333333,0.0,0.0,0.0,5.882352941176471,0.0,0.0,0.0,0.0,1.0,0.0
d0021_t013,baseline,baseline_zs_gpt41,middle,Number,14.0,59.0,0.0,4.790909090909089,0.0,0.0,0.0,7.142857142857143,0.0,0.0,1.0,0.0,0.0,0.0
d0277_t011,baseline,baseline_zs_gpt41,middle,Number,7.0,23.0,0.0,-1.4499999999999993,0.0,0.0,0.0,14.285714285714286,0.0,0.0,0.0,0.0,1.0,0.0
d0203_t011,baseline,baseline_zs_gpt41,middle,Algebra,58.0,209.0,0.0,0.3140243902439046,0.0,0.0,0.0,3.4482758620689653,1.7241379310344827,0.0,1.0,0.0,0.0,0.0
d0210_t011,baseline,baseline_zs_gpt41,middle,Algebra,11.0,44.0,0.0,2.645454545454548,0.0,0.0,0.0,0.0,0.0,0.0,0.0,0.0,1.0,0.0
d0068_t015,baseline,baseline_zs_gpt41,middle,Number,17.0,60.0,0.0,4.003076923076925,5.882352941176471,0.0,0.0,5.882352941176471,0.0,0.0,1.0,5.882352941176471,1.0,5.882352941176471
d0272_t019,baseline,baseline_zs_gpt41,middle,Number,9.0,24.0,0.0,0.5199999999999996,0.0,11.11111111111111,0.0,0.0,0.0,0.0,1.0,0.0,0.0,0.0
d0263_t009,baseline,baseline_zs_gpt41,middle,Number,15.0,62.0,0.0,3.0953846153846136,0.0,0.0,6.666666666666667,6.666666666666667,6.666666666666667,0.0,0.0,0.0,1.0,0.0
d0284_t023,baseline,baseline_zs_gpt41,middle,Number,5.0,20.0,0.0,2.879999999999999,0.0,0.0,0.0,20.0,0.0,0.0,0.0,0.0,1.0,0.0
d0150_t011,baseline,baseline_zs_gpt41,middle,Number,5.0,16.0,0.0,-2.2299999999999986,0.0,0.0,0.0,0.0,20.0,0.0,0.0,0.0,0.0,0.0
d0346_t013,baseline,baseline_zs_gpt41,middle,Number,35.0,92.0,0.0,1.2800000000000011,0.0,0.0,0.0,14.285714285714286,0.0,0.0,1.0,0.0,0.0,0.0
d0270_t013,baseline,baseline_zs_gpt41,middle,Number,9.0,31.0,0.0,0.5166666666666693,11.11111111111111,0.0,0.0,0.0,0.0,0.0,0.0,11.11111111111111,0.0,0.0
d0039_t028,baseline,baseline_zs_gpt41,middle,Algebra,12.0,40.0,0.0,1.2900000000000027,0.0,0.0,0.0,8.333333333333334,0.0,0.0,0.0,0.0,0.0,0.0
d0272_t027,baseline,baseline_zs_gpt41,middle,Number,8.0,22.0,0.0,-1.4499999999999993,0.0,0.0,0.0,12.5,0.0,0.0,1.0,0.0,0.0,0.0
d0264_t007,baseline,baseline_zs_gpt41,middle,Number,16.0,59.0,0.0,1.468076923076925,0.0,0.0,0.0,6.25,0.0,0.0,1.0,0.0,0.0,0.0
d0047_t011,baseline,baseline_zs_gpt41,middle,Geometry and Measure,23.0,71.0,0.0,1.1571052631578986,0.0,0.0,0.0,13.043478260869565,0.0,0.0,1.0,0.0,0.0,0.0
d0340_t009,baseline,baseline_zs_gpt41,middle,Number,9.0,34.0,0.0,0.8049999999999997,0.0,0.0,0.0,11.11111111111111,0.0,0.0,1.0,0.0,0.0,0.0
d0048_t013,baseline,baseline_zs_gpt41,middle,Geometry and Measure,42.0,155.0,0.0,5.2694117647058825,0.0,0.0,0.0,4.761904761904762,2.380952380952381,0.0,1.0,0.0,0.0,0.0
d0192_t015,baseline,baseline_zs_gpt41,middle,Number,2.0,9.0,0.0,2.890000000000004,0.0,0.0,0.0,0.0,0.0,0.0,0.0,0.0,1.0,0.0
d0378_t005,baseline,baseline_zs_gpt41,middle,Algebra,18.0,75.0,0.0,5.884285714285717,0.0,5.555555555555555,0.0,0.0,0.0,0.0,1.0,5.555555555555555,0.0,5.555555555555555
d0360_t011,baseline,baseline_zs_gpt41,middle,Number,2.0,3.0,0.0,-3.3999999999999986,0.0,0.0,0.0,0.0,0.0,0.0,1.0,0.0,0.0,0.0
d0122_t012,baseline,baseline_zs_gpt41,middle,Number,13.0,33.0,0.0,-1.4499999999999993,0.0,7.6923076923076925,0.0,7.6923076923076925,0.0,0.0,1.0,0.0,0.0,0.0
d0348_t014,baseline,baseline_zs_gpt41,middle,Number,18.0,66.0,0.0,0.5166666666666693,5.555555555555555,0.0,0.0,5.555555555555555,0.0,0.0,1.0,0.0,1.0,0.0
d0305_t010,baseline,baseline_zs_gpt41,middle,Number,14.0,42.0,0.0,0.5199999999999996,0.0,0.0,0.0,7.142857142857143,0.0,0.0,1.0,0.0,0.0,0.0
d0143_t012,baseline,baseline_zs_gpt41,middle,Number,26.0,66.0,0.0,-0.27999999999999936,0.0,0.0,0.0,7.6923076923076925,0.0,0.0,1.0,0.0,0.0,0.0
d0095_t011,baseline,baseline_zs_gpt41,middle,Number,12.0,41.0,0.0,-0.7238888888888866,0.0,0.0,0.0,8.333333333333334,0.0,0.0,1.0,8.333333333333334,0.0,0.0
d0168_t012,baseline,baseline_zs_gpt41,middle,Number,31.0,120.0,0.0,1.027685185185188,0.0,0.0,0.0,3.225806451612903,0.0,0.3333333333333333,1.0,0.0,0.0,0.0
d0174_t007,baseline,baseline_zs_gpt41,middle,Number,16.0,61.0,0.0,3.355714285714285,0.0,0.0,0.0,12.5,6.25,0.0,1.0,0.0,0.0,0.0
d0279_t009,baseline,baseline_zs_gpt41,middle,Number,17.0,52.0,0.0,0.560384615384617,0.0,0.0,0.0,11.764705882352942,0.0,0.0,0.0,0.0,0.0,0.0
d0076_t007,baseline,baseline_zs_gpt41,middle,Number,17.0,55.0,0.0,2.8566666666666656,0.0,5.882352941176471,0.0,5.882352941176471,0.0,0.0,0.0,5.882352941176471,0.0,11.764705882352942
d0023_t009,baseline,baseline_zs_gpt41,middle,Number,31.0,133.0,0.0,0.6790909090909132,0.0,0.0,0.0,0.0,6.451612903225806,0.0,1.0,0.0,0.0,0.0
d0360_t007,baseline,baseline_zs_gpt41,middle,Number,1.0,3.0,0.0,-3.3999999999999986,0.0,0.0,0.0,0.0,0.0,0.0,0.0,0.0,0.0,0.0
d0018_t009,baseline,baseline_zs_gpt41,middle,Number,12.0,37.0,0.0,-2.0349999999999984,0.0,8.333333333333334,0.0,0.0,0.0,0.0,1.0,0.0,1.0,0.0
d0248_t029,baseline,baseline_zs_gpt41,middle,Number,4.0,16.0,0.0,5.246666666666666,0.0,0.0,0.0,0.0,0.0,0.0,1.0,0.0,0.0,0.0
d0105_t011,baseline,baseline_zs_gpt41,middle,Geometry and Measure,17.0,56.0,0.0,3.9250000000000007,0.0,0.0,0.0,5.882352941176471,0.0,0.0,0.0,0.0,1.0,0.0
d0123_t007,baseline,baseline_zs_gpt41,middle,Number,1.0,3.0,0.0,-3.3999999999999986,0.0,0.0,0.0,0.0,0.0,0.0,0.0,0.0,0.0,0.0
d0293_t009,baseline,baseline_zs_gpt41,middle,Number,14.0,50.0,0.0,-1.1923076923076916,0.0,0.0,0.0,7.142857142857143,0.0,0.0,1.0,0.0,0.0,0.0
d0198_t007,baseline,baseline_zs_gpt41,middle,Number,20.0,62.0,0.0,2.375769230769233,0.0,0.0,0.0,5.0,0.0,0.0,0.0,5.0,0.0,0.0
d0292_t011,baseline,baseline_zs_gpt41,middle,Data and Statistics,12.0,44.0,0.0,2.4700000000000024,0.0,0.0,0.0,0.0,0.0,0.0,1.0,0.0,0.0,0.0
d0166_t013,baseline,baseline_zs_gpt41,middle,Number,23.0,66.0,0.0,-2.0999999999999996,0.0,0.0,0.0,8.695652173913043,0.0,0.0,1.0,0.0,0.0,0.0
d0296_t013,baseline,baseline_zs_gpt41,middle,Number,60.0,226.0,0.0,3.15484693877551,1.6666666666666667,0.0,0.0,6.666666666666667,3.3333333333333335,0.16666666666666666,0.0,0.0,0.0,0.0
d0193_t013,baseline,baseline_zs_gpt41,middle,Number,20.0,87.0,0.0,6.960000000000001,0.0,0.0,0.0,0.0,0.0,0.0,0.0,0.0,1.0,0.0
d0007_t007,baseline,baseline_zs_gpt41,middle,Number,8.0,24.0,0.0,2.4833333333333343,0.0,12.5,0.0,12.5,0.0,0.0,0.0,0.0,0.0,0.0
d0279_t011,baseline,baseline_zs_gpt41,middle,Number,9.0,24.0,0.0,-1.0599999999999987,11.11111111111111,0.0,0.0,0.0,0.0,0.0,0.0,11.11111111111111,0.0,0.0
d0104_t009,baseline,baseline_zs_gpt41,middle,Geometry and Measure,20.0,62.0,0.0,4.241052631578949,0.0,0.0,0.0,15.0,0.0,0.0,0.0,0.0,1.0,0.0
d0191_t006,baseline,baseline_zs_gpt41,middle,Number,4.0,10.0,0.0,-2.619999999999999,0.0,0.0,0.0,25.0,0.0,0.0,1.0,0.0,0.0,0.0
d0010_t017,baseline,baseline_zs_gpt41,middle,Algebra,10.0,26.0,0.0,-1.0599999999999987,0.0,0.0,0.0,20.0,0.0,0.0,0.0,0.0,1.0,0.0
d0022_t013,baseline,baseline_zs_gpt41,middle,Number,10.0,36.0,0.0,3.997142857142858,0.0,10.0,0.0,0.0,0.0,0.0,1.0,0.0,1.0,0.0
d0166_t015,baseline,baseline_zs_gpt41,middle,Number,19.0,68.0,0.0,1.5425000000000004,0.0,0.0,0.0,0.0,5.2631578947368425,0.0,1.0,0.0,0.0,0.0
d0042_t009,baseline,baseline_zs_gpt41,middle,Data and Statistics,27.0,105.0,0.0,3.1818181818181834,11.11111111111111,0.0,0.0,0.0,0.0,0.0,1.0,11.11111111111111,0.0,0.0
d0312_t009,baseline,baseline_zs_gpt41,middle,Algebra,18.0,72.0,0.0,4.228235294117649,5.555555555555555,0.0,0.0,0.0,0.0,0.0,1.0,0.0,1.0,0.0
d0018_t007,baseline,baseline_zs_gpt41,middle,Number,8.0,19.0,0.0,-1.8399999999999999,0.0,0.0,0.0,12.5,0.0,0.0,1.0,0.0,1.0,0.0
d0117_t019,baseline,baseline_zs_gpt41,middle,Number,11.0,42.0,0.0,1.2900000000000027,0.0,0.0,0.0,9.090909090909092,0.0,0.0,0.0,0.0,0.0,0.0
d0181_t013,baseline,baseline_zs_gpt41,middle,Number,19.0,78.0,0.0,2.715,5.2631578947368425,5.2631578947368425,0.0,5.2631578947368425,0.0,0.0,1.0,0.0,0.0,0.0
d0112_t007,baseline,baseline_zs_gpt41,middle,Number,10.0,31.0,0.0,2.280000000000001,0.0,0.0,0.0,10.0,0.0,0.0,0.0,0.0,0.0,0.0
d0364_t005,baseline,baseline_zs_gpt41,middle,Data and Statistics,20.0,62.0,0.0,4.92235294117647,0.0,0.0,0.0,0.0,0.0,0.0,0.0,0.0,0.0,0.0
d0039_t022,baseline,baseline_zs_gpt41,middle,Algebra,5.0,11.0,0.0,-2.2299999999999986,0.0,0.0,0.0,0.0,0.0,0.0,0.0,0.0,1.0,0.0
d0125_t015,baseline,baseline_zs_gpt41,middle,Number,11.0,37.0,0.0,1.0311111111111124,0.0,0.0,0.0,9.090909090909092,0.0,0.0,0.0,0.0,1.0,0.0
d0348_t012,baseline,baseline_zs_gpt41,middle,Number,1.0,4.0,0.0,-3.3999999999999986,0.0,0.0,0.0,0.0,0.0,0.0,0.0,0.0,0.0,0.0
d0100_t021,baseline,baseline_zs_gpt41,middle,Number,18.0,65.0,0.0,1.3066666666666684,0.0,0.0,0.0,5.555555555555555,0.0,1.0,1.0,0.0,0.0,5.555555555555555
d0374_t013,baseline,baseline_zs_gpt41,middle,Algebra,4.0,8.0,0.0,-2.619999999999999,0.0,0.0,0.0,25.0,0.0,0.0,1.0,0.0,1.0,0.0
d0030_t017,baseline,baseline_zs_gpt41,late,Geometry and Measure,5.0,11.0,0.0,-1.8399999999999999,0.0,0.0,0.0,20.0,0.0,0.0,0.0,0.0,1.0,0.0
d0196_t011,baseline,baseline_zs_gpt41,middle,Number,25.0,95.0,0.0,5.780000000000001,0.0,0.0,0.0,0.0,0.0,0.0,1.0,0.0,0.0,0.0
d0164_t013,baseline,baseline_zs_gpt41,late,Number,7.0,18.0,0.0,-2.2299999999999986,0.0,0.0,0.0,0.0,0.0,0.0,1.0,0.0,0.0,0.0
d0206_t019,baseline,baseline_zs_gpt41,late,Algebra,19.0,59.0,0.0,-0.2171428571428553,5.2631578947368425,0.0,0.0,10.526315789473685,0.0,0.0,1.0,0.0,1.0,0.0
d0077_t029,baseline,baseline_zs_gpt41,late,Number,1.0,1.0,0.0,-3.3999999999999986,0.0,0.0,0.0,0.0,0.0,0.0,0.0,0.0,0.0,0.0
d0317_t015,baseline,baseline_zs_gpt41,late,Data and Statistics,15.0,50.0,0.0,1.2800000000000011,0.0,0.0,0.0,13.333333333333334,0.0,0.0,1.0,0.0,0.0,0.0
d0149_t053,baseline,baseline_zs_gpt41,late,Number,28.0,96.0,0.0,3.7732608695652203,0.0,0.0,0.0,0.0,0.0,0.0,1.0,0.0,0.0,0.0
d0313_t012,baseline,baseline_zs_gpt41,middle,Number,28.0,101.0,0.0,1.6866666666666674,3.5714285714285716,0.0,3.5714285714285716,7.142857142857143,0.0,0.0,0.0,3.5714285714285716,0.0,0.0
d0028_t015,baseline,baseline_zs_gpt41,late,Number,7.0,21.0,0.0,0.7199999999999989,0.0,0.0,0.0,14.285714285714286,0.0,0.0,1.0,0.0,1.0,14.285714285714286
d0137_t017,baseline,baseline_zs_gpt41,late,Number,35.0,146.0,0.0,5.600000000000001,2.857142857142857,0.0,0.0,2.857142857142857,0.0,0.0,1.0,0.0,0.0,0.0
d0330_t023,baseline,baseline_zs_gpt41,late,Number,3.0,10.0,0.0,2.890000000000004,0.0,0.0,0.0,0.0,0.0,0.0,0.0,0.0,1.0,0.0
d0042_t023,baseline,baseline_zs_gpt41,late,Data and Statistics,15.0,70.0,0.0,5.041428571428572,0.0,0.0,0.0,0.0,0.0,0.0,1.0,0.0,1.0,6.666666666666667
d0174_t015,baseline,baseline_zs_gpt41,late,Number,33.0,146.0,0.0,3.642068965517243,0.0,0.0,0.0,6.0606060606060606,0.0,0.16666666666666666,0.0,0.0,0.0,3.0303030303030303
d0070_t033,baseline,baseline_zs_gpt41,late,Number,13.0,35.0,0.0,-0.6699999999999982,0.0,0.0,0.0,7.6923076923076925,0.0,0.0,0.0,7.6923076923076925,1.0,0.0
d0286_t015,baseline,baseline_zs_gpt41,late,Number,10.0,32.0,0.0,-0.6699999999999982,10.0,0.0,0.0,10.0,0.0,0.0,0.0,0.0,1.0,0.0
d0098_t019,baseline,baseline_zs_gpt41,late,Geometry and Measure,14.0,61.0,0.0,6.726153846153846,0.0,7.142857142857143,0.0,14.285714285714286,0.0,0.0,1.0,0.0,1.0,7.142857142857143
d0127_t009,baseline,baseline_zs_gpt41,late,Number,18.0,42.0,0.0,-1.4499999999999993,0.0,0.0,0.0,0.0,0.0,0.0,0.0,0.0,1.0,0.0
d0030_t013,baseline,baseline_zs_gpt41,late,Geometry and Measure,12.0,34.0,0.0,0.5,8.333333333333334,0.0,0.0,8.333333333333334,0.0,0.0,1.0,0.0,1.0,0.0
d0039_t048,baseline,baseline_zs_gpt41,late,Algebra,17.0,52.0,0.0,-0.4666666666666668,0.0,0.0,0.0,11.764705882352942,0.0,0.0,0.0,0.0,0.0,0.0
d0182_t013,baseline,baseline_zs_gpt41,late,Number,36.0,137.0,0.0,4.527407407407409,0.0,0.0,0.0,13.88888888888889,0.0,0.0,0.0,5.555555555555555,0.0,0.0
d0088_t027,baseline,baseline_zs_gpt41,late,Algebra,25.0,95.0,0.0,1.572727272727274,0.0,0.0,4.0,4.0,4.0,0.0,1.0,0.0,1.0,0.0
d0363_t015,baseline,baseline_zs_gpt41,late,Geometry and Measure,64.0,243.0,0.0,4.331666666666667,0.0,0.0,0.0,7.8125,0.0,0.0,1.0,1.5625,0.0,0.0
d0367_t029,baseline,baseline_zs_gpt41,late,Number,7.0,27.0,0.0,2.4833333333333343,0.0,0.0,0.0,14.285714285714286,0.0,0.0,1.0,0.0,1.0,0.0
d0315_t015,baseline,baseline_zs_gpt41,late,Data and Statistics,7.0,28.0,0.0,0.5166666666666693,0.0,0.0,0.0,0.0,0.0,0.0,0.0,0.0,0.0,0.0
d0346_t021,baseline,baseline_zs_gpt41,late,Number,15.0,43.0,0.0,-0.347307692307691,0.0,0.0,0.0,20.0,0.0,0.0,1.0,0.0,0.0,0.0
d0009_t023,baseline,baseline_zs_gpt41,late,Number,9.0,30.0,0.0,2.280000000000001,11.11111111111111,0.0,0.0,11.11111111111111,0.0,0.0,1.0,0.0,0.0,0.0
d0172_t033,baseline,baseline_zs_gpt41,late,Number,26.0,122.0,0.0,4.799347826086958,3.8461538461538463,0.0,0.0,3.8461538461538463,0.0,0.0,0.0,0.0,0.0,7.6923076923076925
d0215_t019,baseline,baseline_zs_gpt41,late,Algebra,13.0,51.0,0.0,2.4700000000000024,7.6923076923076925,0.0,0.0,7.6923076923076925,0.0,0.0,0.0,0.0,0.0,0.0
d0122_t022,baseline,baseline_zs_gpt41,late,Number,20.0,64.0,0.0,-1.254999999999999,0.0,0.0,0.0,5.0,0.0,0.0,0.0,5.0,0.0,0.0
d0298_t023,baseline,baseline_zs_gpt41,late,Number,6.0,17.0,0.0,-1.8399999999999999,0.0,0.0,0.0,16.666666666666668,0.0,0.0,1.0,0.0,0.0,0.0
d0194_t019,baseline,baseline_zs_gpt41,late,Number,4.0,9.0,0.0,-2.619999999999999,0.0,0.0,0.0,25.0,0.0,0.0,1.0,0.0,1.0,0.0
d0121_t021,baseline,baseline_zs_gpt41,late,Number,5.0,16.0,0.0,0.7199999999999989,0.0,0.0,0.0,20.0,0.0,0.0,0.0,0.0,1.0,0.0
d0374_t021,baseline,baseline_zs_gpt41,late,Algebra,14.0,57.0,0.0,2.4833333333333343,0.0,0.0,0.0,7.142857142857143,7.142857142857143,0.0,0.0,0.0,1.0,0.0
d0169_t017,baseline,baseline_zs_gpt41,late,Number,16.0,46.0,0.0,3.0953846153846136,0.0,0.0,0.0,12.5,0.0,0.0,1.0,0.0,1.0,0.0
d0276_t022,baseline,baseline_zs_gpt41,late,Number,18.0,69.0,0.0,0.6257142857142846,0.0,0.0,0.0,11.11111111111111,0.0,0.0,0.0,0.0,0.0,5.555555555555555
d0361_t019,baseline,baseline_zs_gpt41,late,Number,15.0,59.0,0.0,2.4833333333333343,0.0,0.0,0.0,13.333333333333334,0.0,0.0,0.0,0.0,0.0,0.0
d0215_t017,baseline,baseline_zs_gpt41,late,Algebra,12.0,39.0,0.0,0.5872222222222234,8.333333333333334,0.0,0.0,8.333333333333334,0.0,0.0,1.0,0.0,0.0,0.0
d0004_t015,baseline,baseline_zs_gpt41,late,Number,8.0,27.0,0.0,-1.4499999999999993,0.0,0.0,0.0,12.5,0.0,0.0,0.0,0.0,0.0,0.0
d0295_t017,baseline,baseline_zs_gpt41,late,Number,4.0,11.0,0.0,-2.619999999999999,0.0,0.0,0.0,25.0,0.0,0.0,1.0,0.0,0.0,0.0
d0242_t013,baseline,baseline_zs_gpt41,late,Data and Statistics,10.0,39.0,0.0,1.0311111111111124,0.0,10.0,0.0,0.0,0.0,0.0,1.0,0.0,1.0,0.0
d0371_t018,baseline,baseline_zs_gpt41,late,Algebra,2.0,3.0,0.0,-3.3999999999999986,0.0,0.0,0.0,0.0,0.0,0.0,1.0,0.0,0.0,0.0
d0002_t021,baseline,baseline_zs_gpt41,late,Algebra,8.0,32.0,0.0,0.5166666666666693,0.0,0.0,0.0,0.0,0.0,0.0,0.0,0.0,0.0,0.0
d0161_t023,baseline,baseline_zs_gpt41,late,Number,14.0,56.0,0.0,2.879999999999999,0.0,0.0,0.0,0.0,0.0,0.0,0.0,0.0,0.0,0.0
d0131_t034,baseline,baseline_zs_gpt41,late,Number,10.0,43.0,0.0,2.280000000000001,0.0,0.0,0.0,10.0,0.0,0.0,1.0,10.0,0.0,0.0
d0201_t013,baseline,baseline_zs_gpt41,late,Number,28.0,118.0,0.0,2.2782608695652193,0.0,0.0,0.0,3.5714285714285716,0.0,0.0,0.0,0.0,0.0,0.0
d0348_t020,baseline,baseline_zs_gpt41,late,Number,9.0,34.0,0.0,2.3114285714285714,0.0,0.0,0.0,11.11111111111111,0.0,0.0,1.0,0.0,0.0,0.0
d0278_t038,baseline,baseline_zs_gpt41,late,Number,1.0,1.0,0.0,-3.3999999999999986,0.0,0.0,0.0,0.0,0.0,0.0,0.0,0.0,0.0,0.0
d0277_t023,baseline,baseline_zs_gpt41,late,Number,6.0,19.0,0.0,-2.2299999999999986,0.0,0.0,0.0,16.666666666666668,0.0,0.0,1.0,0.0,1.0,0.0
d0147_t015,baseline,baseline_zs_gpt41,late,Number,7.0,23.0,0.0,-1.4499999999999993,0.0,0.0,0.0,14.285714285714286,0.0,0.0,0.0,0.0,1.0,0.0
d0278_t048,baseline,baseline_zs_gpt41,late,Number,22.0,79.0,0.0,0.5360526315789471,0.0,0.0,0.0,13.636363636363637,0.0,0.0,1.0,0.0,0.0,0.0
d0200_t023,baseline,baseline_zs_gpt41,late,Number,20.0,79.0,0.0,2.9977777777777774,0.0,0.0,0.0,20.0,0.0,0.0,0.0,0.0,0.0,5.0
d0170_t013,baseline,baseline_zs_gpt41,late,Number,7.0,26.0,0.0,2.4833333333333343,0.0,14.285714285714286,0.0,14.285714285714286,0.0,0.0,1.0,0.0,1.0,0.0
d0042_t019,baseline,baseline_zs_gpt41,late,Data and Statistics,12.0,45.0,0.0,1.2900000000000027,0.0,0.0,0.0,8.333333333333334,0.0,0.0,1.0,0.0,0.0,0.0
d0357_t013,baseline,baseline_zs_gpt41,late,Number,22.0,88.0,0.0,1.2900000000000027,0.0,4.545454545454546,0.0,13.636363636363637,0.0,0.0,0.0,0.0,1.0,0.0
d0000_t015,baseline,baseline_zs_gpt41,late,Algebra,5.0,20.0,0.0,0.7199999999999989,0.0,0.0,0.0,0.0,20.0,0.0,0.0,0.0,0.0,0.0
d0354_t020,baseline,baseline_zs_gpt41,late,Number,31.0,133.0,0.0,4.91076923076923,3.225806451612903,0.0,0.0,3.225806451612903,0.0,0.0,0.0,0.0,0.0,6.451612903225806
d0020_t013,baseline,baseline_zs_gpt41,late,Number,10.0,37.0,0.0,2.342222222222226,0.0,0.0,0.0,20.0,0.0,0.0,1.0,0.0,0.0,0.0
d0091_t014,baseline,baseline_zs_gpt41,late,Geometry and Measure,18.0,91.0,0.0,2.2816666666666663,0.0,0.0,0.0,5.555555555555555,0.0,0.0,1.0,0.0,1.0,5.555555555555555
d0093_t015,baseline,baseline_zs_gpt41,late,Geometry and Measure,10.0,33.0,0.0,0.8049999999999997,0.0,10.0,0.0,10.0,0.0,0.0,1.0,0.0,0.0,0.0
d0278_t042,baseline,baseline_zs_gpt41,late,Number,2.0,2.0,0.0,-3.3999999999999986,0.0,0.0,0.0,0.0,0.0,0.0,1.0,0.0,0.0,0.0
d0124_t013,baseline,baseline_zs_gpt41,late,Number,20.0,97.0,0.0,7.163333333333334,5.0,5.0,0.0,0.0,0.0,0.0,1.0,0.0,1.0,5.0
d0009_t025,baseline,baseline_zs_gpt41,late,Number,12.0,45.0,0.0,2.8566666666666656,0.0,0.0,0.0,8.333333333333334,0.0,0.0,0.0,0.0,1.0,0.0
d0110_t017,baseline,baseline_zs_gpt41,late,Number,29.0,115.0,0.0,2.9730000000000025,0.0,0.0,0.0,17.24137931034483,0.0,0.0,1.0,0.0,0.0,0.0
d0315_t013,baseline,baseline_zs_gpt41,late,Data and Statistics,36.0,158.0,0.0,4.795000000000002,0.0,2.7777777777777777,0.0,11.11111111111111,0.0,0.4,1.0,0.0,1.0,0.0
d0238_t021,baseline,baseline_zs_gpt41,late,Geometry and Measure,11.0,40.0,0.0,1.572727272727274,0.0,0.0,0.0,18.181818181818183,0.0,0.0,0.0,0.0,1.0,0.0
d0331_t033,baseline,baseline_zs_gpt41,late,Number,50.0,228.0,0.0,4.254545454545454,2.0,2.0,0.0,6.0,0.0,0.3333333333333333,0.0,2.0,0.0,4.0
d0116_t012,baseline,baseline_zs_gpt41,late,Number,14.0,40.0,0.0,1.2900000000000027,0.0,0.0,0.0,7.142857142857143,0.0,0.0,1.0,0.0,0.0,0.0
d0136_t021,baseline,baseline_zs_gpt41,late,Number,5.0,15.0,0.0,-2.619999999999999,0.0,0.0,0.0,0.0,0.0,0.0,0.0,0.0,0.0,0.0
d0222_t019,baseline,baseline_zs_gpt41,late,Algebra,45.0,180.0,0.0,3.32560810810811,2.2222222222222223,0.0,0.0,4.444444444444445,0.0,0.16666666666666666,1.0,0.0,0.0,0.0
d0267_t017,baseline,baseline_zs_gpt41,late,Number,11.0,33.0,0.0,-0.6699999999999982,9.090909090909092,0.0,0.0,9.090909090909092,0.0,0.0,0.0,0.0,0.0,0.0
d0001_t020,baseline,baseline_zs_gpt41,late,Algebra,7.0,20.0,0.0,0.5199999999999996,0.0,14.285714285714286,0.0,14.285714285714286,0.0,0.0,1.0,0.0,1.0,0.0
d0086_t019,baseline,baseline_zs_gpt41,late,Algebra,5.0,13.0,0.0,-2.2299999999999986,0.0,0.0,0.0,20.0,0.0,0.0,1.0,0.0,1.0,0.0
d0278_t050,baseline,baseline_zs_gpt41,late,Number,16.0,63.0,0.0,4.19857142857143,0.0,0.0,0.0,12.5,0.0,0.0,0.0,0.0,0.0,0.0
d0295_t019,baseline,baseline_zs_gpt41,late,Number,4.0,11.0,0.0,-2.619999999999999,0.0,0.0,0.0,25.0,0.0,0.0,1.0,0.0,0.0,0.0
d0055_t017,baseline,baseline_zs_gpt41,late,Geometry and Measure,35.0,135.0,0.0,4.420000000000002,0.0,0.0,0.0,0.0,0.0,0.0,1.0,0.0,0.0,2.857142857142857
d0210_t019,baseline,baseline_zs_gpt41,late,Algebra,26.0,100.0,0.0,7.232173913043479,0.0,0.0,0.0,7.6923076923076925,0.0,0.0,0.0,0.0,0.0,0.0
d0289_t013,baseline,baseline_zs_gpt41,late,Algebra,14.0,58.0,0.0,0.5004545454545486,0.0,0.0,0.0,7.142857142857143,0.0,0.0,0.0,0.0,0.0,0.0
d0077_t027,baseline,baseline_zs_gpt41,late,Number,19.0,85.0,0.0,7.004705882352944,0.0,0.0,0.0,5.2631578947368425,0.0,0.0,0.0,0.0,0.0,10.526315789473685
d0237_t031,baseline,baseline_zs_gpt41,late,Geometry and Measure,16.0,69.0,0.0,4.420000000000002,0.0,6.25,0.0,6.25,0.0,0.0,0.0,6.25,1.0,0.0
d0291_t013,baseline,baseline_zs_gpt41,late,Number,24.0,85.0,0.0,5.863636363636363,0.0,0.0,0.0,8.333333333333334,0.0,0.0,0.0,0.0,0.0,0.0
d0060_t013,baseline,baseline_zs_gpt41,late,Number,15.0,48.0,0.0,2.187692307692309,0.0,0.0,0.0,6.666666666666667,0.0,0.0,1.0,0.0,0.0,0.0
d0372_t013,baseline,baseline_zs_gpt41,late,Algebra,9.0,29.0,0.0,-1.0599999999999987,0.0,0.0,0.0,0.0,22.22222222222222,0.0,1.0,0.0,0.0,0.0
d0240_t019,baseline,baseline_zs_gpt41,late,Data and Statistics,26.0,105.0,0.0,2.747173913043479,3.8461538461538463,0.0,0.0,3.8461538461538463,0.0,0.0,0.0,0.0,0.0,0.0
d0217_t012,baseline,baseline_zs_gpt41,late,Algebra,14.0,55.0,0.0,2.879999999999999,0.0,0.0,0.0,0.0,0.0,0.0,0.0,0.0,0.0,0.0
d0117_t031,baseline,baseline_zs_gpt41,late,Number,10.0,38.0,0.0,-0.6699999999999982,0.0,0.0,0.0,20.0,0.0,0.0,0.0,0.0,1.0,0.0
d0259_t024,baseline,baseline_zs_gpt41,late,Data and Statistics,6.0,20.0,0.0,0.5199999999999996,0.0,0.0,0.0,0.0,16.666666666666668,0.0,0.0,0.0,0.0,0.0
d0258_t013,baseline,baseline_zs_gpt41,late,Data and Statistics,32.0,110.0,0.0,1.4750000000000014,3.125,0.0,3.125,6.25,3.125,0.0,1.0,0.0,0.0,0.0
d0372_t017,baseline,baseline_zs_gpt41,late,Algebra,14.0,44.0,0.0,-0.5722727272727273,7.142857142857143,0.0,0.0,14.285714285714286,0.0,0.0,0.0,0.0,0.0,0.0
d0344_t019,baseline,baseline_zs_gpt41,late,Algebra,14.0,48.0,0.0,0.5004545454545486,0.0,0.0,0.0,14.285714285714286,0.0,0.0,0.0,0.0,0.0,0.0
d0379_t036,baseline,baseline_zs_gpt41,late,Algebra,7.0,28.0,0.0,3.6700000000000017,0.0,0.0,0.0,14.285714285714286,0.0,0.0,1.0,0.0,0.0,0.0
d0023_t019,baseline,baseline_zs_gpt41,late,Number,18.0,52.0,0.0,1.8733333333333313,0.0,5.555555555555555,0.0,5.555555555555555,5.555555555555555,0.0,1.0,0.0,0.0,0.0
d0027_t017,baseline,baseline_zs_gpt41,late,Geometry and Measure,6.0,16.0,0.0,-2.2299999999999986,0.0,0.0,0.0,16.666666666666668,0.0,0.0,1.0,0.0,1.0,0.0
d0223_t095,baseline,baseline_zs_gpt41,late,Number,5.0,11.0,0.0,0.7199999999999989,0.0,20.0,0.0,0.0,0.0,0.0,0.0,0.0,1.0,0.0
d0037_t026,baseline,baseline_zs_gpt41,late,Data and Statistics,20.0,71.0,0.0,-0.19176470588235084,5.0,0.0,0.0,10.0,0.0,0.0,0.0,0.0,0.0,0.0
d0279_t015,baseline,baseline_zs_gpt41,late,Number,3.0,9.0,0.0,-3.01,0.0,0.0,0.0,0.0,0.0,0.0,1.0,0.0,1.0,33.333333333333336
d0153_t019,baseline,baseline_zs_gpt41,late,Number,6.0,18.0,0.0,-1.8399999999999999,0.0,0.0,0.0,0.0,0.0,0.0,1.0,0.0,0.0,0.0
d0162_t023,baseline,baseline_zs_gpt41,late,Number,16.0,67.0,0.0,0.5166666666666693,0.0,0.0,0.0,6.25,0.0,0.0,1.0,0.0,0.0,0.0
d0093_t017,baseline,baseline_zs_gpt41,late,Geometry and Measure,13.0,56.0,0.0,2.8566666666666656,0.0,0.0,0.0,0.0,0.0,0.3333333333333333,1.0,0.0,1.0,15.384615384615385
d0243_t014,baseline,baseline_zs_gpt41,late,Data and Statistics,14.0,29.0,0.0,0.8049999999999997,0.0,0.0,0.0,0.0,0.0,0.0,1.0,0.0,1.0,0.0
d0290_t012,baseline,baseline_zs_gpt41,late,Algebra,9.0,33.0,0.0,-1.4499999999999993,11.11111111111111,0.0,0.0,11.11111111111111,0.0,0.0,0.0,0.0,1.0,0.0
d0054_t021,baseline,baseline_zs_gpt41,late,Geometry and Measure,11.0,33.0,0.0,2.280000000000001,0.0,0.0,0.0,0.0,9.090909090909092,0.0,0.0,0.0,1.0,0.0
d0130_t017,baseline,baseline_zs_gpt41,late,Number,29.0,114.0,0.0,2.187692307692309,6.896551724137931,0.0,0.0,10.344827586206897,0.0,0.0,1.0,0.0,0.0,0.0
d0007_t003,frontier,deepseek_v3,early,Number,12.0,74.0,0.0,9.081818181818182,0.0,0.0,0.0,0.0,0.0,0.0,0.0,0.0,0.0,0.0
d0360_t001,frontier,deepseek_v3,early,Number,23.0,99.0,0.0,4.383823529411767,0.0,0.0,0.0,0.0,0.0,0.0,0.0,8.695652173913043,0.0,0.0
d0122_t004,frontier,deepseek_v3,early,Number,38.0,160.0,0.0,3.6887500000000024,0.0,0.0,0.0,0.0,0.0,0.5,1.0,2.6315789473684212,0.0,0.0
d0068_t003,frontier,deepseek_v3,early,Number,31.0,139.0,0.0,2.764000000000003,0.0,0.0,0.0,3.225806451612903,0.0,0.0,1.0,6.451612903225806,0.0,0.0
d0094_t005,frontier,deepseek_v3,early,Number,43.0,186.0,0.0,4.5281081081081105,4.651162790697675,0.0,0.0,2.3255813953488373,0.0,0.0,1.0,0.0,0.0,0.0
d0314_t003,frontier,deepseek_v3,early,Data and Statistics,54.0,241.0,0.0,8.38604651162791,0.0,0.0,0.0,1.8518518518518519,0.0,0.0,1.0,0.0,0.0,0.0
d0150_t005,frontier,deepseek_v3,early,Number,7.0,23.0,0.0,2.4833333333333343,0.0,0.0,0.0,14.285714285714286,0.0,0.0,0.0,0.0,1.0,0.0
d0054_t005,frontier,deepseek_v3,early,Geometry and Measure,57.0,203.0,0.0,2.6449999999999996,5.2631578947368425,3.508771929824561,0.0,1.7543859649122806,0.0,0.0,1.0,0.0,0.0,3.508771929824561
d0117_t005,frontier,deepseek_v3,early,Number,53.0,228.0,0.0,5.952727272727273,0.0,0.0,0.0,5.660377358490566,1.8867924528301887,0.0,1.0,0.0,0.0,0.0
d0131_t004,frontier,deepseek_v3,early,Number,56.0,208.0,0.0,4.565789473684209,0.0,0.0,0.0,3.5714285714285716,0.0,0.16666666666666666,1.0,0.0,0.0,0.0
d0301_t000,frontier,deepseek_v3,early,Algebra,319.0,1170.0,0.0,5.16461300309598,0.9404388714733543,1.2539184952978057,0.0,3.761755485893417,0.6269592476489029,0.16666666666666666,1.0,0.31347962382445144,0.0,0.0
d0239_t002,frontier,deepseek_v3,early,Geometry and Measure,317.0,1163.0,0.0,3.4957753623188417,0.0,0.6309148264984227,0.0,2.8391167192429023,0.31545741324921134,0.015625,1.0,0.0,0.0,0.6309148264984227
d0165_t001,frontier,deepseek_v3,early,Number,286.0,1078.0,0.0,1.1497464205623622,1.048951048951049,0.0,0.0,3.1468531468531467,0.34965034965034963,0.05357142857142857,1.0,0.0,0.0,0.0
d0065_t001,frontier,deepseek_v3,early,Number,329.0,1351.0,0.0,4.532889004149379,0.9118541033434651,0.303951367781155,0.0,5.167173252279635,0.0,0.09836065573770492,1.0,0.0,0.0,0.60790273556231
d0017_t013,frontier,deepseek_v3,early,Number,205.0,754.0,0.0,2.8281733021077287,0.0,0.4878048780487805,0.0,3.4146341463414633,0.0,0.2702702702702703,1.0,1.951219512195122,0.0,0.0
d0270_t001,frontier,deepseek_v3,early,Number,302.0,1257.0,0.0,2.331653199741435,1.6556291390728477,0.6622516556291391,0.0,4.304635761589404,0.0,0.24444444444444444,1.0,0.0,0.0,0.9933774834437086
d0186_t001,frontier,deepseek_v3,early,Number,72.0,342.0,0.0,5.419999999999998,1.3888888888888888,0.0,0.0,6.944444444444445,0.0,0.18181818181818182,1.0,2.7777777777777777,0.0,0.0
d0284_t005,frontier,deepseek_v3,early,Number,6.0,17.0,0.0,-1.8399999999999999,0.0,0.0,0.0,16.666666666666668,0.0,0.0,0.0,0.0,1.0,0.0
d0070_t005,frontier,deepseek_v3,early,Number,32.0,123.0,0.0,1.8200000000000003,0.0,0.0,0.0,3.125,0.0,0.25,1.0,0.0,0.0,3.125
d0253_t002,frontier,deepseek_v3,early,Number,54.0,218.0,0.0,3.4499999999999993,1.8518518518518519,0.0,0.0,0.0,0.0,0.0,1.0,0.0,0.0,0.0
d0160_t001,frontier,deepseek_v3,early,Number,306.0,1207.0,0.0,1.9349683448899633,1.6339869281045751,0.32679738562091504,0.0,2.9411764705882355,0.0,0.021739130434782608,1.0,0.0,0.0,0.0
d0267_t003,frontier,deepseek_v3,early,Number,6.0,13.0,0.0,-2.2299999999999986,0.0,0.0,0.0,16.666666666666668,0.0,0.0,0.0,0.0,1.0,0.0
d0319_t001,frontier,deepseek_v3,early,Number,184.0,679.0,0.0,1.0215451127819577,2.1739130434782608,0.5434782608695652,0.0,3.8043478260869565,0.5434782608695652,0.0,1.0,0.0,0.0,0.0
d0182_t003,frontier,deepseek_v3,early,Number,14.0,88.0,0.0,13.080000000000002,0.0,0.0,0.0,7.142857142857143,0.0,0.0,0.0,0.0,0.0,0.0
d0279_t005,frontier,deepseek_v3,early,Number,79.0,294.0,0.0,1.564583333333335,1.2658227848101267,1.2658227848101267,0.0,2.5316455696202533,1.2658227848101267,0.125,1.0,2.5316455696202533,0.0,0.0
d0092_t003,frontier,deepseek_v3,early,Geometry and Measure,191.0,764.0,0.0,7.712703488372092,0.5235602094240838,0.5235602094240838,0.0,5.2356020942408374,0.0,0.0,1.0,2.6178010471204187,0.0,0.5235602094240838
d0067_t003,frontier,deepseek_v3,early,Number,37.0,174.0,0.0,8.023703703703706,2.7027027027027026,8.108108108108109,0.0,2.7027027027027026,0.0,0.5,1.0,0.0,0.0,5.405405405405405
d0034_t002,frontier,deepseek_v3,early,Data and Statistics,76.0,266.0,0.0,4.044692982456141,0.0,0.0,0.0,2.6315789473684212,0.0,0.08333333333333333,1.0,2.6315789473684212,0.0,1.3157894736842106
d0321_t002,frontier,deepseek_v3,early,Algebra,49.0,191.0,0.0,5.148484848484848,2.0408163265306123,0.0,0.0,0.0,2.0408163265306123,0.0,1.0,0.0,0.0,0.0
d0132_t005,frontier,deepseek_v3,early,Number,283.0,1096.0,0.0,3.3310994170984465,0.35335689045936397,0.0,0.0,3.1802120141342756,0.0,0.02564102564102564,1.0,0.0,0.0,2.4734982332155475
d0367_t005,frontier,deepseek_v3,early,Number,29.0,124.0,0.0,1.3480000000000025,6.896551724137931,0.0,0.0,3.4482758620689653,0.0,0.25,1.0,3.4482758620689653,0.0,0.0
d0031_t005,frontier,deepseek_v3,early,Number,59.0,283.0,0.0,5.806666666666668,1.694915254237288,3.389830508474576,0.0,0.0,0.0,0.2727272727272727,1.0,3.389830508474576,0.0,0.0
d0131_t010,frontier,deepseek_v3,early,Number,154.0,645.0,0.0,4.326363636363638,0.0,1.2987012987012987,0.0,3.896103896103896,0.0,0.0,1.0,0.0,0.0,3.896103896103896
d0176_t003,frontier,deepseek_v3,early,Number,64.0,228.0,0.0,1.4747368421052656,3.125,0.0,0.0,3.125,0.0,0.09090909090909091,1.0,0.0,0.0,3.125
d0027_t005,frontier,deepseek_v3,early,Geometry and Measure,197.0,729.0,0.0,3.2987878787878806,1.015228426395939,0.5076142131979695,0.0,3.045685279187817,0.5076142131979695,0.0,1.0,0.5076142131979695,0.0,0.5076142131979695
d0302_t003,frontier,deepseek_v3,early,Geometry and Measure,27.0,106.0,0.0,2.645454545454548,0.0,7.407407407407407,0.0,3.7037037037037037,0.0,0.0,1.0,3.7037037037037037,0.0,0.0
d0201_t003,frontier,deepseek_v3,early,Number,152.0,507.0,0.0,1.129545454545454,1.9736842105263157,1.3157894736842106,0.0,2.6315789473684212,1.3157894736842106,0.0,1.0,0.0,0.0,0.0
d0011_t000,frontier,deepseek_v3,early,Number,330.0,1182.0,0.0,1.8687500000000021,0.9090909090909091,2.4242424242424243,0.0,4.545454545454546,0.0,0.0851063829787234,1.0,1.5151515151515151,0.0,0.0
d0072_t001,frontier,deepseek_v3,early,Number,33.0,133.0,0.0,3.236000000000004,3.0303030303030303,0.0,0.0,0.0,0.0,0.16666666666666666,1.0,0.0,0.0,0.0
d0223_t035,frontier,deepseek_v3,early,Number,186.0,690.0,0.0,2.9480470588235335,0.0,0.0,0.0,5.376344086021505,0.0,0.0975609756097561,1.0,0.0,0.0,0.5376344086021505
d0372_t001,frontier,deepseek_v3,early,Algebra,335.0,1361.0,0.0,3.710768992248063,0.5970149253731343,0.5970149253731343,0.0,2.6865671641791047,0.5970149253731343,0.0967741935483871,1.0,0.0,0.0,1.492537313432836
d0129_t003,frontier,deepseek_v3,early,Number,37.0,140.0,0.0,4.919516129032257,5.405405405405405,2.7027027027027026,0.0,2.7027027027027026,0.0,0.0,1.0,0.0,0.0,0.0
d0214_t003,frontier,deepseek_v3,early,Algebra,67.0,222.0,0.0,4.479523809523812,2.985074626865672,1.492537313432836,0.0,0.0,0.0,0.125,0.0,0.0,0.0,0.0
d0211_t006,frontier,deepseek_v3,early,Algebra,108.0,377.0,0.0,2.245000000000001,0.9259259259259259,0.9259259259259259,0.0,1.8518518518518519,0.9259259259259259,0.05,1.0,0.0,0.0,0.0
d0158_t002,frontier,deepseek_v3,early,Number,37.0,154.0,0.0,4.057500000000001,0.0,0.0,0.0,10.81081081081081,0.0,0.0,1.0,0.0,0.0,10.81081081081081
d0081_t005,frontier,deepseek_v3,early,Algebra,63.0,237.0,0.0,2.280000000000001,0.0,1.5873015873015872,0.0,4.761904761904762,4.761904761904762,0.1111111111111111,1.0,0.0,0.0,0.0
d0172_t007,frontier,deepseek_v3,early,Number,45.0,150.0,0.0,2.3652941176470605,2.2222222222222223,2.2222222222222223,0.0,0.0,0.0,0.0,1.0,2.2222222222222223,0.0,0.0
d0126_t002,frontier,deepseek_v3,early,Number,293.0,1146.0,0.0,2.78637440758294,0.3412969283276451,0.0,0.0,3.4129692832764507,0.0,0.21621621621621623,1.0,0.0,0.0,0.0
d0355_t003,frontier,deepseek_v3,early,Number,26.0,96.0,0.0,2.4700000000000024,0.0,0.0,0.0,0.0,3.8461538461538463,0.0,1.0,0.0,0.0,3.8461538461538463
d0005_t003,frontier,deepseek_v3,early,Number,313.0,1187.0,0.0,4.912751433038043,0.0,0.3194888178913738,0.0,1.9169329073482428,0.0,0.06666666666666667,0.0,1.597444089456869,0.0,2.236421725239617
d0329_t007,frontier,deepseek_v3,early,Number,130.0,523.0,0.0,1.5440191387559814,0.0,0.7692307692307693,0.0,4.615384615384615,0.7692307692307693,0.038461538461538464,1.0,0.0,0.0,0.0
d0071_t008,frontier,deepseek_v3,early,Number,72.0,232.0,0.0,1.508695652173916,0.0,0.0,0.0,4.166666666666667,0.0,0.18181818181818182,1.0,5.555555555555555,0.0,0.0
d0258_t001,frontier,deepseek_v3,early,Data and Statistics,23.0,72.0,0.0,0.37555555555555564,0.0,0.0,0.0,0.0,0.0,0.0,0.0,0.0,0.0,0.0
d0328_t001,frontier,deepseek_v3,early,Number,54.0,229.0,0.0,4.793197674418604,0.0,1.8518518518518519,0.0,0.0,1.8518518518518519,0.18181818181818182,0.0,3.7037037037037037,0.0,0.0
d0291_t001,frontier,deepseek_v3,early,Number,28.0,115.0,0.0,4.254545454545454,3.5714285714285716,0.0,0.0,0.0,0.0,0.3333333333333333,1.0,0.0,0.0,0.0
d0376_t003,frontier,deepseek_v3,early,Algebra,163.0,590.0,0.0,1.7371657754010705,0.6134969325153374,0.0,0.0,1.8404907975460123,0.6134969325153374,0.1,1.0,0.0,0.0,0.6134969325153374
d0206_t003,frontier,deepseek_v3,early,Algebra,8.0,18.0,0.0,-1.4499999999999993,0.0,0.0,0.0,12.5,0.0,0.0,0.0,0.0,0.0,0.0
d0088_t009,frontier,deepseek_v3,early,Algebra,53.0,162.0,0.0,0.5661764705882355,0.0,0.0,0.0,0.0,3.7735849056603774,0.0,1.0,0.0,1.0,1.8867924528301887
d0071_t002,frontier,deepseek_v3,early,Number,349.0,1120.0,0.0,1.2785338345864652,1.146131805157593,0.8595988538681948,0.0,1.4326647564469914,0.28653295128939826,0.075,1.0,0.0,0.0,0.28653295128939826
d0260_t001,frontier,deepseek_v3,early,Data and Statistics,155.0,619.0,0.0,4.923333333333336,1.2903225806451613,0.0,0.0,1.935483870967742,1.2903225806451613,0.02857142857142857,1.0,1.935483870967742,0.0,1.2903225806451613
d0029_t001,frontier,deepseek_v3,early,Geometry and Measure,74.0,367.0,0.0,6.901290322580646,0.0,0.0,0.0,2.7027027027027026,0.0,0.15789473684210525,0.0,1.3513513513513513,0.0,1.3513513513513513
d0158_t000,frontier,deepseek_v3,early,Number,337.0,1201.0,0.0,3.401540284360191,0.5934718100890207,0.8902077151335311,0.0,5.044510385756676,0.0,0.0,1.0,0.0,0.0,4.747774480712166
d0290_t004,frontier,deepseek_v3,early,Algebra,116.0,420.0,0.0,2.604108108108111,0.0,0.8620689655172413,0.0,5.172413793103448,0.0,0.2,1.0,0.0,0.0,1.7241379310344827
d0129_t001,frontier,deepseek_v3,early,Number,48.0,199.0,0.0,3.9518421052631574,2.0833333333333335,0.0,0.0,0.0,0.0,0.2,1.0,0.0,0.0,2.0833333333333335
d0211_t004,frontier,deepseek_v3,early,Algebra,284.0,1017.0,0.0,1.6518012422360258,0.704225352112676,0.352112676056338,0.0,3.8732394366197185,0.352112676056338,0.0392156862745098,1.0,0.0,0.0,0.0
d0031_t009,frontier,deepseek_v3,early,Number,201.0,808.0,0.0,2.099478114478117,0.0,0.0,0.0,3.482587064676617,0.0,0.0,1.0,0.0,0.0,2.487562189054726
d0170_t001,frontier,deepseek_v3,early,Number,38.0,161.0,0.0,4.046451612903226,2.6315789473684212,0.0,0.0,0.0,0.0,0.16666666666666666,1.0,0.0,0.0,0.0
d0070_t007,frontier,deepseek_v3,early,Number,59.0,207.0,0.0,2.2716666666666683,3.389830508474576,0.0,1.694915254237288,5.084745762711864,0.0,0.18181818181818182,1.0,3.389830508474576,0.0,0.0
d0289_t003,frontier,deepseek_v3,early,Algebra,236.0,930.0,0.0,3.396704545454547,0.0,0.0,0.0,5.084745762711864,0.0,0.04081632653061224,1.0,2.9661016949152543,0.0,1.694915254237288
d0169_t001,frontier,deepseek_v3,early,Number,262.0,935.0,0.0,1.2355052339243748,0.3816793893129771,0.7633587786259542,0.0,3.816793893129771,0.0,0.047619047619047616,1.0,0.0,0.0,0.3816793893129771
d0326_t001,frontier,deepseek_v3,early,Number,74.0,269.0,0.0,3.4720000000000013,1.3513513513513513,0.0,0.0,2.7027027027027026,0.0,0.0,1.0,0.0,0.0,4.054054054054054
d0309_t002,frontier,deepseek_v3,early,Data and Statistics,54.0,220.0,0.0,4.682222222222226,1.8518518518518519,1.8518518518518519,0.0,1.8518518518518519,0.0,0.0,0.0,5.555555555555555,1.0,3.7037037037037037
d0290_t002,frontier,deepseek_v3,early,Algebra,268.0,919.0,0.0,4.258214285714288,0.0,1.492537313432836,0.0,4.477611940298507,0.0,0.16129032258064516,1.0,0.0,0.0,1.492537313432836
d0314_t001,frontier,deepseek_v3,early,Data and Statistics,52.0,202.0,0.0,3.9489634146341466,1.9230769230769231,0.0,0.0,3.8461538461538463,0.0,0.0,1.0,0.0,0.0,0.0
d0185_t003,frontier,deepseek_v3,early,Number,27.0,119.0,0.0,4.790909090909089,3.7037037037037037,3.7037037037037037,0.0,7.407407407407407,0.0,0.0,1.0,0.0,0.0,3.7037037037037037
d0045_t004,frontier,deepseek_v3,early,Number,73.0,307.0,0.0,4.5738518518518525,0.0,0.0,0.0,4.109589041095891,0.0,0.15384615384615385,1.0,0.0,0.0,0.0
d0123_t005,frontier,deepseek_v3,early,Number,27.0,114.0,0.0,3.2602173913043515,7.407407407407407,7.407407407407407,0.0,0.0,0.0,0.3333333333333333,1.0,0.0,0.0,0.0
d0221_t009,frontier,deepseek_v3,early,Algebra,32.0,95.0,0.0,1.0363636363636353,0.0,6.25,0.0,3.125,0.0,0.0,1.0,6.25,0.0,0.0
d0049_t001,frontier,deepseek_v3,early,Geometry and Measure,93.0,392.0,0.0,4.156594911937379,4.301075268817204,0.0,0.0,4.301075268817204,0.0,0.21052631578947367,1.0,3.225806451612903,0.0,1.075268817204301
d0025_t001,frontier,deepseek_v3,early,Geometry and Measure,28.0,125.0,0.0,5.312391304347827,0.0,3.5714285714285716,0.0,0.0,0.0,0.0,1.0,3.5714285714285716,0.0,3.5714285714285716
d0331_t003,frontier,deepseek_v3,early,Number,74.0,279.0,0.0,7.84340425531915,2.7027027027027026,0.0,0.0,1.3513513513513513,0.0,0.25,1.0,0.0,0.0,5.405405405405405
d0079_t003,frontier,deepseek_v3,early,Number,67.0,224.0,0.0,5.616470588235295,0.0,1.492537313432836,0.0,2.985074626865672,0.0,0.0,0.0,0.0,0.0,0.0
d0360_t003,frontier,deepseek_v3,early,Number,35.0,160.0,0.0,6.712592592592596,2.857142857142857,0.0,0.0,0.0,0.0,0.2,1.0,0.0,0.0,2.857142857142857
d0221_t005,frontier,deepseek_v3,early,Algebra,29.0,110.0,0.0,1.572727272727274,3.4482758620689653,3.4482758620689653,0.0,0.0,0.0,0.0,1.0,3.4482758620689653,0.0,0.0
d0235_t003,frontier,deepseek_v3,early,Algebra,17.0,72.0,0.0,1.4685714285714297,5.882352941176471,0.0,0.0,11.764705882352942,0.0,0.0,0.0,0.0,0.0,0.0
d0080_t009,frontier,deepseek_v3,early,Number,4.0,10.0,0.0,-2.619999999999999,0.0,0.0,0.0,0.0,0.0,0.0,1.0,0.0,1.0,0.0
d0072_t005,frontier,deepseek_v3,early,Number,86.0,270.0,0.0,4.158869565217394,0.0,0.0,0.0,2.3255813953488373,0.0,0.08695652173913043,0.0,0.0,0.0,2.3255813953488373
d0047_t001,frontier,deepseek_v3,early,Geometry and Measure,77.0,275.0,0.0,3.481259259259261,1.2987012987012987,0.0,0.0,1.2987012987012987,2.5974025974025974,0.0,1.0,0.0,0.0,0.0
d0248_t007,frontier,deepseek_v3,early,Number,20.0,87.0,0.0,3.7550000000000026,0.0,0.0,0.0,0.0,0.0,0.3333333333333333,1.0,0.0,0.0,0.0
d0015_t005,frontier,deepseek_v3,early,Geometry and Measure,31.0,147.0,0.0,4.19857142857143,0.0,0.0,0.0,0.0,0.0,0.0,0.0,0.0,0.0,9.67741935483871
d0347_t003,frontier,deepseek_v3,early,Number,27.0,65.0,0.0,0.8900000000000006,0.0,0.0,0.0,3.7037037037037037,0.0,0.0,0.0,0.0,0.0,0.0
d0105_t005,frontier,deepseek_v3,early,Geometry and Measure,25.0,91.0,0.0,2.301470588235297,0.0,8.0,0.0,4.0,0.0,0.0,1.0,0.0,0.0,0.0
d0161_t001,frontier,deepseek_v3,early,Number,43.0,181.0,0.0,4.036764705882355,2.3255813953488373,2.3255813953488373,0.0,0.0,0.0,0.0,1.0,4.651162790697675,0.0,2.3255813953488373
d0192_t003,frontier,deepseek_v3,early,Number,340.0,1246.0,0.0,2.232146348275382,0.5882352941176471,0.8823529411764706,0.0,2.9411764705882355,0.5882352941176471,0.2222222222222222,1.0,2.0588235294117645,0.0,0.5882352941176471
d0300_t001,frontier,deepseek_v3,early,Number,321.0,1175.0,0.0,2.882769230769231,0.9345794392523364,0.0,0.0,2.803738317757009,0.0,0.041666666666666664,1.0,0.0,0.0,2.1806853582554515
d0333_t001,frontier,deepseek_v3,early,Number,247.0,919.0,0.0,2.304733918128658,0.8097165991902834,0.8097165991902834,0.0,6.882591093117409,0.0,0.02857142857142857,1.0,0.0,0.0,2.834008097165992
d0368_t000,frontier,deepseek_v3,early,Number,56.0,214.0,0.0,3.9573809523809516,0.0,3.5714285714285716,0.0,0.0,0.0,0.0,1.0,3.5714285714285716,1.0,3.5714285714285716
d0247_t003,frontier,deepseek_v3,early,Number,45.0,143.0,0.0,1.8883333333333354,0.0,0.0,0.0,6.666666666666667,0.0,0.0,0.0,0.0,0.0,6.666666666666667
d0162_t003,frontier,deepseek_v3,early,Number,47.0,171.0,0.0,-0.4307518796992458,0.0,2.127659574468085,0.0,0.0,0.0,0.0,0.0,0.0,0.0,0.0
d0294_t013,frontier,deepseek_v3,middle,Number,36.0,95.0,0.0,-1.6449999999999996,0.0,2.7777777777777777,0.0,5.555555555555555,0.0,0.0,1.0,0.0,0.0,2.7777777777777777
d0201_t011,frontier,deepseek_v3,middle,Number,70.0,204.0,0.0,6.061451612903227,0.0,0.0,0.0,4.285714285714286,0.0,0.0,0.0,1.4285714285714286,0.0,1.4285714285714286
d0227_t012,frontier,deepseek_v3,middle,Algebra,29.0,85.0,0.0,0.5360526315789471,0.0,3.4482758620689653,0.0,6.896551724137931,0.0,0.0,0.0,0.0,0.0,0.0
d0139_t005,frontier,deepseek_v3,middle,Number,31.0,149.0,0.0,7.8776086956521745,6.451612903225806,9.67741935483871,0.0,0.0,0.0,0.3333333333333333,1.0,0.0,0.0,3.225806451612903
d0136_t015,frontier,deepseek_v3,middle,Number,62.0,227.0,0.0,3.0855487804878052,0.0,0.0,0.0,4.838709677419355,0.0,0.0,1.0,0.0,0.0,0.0
d0246_t011,frontier,deepseek_v3,middle,Geometry and Measure,102.0,353.0,0.0,3.2566666666666677,0.0,0.9803921568627451,0.0,3.9215686274509802,0.0,0.0,1.0,0.0,0.0,0.9803921568627451
d0333_t009,frontier,deepseek_v3,middle,Number,96.0,295.0,0.0,1.6073529411764724,0.0,1.0416666666666667,0.0,4.166666666666667,0.0,0.0,1.0,1.0416666666666667,0.0,1.0416666666666667
d0221_t007,frontier,deepseek_v3,early,Algebra,182.0,601.0,0.0,1.1158198198198228,0.5494505494505495,1.098901098901099,0.0,3.8461538461538463,0.0,0.03333333333333333,1.0,0.0,0.0,0.0
d0093_t011,frontier,deepseek_v3,middle,Geometry and Measure,30.0,104.0,0.0,2.3649999999999984,0.0,0.0,0.0,3.3333333333333335,0.0,0.0,0.0,0.0,0.0,0.0
d0223_t051,frontier,deepseek_v3,middle,Number,14.0,37.0,0.0,3.7550000000000026,0.0,0.0,0.0,7.142857142857143,0.0,0.0,0.0,0.0,0.0,0.0
d0086_t015,frontier,deepseek_v3,middle,Algebra,74.0,248.0,0.0,2.4120000000000026,0.0,1.3513513513513513,0.0,6.756756756756757,2.7027027027027026,0.08333333333333333,0.0,0.0,0.0,0.0
d0238_t009,frontier,deepseek_v3,middle,Geometry and Measure,46.0,178.0,0.0,3.512222222222224,0.0,0.0,0.0,4.3478260869565215,0.0,0.0,1.0,0.0,0.0,2.1739130434782608
d0195_t005,frontier,deepseek_v3,middle,Number,52.0,195.0,0.0,4.248397435897434,0.0,0.0,0.0,1.9230769230769231,0.0,0.0,0.0,1.9230769230769231,0.0,0.0
d0271_t005,frontier,deepseek_v3,middle,Number,8.0,28.0,0.0,2.3114285714285714,0.0,0.0,0.0,12.5,0.0,0.0,0.0,0.0,0.0,12.5
d0203_t009,frontier,deepseek_v3,middle,Algebra,12.0,33.0,0.0,-1.0599999999999987,0.0,0.0,0.0,0.0,8.333333333333334,0.0,1.0,0.0,0.0,0.0
d0324_t020,frontier,deepseek_v3,middle,Algebra,126.0,422.0,0.0,3.7029452054794554,0.7936507936507936,0.0,0.0,3.1746031746031744,0.0,0.038461538461538464,0.0,1.5873015873015872,0.0,0.0
d0316_t009,frontier,deepseek_v3,middle,Data and Statistics,11.0,46.0,0.0,4.964444444444446,0.0,0.0,0.0,0.0,0.0,0.0,0.0,0.0,0.0,0.0
d0255_t031,frontier,deepseek_v3,middle,Geometry and Measure,152.0,584.0,0.0,3.8696393442622963,1.3157894736842106,0.0,0.0,4.605263157894737,1.3157894736842106,0.05555555555555555,1.0,1.3157894736842106,0.0,0.0
d0005_t009,frontier,deepseek_v3,middle,Number,1.0,5.0,0.0,-3.3999999999999986,0.0,0.0,0.0,0.0,0.0,0.0,0.0,0.0,0.0,0.0
d0294_t015,frontier,deepseek_v3,middle,Number,77.0,245.0,0.0,1.951629629629629,0.0,0.0,0.0,5.194805194805195,1.2987012987012987,0.0,1.0,2.5974025974025974,1.0,2.5974025974025974
d0246_t007,frontier,deepseek_v3,middle,Geometry and Measure,5.0,16.0,0.0,-2.2299999999999986,0.0,0.0,0.0,20.0,0.0,0.0,0.0,0.0,1.0,0.0
d0140_t011,frontier,deepseek_v3,middle,Number,7.0,24.0,0.0,2.4833333333333343,0.0,0.0,0.0,14.285714285714286,0.0,0.0,0.0,0.0,1.0,0.0
d0374_t015,frontier,deepseek_v3,middle,Algebra,51.0,195.0,0.0,3.6764285714285734,0.0,0.0,0.0,0.0,0.0,0.5454545454545454,0.0,1.9607843137254901,0.0,0.0
d0236_t009,frontier,deepseek_v3,middle,Data and Statistics,17.0,68.0,0.0,4.19857142857143,0.0,0.0,0.0,0.0,5.882352941176471,0.0,0.0,0.0,0.0,0.0
d0183_t013,frontier,deepseek_v3,middle,Number,1.0,1.0,0.0,-3.3999999999999986,0.0,0.0,0.0,0.0,0.0,0.0,0.0,0.0,0.0,0.0
d0176_t009,frontier,deepseek_v3,middle,Number,33.0,132.0,0.0,4.191153846153846,0.0,0.0,0.0,12.121212121212121,0.0,0.0,0.0,0.0,0.0,3.0303030303030303
d0250_t007,frontier,deepseek_v3,middle,Number,34.0,121.0,0.0,1.85923076923077,0.0,2.9411764705882355,0.0,5.882352941176471,0.0,0.0,1.0,0.0,0.0,2.9411764705882355
d0296_t023,frontier,deepseek_v3,middle,Number,90.0,383.0,0.0,4.813732394366198,0.0,0.0,0.0,2.2222222222222223,2.2222222222222223,0.0,1.0,2.2222222222222223,0.0,0.0
d0280_t009,frontier,deepseek_v3,middle,Number,110.0,384.0,0.0,2.505400696864111,0.0,0.0,0.9090909090909091,7.2727272727272725,2.727272727272727,0.0,1.0,0.0,0.0,0.9090909090909091
d0232_t007,frontier,deepseek_v3,middle,Data and Statistics,147.0,557.0,0.0,5.505606060606063,0.0,0.0,0.0,3.401360544217687,0.0,0.030303030303030304,0.0,0.6802721088435374,0.0,0.0
d0221_t015,frontier,deepseek_v3,middle,Algebra,48.0,150.0,0.0,1.572727272727274,0.0,0.0,0.0,2.0833333333333335,2.0833333333333335,0.0,0.0,0.0,0.0,0.0
d0230_t011,frontier,deepseek_v3,middle,Data and Statistics,94.0,304.0,0.0,2.2771428571428594,1.0638297872340425,1.0638297872340425,0.0,4.25531914893617,0.0,0.0,0.0,1.0638297872340425,0.0,1.0638297872340425
d0293_t015,frontier,deepseek_v3,middle,Number,78.0,281.0,0.0,1.2280000000000015,0.0,0.0,0.0,1.2820512820512822,0.0,0.09090909090909091,1.0,0.0,0.0,1.2820512820512822
d0041_t015,frontier,deepseek_v3,middle,Data and Statistics,44.0,154.0,0.0,5.462857142857143,0.0,0.0,0.0,0.0,0.0,0.375,0.0,2.272727272727273,0.0,0.0
d0137_t011,frontier,deepseek_v3,middle,Number,8.0,34.0,0.0,0.8049999999999997,0.0,0.0,0.0,12.5,0.0,0.0,0.0,0.0,0.0,0.0
d0112_t005,frontier,deepseek_v3,middle,Number,38.0,111.0,0.0,-0.9346666666666668,0.0,0.0,0.0,2.6315789473684212,0.0,0.0,0.0,0.0,0.0,0.0
d0277_t011,frontier,deepseek_v3,middle,Number,2.0,4.0,0.0,-3.3999999999999986,0.0,0.0,0.0,0.0,0.0,0.0,0.0,0.0,0.0,0.0
d0369_t009,frontier,deepseek_v3,middle,Data and Statistics,205.0,785.0,0.0,19.486,0.0,0.0,0.0,1.4634146341463414,0.0,0.04,0.0,0.975609756097561,0.0,2.926829268292683
d0210_t011,frontier,deepseek_v3,middle,Algebra,22.0,84.0,0.0,1.4288095238095266,4.545454545454546,0.0,0.0,4.545454545454546,0.0,0.0,1.0,0.0,0.0,0.0
d0021_t013,frontier,deepseek_v3,middle,Number,41.0,172.0,0.0,2.895500000000002,0.0,0.0,0.0,0.0,0.0,0.0,0.0,0.0,0.0,0.0
d0272_t019,frontier,deepseek_v3,middle,Number,30.0,133.0,0.0,2.7792592592592626,0.0,0.0,0.0,6.666666666666667,3.3333333333333335,0.0,1.0,0.0,1.0,0.0
d0203_t011,frontier,deepseek_v3,middle,Algebra,79.0,262.0,0.0,1.7620000000000005,0.0,0.0,0.0,3.7974683544303796,1.2658227848101267,0.0,0.0,0.0,0.0,0.0
d0068_t015,frontier,deepseek_v3,middle,Number,23.0,103.0,0.0,6.125526315789475,0.0,4.3478260869565215,0.0,8.695652173913043,0.0,0.2,0.0,0.0,0.0,0.0
d0263_t009,frontier,deepseek_v3,middle,Number,16.0,55.0,0.0,2.187692307692309,0.0,0.0,0.0,6.25,0.0,0.0,0.0,0.0,1.0,0.0
d0284_t023,frontier,deepseek_v3,middle,Number,13.0,47.0,0.0,2.6459090909090897,0.0,0.0,0.0,0.0,7.6923076923076925,0.0,1.0,0.0,0.0,0.0
d0048_t013,frontier,deepseek_v3,middle,Geometry and Measure,31.0,119.0,0.0,4.91076923076923,0.0,0.0,0.0,6.451612903225806,0.0,0.0,1.0,0.0,1.0,0.0
d0023_t009,frontier,deepseek_v3,middle,Number,73.0,271.0,0.0,1.0750649350649368,0.0,0.0,0.0,0.0,0.0,0.0,0.0,1.36986301369863,0.0,0.0
d0270_t013,frontier,deepseek_v3,middle,Number,11.0,42.0,0.0,1.0311111111111124,9.090909090909092,0.0,0.0,18.181818181818183,0.0,0.0,0.0,0.0,0.0,0.0
d0078_t006,frontier,deepseek_v3,middle,Number,190.0,716.0,0.0,1.4647222222222247,0.0,2.6315789473684212,0.0,5.7894736842105265,0.0,0.0,1.0,2.6315789473684212,0.0,1.5789473684210527
d0341_t016,frontier,deepseek_v3,middle,Number,279.0,1106.0,0.0,4.659939209726446,0.0,0.7168458781362007,0.0,1.4336917562724014,0.0,0.08620689655172414,1.0,0.0,0.0,0.0
d0264_t007,frontier,deepseek_v3,middle,Number,35.0,141.0,0.0,2.9045161290322596,0.0,0.0,0.0,2.857142857142857,0.0,0.3333333333333333,1.0,0.0,0.0,0.0
d0150_t011,frontier,deepseek_v3,middle,Number,77.0,296.0,0.0,5.385047169811319,0.0,0.0,0.0,3.896103896103896,0.0,0.0,0.0,3.896103896103896,0.0,0.0
d0047_t011,frontier,deepseek_v3,middle,Geometry and Measure,112.0,359.0,0.0,3.1275091575091594,0.0,0.0,0.0,5.357142857142857,0.0,0.037037037037037035,0.0,0.8928571428571429,0.0,0.0
d0348_t014,frontier,deepseek_v3,middle,Number,77.0,295.0,0.0,2.4907142857142865,0.0,0.0,0.0,2.5974025974025974,1.2987012987012987,0.0,1.0,1.2987012987012987,0.0,0.0
d0143_t012,frontier,deepseek_v3,middle,Number,42.0,117.0,0.0,-0.5556034482758605,2.380952380952381,0.0,0.0,7.142857142857143,0.0,0.0,1.0,2.380952380952381,0.0,0.0
d0192_t015,frontier,deepseek_v3,middle,Number,6.0,21.0,0.0,0.5199999999999996,0.0,0.0,0.0,16.666666666666668,0.0,0.0,0.0,0.0,1.0,0.0
d0340_t009,frontier,deepseek_v3,middle,Number,97.0,434.0,0.0,5.820545774647886,0.0,0.0,0.0,2.0618556701030926,0.0,0.25,1.0,0.0,0.0,0.0
d0272_t027,frontier,deepseek_v3,middle,Number,113.0,450.0,0.0,1.7774350649350659,0.0,0.8849557522123894,0.0,2.6548672566371683,1.7699115044247788,0.0,1.0,0.0,0.0,0.8849557522123894
d0360_t011,frontier,deepseek_v3,middle,Number,2.0,3.0,0.0,-3.3999999999999986,0.0,0.0,0.0,0.0,0.0,0.0,1.0,0.0,0.0,0.0
d0305_t010,frontier,deepseek_v3,middle,Number,62.0,220.0,0.0,1.372334494773522,0.0,0.0,0.0,6.451612903225806,0.0,0.0,1.0,0.0,0.0,0.0
d0095_t011,frontier,deepseek_v3,middle,Number,6.0,13.0,0.0,-2.619999999999999,0.0,0.0,0.0,0.0,0.0,0.0,1.0,0.0,0.0,0.0
d0168_t012,frontier,deepseek_v3,middle,Number,33.0,118.0,0.0,0.5004545454545486,0.0,0.0,0.0,12.121212121212121,0.0,0.2,1.0,0.0,0.0,0.0
d0346_t013,frontier,deepseek_v3,middle,Number,376.0,1096.0,0.0,2.425561686161995,0.0,0.26595744680851063,0.0,1.8617021276595744,0.0,0.0,1.0,0.0,0.0,0.7978723404255319
d0122_t012,frontier,deepseek_v3,middle,Number,37.0,147.0,0.0,3.653333333333336,0.0,0.0,0.0,2.7027027027027026,2.7027027027027026,0.25,1.0,0.0,0.0,0.0
d0279_t009,frontier,deepseek_v3,middle,Number,29.0,104.0,0.0,0.2260869565217387,3.4482758620689653,0.0,0.0,0.0,0.0,0.0,1.0,6.896551724137931,0.0,0.0
d0174_t007,frontier,deepseek_v3,middle,Number,40.0,169.0,0.0,5.395,0.0,0.0,0.0,2.5,2.5,0.2,1.0,0.0,0.0,0.0
d0076_t007,frontier,deepseek_v3,middle,Number,26.0,85.0,0.0,0.6999999999999993,0.0,7.6923076923076925,0.0,7.6923076923076925,0.0,0.0,0.0,0.0,0.0,3.8461538461538463
d0360_t007,frontier,deepseek_v3,middle,Number,2.0,4.0,0.0,-3.3999999999999986,0.0,0.0,0.0,0.0,0.0,0.0,0.0,0.0,0.0,0.0
d0248_t029,frontier,deepseek_v3,middle,Number,4.0,16.0,0.0,5.246666666666666,0.0,0.0,0.0,0.0,0.0,0.0,0.0,0.0,0.0,0.0
d0018_t009,frontier,deepseek_v3,middle,Number,34.0,117.0,0.0,3.304347826086957,0.0,2.9411764705882355,0.0,5.882352941176471,0.0,0.0,0.0,0.0,0.0,2.9411764705882355
d0039_t028,frontier,deepseek_v3,middle,Algebra,255.0,810.0,0.0,1.3519696969697002,0.39215686274509803,0.0,0.0,3.9215686274509802,0.0,0.0,1.0,0.0,0.0,0.7843137254901961
d0123_t007,frontier,deepseek_v3,middle,Number,2.0,4.0,0.0,-3.3999999999999986,0.0,0.0,0.0,0.0,0.0,0.0,1.0,0.0,0.0,0.0
d0100_t021,frontier,deepseek_v3,middle,Number,22.0,89.0,0.0,3.7944444444444443,0.0,0.0,0.0,4.545454545454546,0.0,0.5,0.0,0.0,0.0,9.090909090909092
d0296_t013,frontier,deepseek_v3,middle,Number,,,,,,,,,,,,,,
d0364_t005,frontier,deepseek_v3,middle,Data and Statistics,47.0,190.0,0.0,2.433012820512822,0.0,4.25531914893617,2.127659574468085,2.127659574468085,4.25531914893617,0.0,0.0,0.0,0.0,0.0
d0198_t007,frontier,deepseek_v3,middle,Number,15.0,50.0,0.0,1.5731818181818191,0.0,0.0,0.0,13.333333333333334,0.0,0.0,0.0,0.0,0.0,0.0
d0105_t011,frontier,deepseek_v3,middle,Geometry and Measure,53.0,177.0,0.0,0.8750000000000036,0.0,0.0,0.0,9.433962264150944,0.0,0.0,1.0,1.8867924528301887,0.0,0.0
d0292_t011,frontier,deepseek_v3,middle,Data and Statistics,35.0,143.0,0.0,2.8000000000000007,0.0,0.0,0.0,2.857142857142857,0.0,0.0,0.0,0.0,0.0,0.0
d0279_t011,frontier,deepseek_v3,middle,Number,19.0,61.0,0.0,-0.07833333333333137,0.0,0.0,0.0,10.526315789473685,0.0,0.0,1.0,5.2631578947368425,0.0,0.0
d0293_t009,frontier,deepseek_v3,middle,Number,76.0,305.0,0.0,2.202850877192983,0.0,1.3157894736842106,0.0,2.6315789473684212,0.0,0.0,1.0,0.0,0.0,0.0
d0104_t009,frontier,deepseek_v3,middle,Geometry and Measure,30.0,92.0,0.0,1.3480000000000025,0.0,0.0,0.0,13.333333333333334,0.0,0.0,0.0,0.0,0.0,0.0
d0007_t007,frontier,deepseek_v3,middle,Number,28.0,106.0,0.0,4.800238095238097,0.0,3.5714285714285716,0.0,10.714285714285714,0.0,0.0,0.0,3.5714285714285716,0.0,0.0
d0378_t005,frontier,deepseek_v3,middle,Algebra,333.0,1226.0,0.0,5.93683257918552,0.3003003003003003,0.6006006006006006,0.3003003003003003,2.1021021021021022,0.3003003003003003,0.1,1.0,3.6036036036036037,0.0,0.9009009009009009
d0191_t006,frontier,deepseek_v3,middle,Number,14.0,55.0,0.0,2.6459090909090897,0.0,0.0,0.0,7.142857142857143,0.0,0.0,0.0,0.0,0.0,0.0
d0010_t017,frontier,deepseek_v3,middle,Algebra,35.0,108.0,0.0,2.55261904761905,0.0,0.0,0.0,5.714285714285714,0.0,0.0,1.0,0.0,0.0,0.0
d0166_t013,frontier,deepseek_v3,middle,Number,52.0,186.0,0.0,-0.38842105263157833,0.0,1.9230769230769231,0.0,7.6923076923076925,0.0,0.0,1.0,0.0,0.0,1.9230769230769231
d0018_t007,frontier,deepseek_v3,middle,Number,5.0,12.0,0.0,-2.619999999999999,0.0,0.0,0.0,0.0,0.0,0.0,0.0,0.0,0.0,0.0
d0112_t007,frontier,deepseek_v3,middle,Number,10.0,31.0,0.0,2.280000000000001,0.0,0.0,0.0,10.0,0.0,0.0,0.0,0.0,0.0,0.0
d0042_t009,frontier,deepseek_v3,middle,Data and Statistics,72.0,289.0,0.0,7.346315789473689,1.3888888888888888,1.3888888888888888,0.0,2.7777777777777777,0.0,0.058823529411764705,1.0,0.0,0.0,1.3888888888888888
d0022_t013,frontier,deepseek_v3,middle,Number,82.0,308.0,0.0,2.4700000000000024,2.4390243902439024,0.0,0.0,0.0,2.4390243902439024,0.0,1.0,3.658536585365854,0.0,0.0
d0181_t013,frontier,deepseek_v3,middle,Number,14.0,41.0,0.0,-2.2299999999999986,0.0,0.0,0.0,0.0,0.0,0.0,0.0,0.0,0.0,0.0
d0166_t015,frontier,deepseek_v3,middle,Number,58.0,232.0,0.0,3.2820212765957457,1.7241379310344827,1.7241379310344827,0.0,5.172413793103448,0.0,0.0,0.0,0.0,0.0,0.0
d0196_t011,frontier,deepseek_v3,middle,Number,26.0,103.0,0.0,3.0599999999999987,0.0,0.0,0.0,0.0,0.0,0.0,0.0,0.0,0.0,0.0
d0193_t013,frontier,deepseek_v3,middle,Number,207.0,633.0,0.0,4.515070290534208,0.0,0.0,0.0,1.932367149758454,0.0,0.02564102564102564,0.0,1.932367149758454,0.0,2.4154589371980677
d0125_t015,frontier,deepseek_v3,middle,Number,26.0,90.0,0.0,1.572727272727274,0.0,0.0,0.0,0.0,0.0,0.0,0.0,0.0,0.0,0.0
d0117_t019,frontier,deepseek_v3,middle,Number,75.0,297.0,0.0,0.95948717948718,0.0,2.6666666666666665,0.0,4.0,0.0,0.15384615384615385,1.0,0.0,0.0,0.0
d0312_t009,frontier,deepseek_v3,middle,Algebra,125.0,522.0,0.0,4.951135531135531,0.0,0.8,0.0,2.4,0.0,0.05555555555555555,1.0,3.2,0.0,0.0
d0313_t012,frontier,deepseek_v3,middle,Number,21.0,71.0,0.0,-0.5722727272727273,0.0,0.0,0.0,9.523809523809524,0.0,0.0,0.0,0.0,1.0,0.0
d0030_t017,frontier,deepseek_v3,late,Geometry and Measure,19.0,56.0,0.0,0.560384615384617,0.0,5.2631578947368425,0.0,5.2631578947368425,0.0,0.0,1.0,0.0,0.0,0.0
d0164_t013,frontier,deepseek_v3,late,Number,43.0,157.0,0.0,-1.1085227272727263,0.0,2.3255813953488373,0.0,4.651162790697675,0.0,0.0,0.0,0.0,0.0,0.0
d0077_t029,frontier,deepseek_v3,late,Number,1.0,1.0,0.0,-3.3999999999999986,0.0,0.0,0.0,0.0,0.0,0.0,0.0,0.0,0.0,0.0
d0317_t015,frontier,deepseek_v3,late,Data and Statistics,18.0,63.0,0.0,0.6257142857142846,0.0,0.0,0.0,11.11111111111111,0.0,0.0,1.0,0.0,0.0,0.0
d0149_t053,frontier,deepseek_v3,late,Number,41.0,129.0,0.0,3.0856896551724162,0.0,0.0,0.0,2.4390243902439024,0.0,0.0,0.0,0.0,0.0,0.0
d0206_t019,frontier,deepseek_v3,late,Algebra,28.0,119.0,0.0,2.2782608695652193,3.5714285714285716,0.0,0.0,3.5714285714285716,0.0,0.5,0.0,0.0,0.0,0.0
d0348_t012,frontier,deepseek_v3,middle,Number,149.0,583.0,0.0,2.5659385113268627,0.0,0.0,0.0,4.697986577181208,0.0,0.0,1.0,0.0,0.0,0.6711409395973155
d0174_t015,frontier,deepseek_v3,late,Number,32.0,136.0,0.0,2.375769230769233,0.0,0.0,3.125,6.25,0.0,0.25,0.0,0.0,0.0,3.125
d0137_t017,frontier,deepseek_v3,late,Number,51.0,213.0,0.0,5.206666666666667,1.9607843137254901,0.0,0.0,3.9215686274509802,0.0,0.08333333333333333,0.0,0.0,0.0,1.9607843137254901
d0374_t013,frontier,deepseek_v3,middle,Algebra,131.0,550.0,0.0,5.729153952843276,0.0,0.0,0.0,2.2900763358778624,0.0,0.3,1.0,1.5267175572519085,0.0,0.7633587786259542
d0028_t015,frontier,deepseek_v3,late,Number,3.0,7.0,0.0,-3.3999999999999986,0.0,0.0,0.0,0.0,0.0,0.0,1.0,0.0,0.0,0.0
d0042_t023,frontier,deepseek_v3,late,Data and Statistics,32.0,155.0,0.0,7.154655172413797,0.0,0.0,0.0,3.125,0.0,0.0,0.0,0.0,0.0,3.125
d0182_t013,frontier,deepseek_v3,late,Number,20.0,76.0,0.0,4.840000000000003,0.0,0.0,0.0,15.0,0.0,0.0,0.0,0.0,0.0,0.0
d0330_t023,frontier,deepseek_v3,late,Number,,,,,,,,,,,,,,
d0286_t015,frontier,deepseek_v3,late,Number,23.0,104.0,0.0,2.4063157894736875,4.3478260869565215,0.0,0.0,8.695652173913043,0.0,0.4,0.0,0.0,0.0,4.3478260869565215
d0039_t048,frontier,deepseek_v3,late,Algebra,,,,,,,,,,,,,,
d0070_t033,frontier,deepseek_v3,late,Number,39.0,119.0,0.0,0.10653846153846303,0.0,0.0,0.0,5.128205128205129,0.0,0.0,1.0,0.0,0.0,0.0
d0098_t019,frontier,deepseek_v3,late,Geometry and Measure,57.0,259.0,0.0,19.3,0.0,0.0,0.0,3.508771929824561,0.0,0.0,0.0,1.7543859649122806,0.0,14.035087719298245
d0127_t009,frontier,deepseek_v3,late,Number,52.0,173.0,0.0,2.4700000000000024,0.0,0.0,0.0,1.9230769230769231,0.0,0.0,0.0,0.0,0.0,0.0
d0215_t019,frontier,deepseek_v3,late,Algebra,,,,,,,,,,,,,,
d0039_t022,frontier,deepseek_v3,middle,Algebra,252.0,852.0,0.0,2.3478016359918215,0.0,0.0,0.0,3.9682539682539684,0.0,0.0,1.0,0.0,0.0,1.9841269841269842
d0346_t021,frontier,deepseek_v3,late,Number,11.0,26.0,0.0,0.5166666666666693,0.0,0.0,0.0,9.090909090909092,0.0,0.0,1.0,0.0,0.0,0.0
d0030_t013,frontier,deepseek_v3,late,Geometry and Measure,52.0,161.0,0.0,0.65688888888889,0.0,1.9230769230769231,0.0,11.538461538461538,0.0,0.0,0.0,1.9230769230769231,0.0,0.0
d0363_t015,frontier,deepseek_v3,late,Geometry and Measure,73.0,213.0,0.0,5.142857142857146,0.0,0.0,0.0,0.0,0.0,0.05,0.0,0.0,0.0,0.0
d0172_t033,frontier,deepseek_v3,late,Number,,,,,,,,,,,,,,
d0315_t015,frontier,deepseek_v3,late,Data and Statistics,32.0,158.0,0.0,6.727142857142859,0.0,0.0,0.0,3.125,0.0,0.0,0.0,3.125,0.0,0.0
d0367_t029,frontier,deepseek_v3,late,Number,57.0,242.0,0.0,7.042222222222225,0.0,0.0,0.0,5.2631578947368425,0.0,0.0,0.0,0.0,0.0,7.017543859649122
d0361_t019,frontier,deepseek_v3,late,Number,20.0,84.0,0.0,2.995588235294118,0.0,0.0,0.0,15.0,0.0,0.0,0.0,0.0,0.0,0.0
d0009_t023,frontier,deepseek_v3,late,Number,37.0,151.0,0.0,5.122065217391306,0.0,0.0,2.7027027027027026,5.405405405405405,5.405405405405405,0.2857142857142857,1.0,2.7027027027027026,0.0,8.108108108108109
d0121_t021,frontier,deepseek_v3,late,Number,16.0,55.0,0.0,0.5166666666666693,0.0,0.0,0.0,0.0,0.0,0.0,0.0,6.25,0.0,6.25
d0276_t022,frontier,deepseek_v3,late,Number,21.0,79.0,0.0,1.5425000000000004,0.0,0.0,0.0,14.285714285714286,0.0,0.0,0.0,0.0,0.0,0.0
d0169_t017,frontier,deepseek_v3,late,Number,1.0,1.0,0.0,-3.3999999999999986,0.0,0.0,0.0,0.0,0.0,0.0,0.0,0.0,0.0,0.0
d0298_t023,frontier,deepseek_v3,late,Number,59.0,216.0,0.0,2.342222222222226,1.694915254237288,1.694915254237288,0.0,0.0,0.0,0.0,1.0,1.694915254237288,1.0,3.389830508474576
d0194_t019,frontier,deepseek_v3,late,Number,15.0,60.0,0.0,1.5,0.0,0.0,0.0,0.0,0.0,0.0,0.0,0.0,0.0,0.0
d0088_t027,frontier,deepseek_v3,late,Algebra,177.0,712.0,0.0,3.6416883116883128,0.0,0.0,0.5649717514124294,3.389830508474576,0.5649717514124294,0.0,1.0,1.1299435028248588,0.0,1.1299435028248588
d0295_t017,frontier,deepseek_v3,late,Number,20.0,66.0,0.0,3.633333333333333,0.0,0.0,0.0,5.0,5.0,0.0,1.0,0.0,0.0,0.0
d0242_t013,frontier,deepseek_v3,late,Data and Statistics,31.0,107.0,0.0,1.4288095238095266,0.0,0.0,0.0,6.451612903225806,0.0,0.2,0.0,0.0,0.0,0.0
d0004_t015,frontier,deepseek_v3,late,Number,16.0,54.0,0.0,0.5004545454545486,0.0,0.0,0.0,6.25,0.0,0.0,0.0,6.25,0.0,0.0
d0002_t021,frontier,deepseek_v3,late,Algebra,,,,,,,,,,,,,,
d0161_t023,frontier,deepseek_v3,late,Number,26.0,107.0,0.0,2.3114285714285714,3.8461538461538463,0.0,0.0,11.538461538461538,0.0,0.0,0.0,0.0,0.0,0.0
d0374_t021,frontier,deepseek_v3,late,Algebra,89.0,357.0,0.0,6.699818840579713,1.1235955056179776,0.0,0.0,1.1235955056179776,0.0,0.15384615384615385,0.0,1.1235955056179776,0.0,1.1235955056179776
d0278_t038,frontier,deepseek_v3,late,Number,44.0,163.0,0.0,1.5,2.272727272727273,0.0,0.0,2.272727272727273,2.272727272727273,0.0,1.0,2.272727272727273,0.0,2.272727272727273
d0348_t020,frontier,deepseek_v3,late,Number,,,,,,,,,,,,,,
d0147_t015,frontier,deepseek_v3,late,Number,,,,,,,,,,,,,,
d0278_t048,frontier,deepseek_v3,late,Number,22.0,86.0,0.0,1.778157894736843,0.0,0.0,0.0,9.090909090909092,0.0,0.0,0.0,0.0,0.0,4.545454545454546
d0215_t017,frontier,deepseek_v3,late,Algebra,23.0,65.0,0.0,-0.754999999999999,0.0,0.0,0.0,4.3478260869565215,0.0,0.0,0.0,0.0,0.0,0.0
d0237_t031,frontier,deepseek_v3,late,Geometry and Measure,54.0,234.0,0.0,7.331282051282052,0.0,0.0,0.0,5.555555555555555,0.0,0.0,0.0,1.8518518518518519,0.0,0.0
d0170_t013,frontier,deepseek_v3,late,Number,36.0,152.0,0.0,5.490000000000002,0.0,0.0,0.0,0.0,0.0,0.375,0.0,11.11111111111111,0.0,0.0
d0000_t015,frontier,deepseek_v3,late,Algebra,29.0,97.0,0.0,7.001666666666669,0.0,0.0,0.0,0.0,0.0,0.0,0.0,0.0,0.0,0.0
d0277_t023,frontier,deepseek_v3,late,Number,93.0,396.0,0.0,1.6244444444444461,0.0,1.075268817204301,0.0,6.451612903225806,0.0,0.1,1.0,1.075268817204301,0.0,1.075268817204301
d0371_t018,frontier,deepseek_v3,late,Algebra,20.0,69.0,0.0,3.1875000000000036,0.0,0.0,0.0,0.0,5.0,0.0,0.0,0.0,0.0,0.0
d0201_t013,frontier,deepseek_v3,late,Number,182.0,568.0,0.0,3.0184057971014475,0.0,0.0,0.0,4.395604395604396,0.0,0.03125,0.0,2.7472527472527473,0.0,0.0
d0357_t013,frontier,deepseek_v3,late,Number,,,,,,,,,,,,,,
d0354_t020,frontier,deepseek_v3,late,Number,,,,,,,,,,,,,,
d0200_t023,frontier,deepseek_v3,late,Number,36.0,157.0,0.0,13.216551724137933,0.0,0.0,0.0,8.333333333333334,0.0,0.0,0.0,2.7777777777777777,0.0,2.7777777777777777
d0122_t022,frontier,deepseek_v3,late,Number,118.0,490.0,0.0,4.2367741935483885,0.0,0.847457627118644,0.0,4.237288135593221,0.0,0.07407407407407407,0.0,0.847457627118644,0.0,0.0
d0222_t019,frontier,deepseek_v3,late,Algebra,65.0,227.0,0.0,1.884510638297872,1.5384615384615385,0.0,0.0,7.6923076923076925,0.0,0.09090909090909091,0.0,0.0,0.0,0.0
d0278_t042,frontier,deepseek_v3,late,Number,88.0,322.0,0.0,2.648529411764706,0.0,0.0,0.0,11.363636363636363,0.0,0.08333333333333333,1.0,2.272727272727273,0.0,1.1363636363636365
d0020_t013,frontier,deepseek_v3,late,Number,62.0,255.0,0.0,1.8796103896103915,0.0,0.0,0.0,0.0,0.0,0.2,0.0,0.0,0.0,1.6129032258064515
d0124_t013,frontier,deepseek_v3,late,Number,24.0,95.0,0.0,3.278823529411767,0.0,4.166666666666667,0.0,4.166666666666667,0.0,0.0,0.0,4.166666666666667,0.0,0.0
d0238_t021,frontier,deepseek_v3,late,Geometry and Measure,29.0,120.0,0.0,4.120000000000001,0.0,0.0,0.0,6.896551724137931,0.0,0.0,0.0,0.0,0.0,0.0
d0131_t034,frontier,deepseek_v3,late,Number,117.0,500.0,0.0,4.556802197802199,0.0,0.0,0.0,5.982905982905983,0.0,0.0,1.0,0.8547008547008547,0.0,0.8547008547008547
d0110_t017,frontier,deepseek_v3,late,Number,72.0,289.0,0.0,3.0450000000000017,1.3888888888888888,0.0,0.0,5.555555555555555,0.0,0.0,0.0,1.3888888888888888,0.0,1.3888888888888888
d0331_t033,frontier,deepseek_v3,late,Number,37.0,185.0,0.0,5.50628787878788,2.7027027027027026,0.0,0.0,8.108108108108109,0.0,0.25,0.0,0.0,0.0,2.7027027027027026
d0009_t025,frontier,deepseek_v3,late,Number,98.0,344.0,0.0,1.4658181818181824,1.0204081632653061,1.0204081632653061,0.0,3.061224489795918,2.0408163265306123,0.25,1.0,1.0204081632653061,0.0,0.0
d0091_t014,frontier,deepseek_v3,late,Geometry and Measure,60.0,261.0,0.0,3.391111111111112,0.0,0.0,0.0,10.0,0.0,0.0,1.0,0.0,0.0,5.0
d0093_t015,frontier,deepseek_v3,late,Geometry and Measure,45.0,140.0,0.0,0.5906481481481514,0.0,2.2222222222222223,0.0,4.444444444444445,2.2222222222222223,0.0,0.0,0.0,0.0,2.2222222222222223
d0153_t019,frontier,deepseek_v3,late,Number,21.0,81.0,0.0,6.507777777777779,0.0,0.0,4.761904761904762,0.0,0.0,0.0,1.0,0.0,0.0,4.761904761904762
d0136_t021,frontier,deepseek_v3,late,Number,26.0,67.0,0.0,1.5,0.0,0.0,0.0,0.0,0.0,0.0,0.0,0.0,1.0,0.0
d0116_t012,frontier,deepseek_v3,late,Number,51.0,193.0,0.0,2.645454545454548,1.9607843137254901,0.0,0.0,3.9215686274509802,0.0,0.0,0.0,0.0,0.0,0.0
d0267_t017,frontier,deepseek_v3,late,Number,6.0,26.0,0.0,0.7199999999999989,0.0,0.0,0.0,0.0,0.0,0.5,0.0,0.0,0.0,0.0
d0315_t013,frontier,deepseek_v3,late,Data and Statistics,61.0,265.0,0.0,4.211326530612244,1.639344262295082,0.0,1.639344262295082,6.557377049180328,0.0,0.0625,1.0,3.278688524590164,0.0,0.0
d0001_t020,frontier,deepseek_v3,late,Algebra,10.0,27.0,0.0,0.5199999999999996,0.0,10.0,0.0,0.0,0.0,0.0,0.0,0.0,0.0,0.0
d0042_t019,frontier,deepseek_v3,late,Data and Statistics,106.0,438.0,0.0,5.367441860465121,0.9433962264150944,0.9433962264150944,0.0,2.830188679245283,0.0,0.0,1.0,0.9433962264150944,0.0,0.9433962264150944
d0372_t013,frontier,deepseek_v3,late,Algebra,54.0,189.0,0.0,0.9846666666666692,0.0,0.0,0.0,3.7037037037037037,1.8518518518518519,0.0,1.0,0.0,0.0,0.0
d0210_t019,frontier,deepseek_v3,late,Algebra,,,,,,,,,,,,,,
d0278_t050,frontier,deepseek_v3,late,Number,38.0,138.0,0.0,4.420000000000002,0.0,0.0,0.0,2.6315789473684212,0.0,0.0,0.0,0.0,0.0,0.0
d0086_t019,frontier,deepseek_v3,late,Algebra,48.0,167.0,0.0,2.295675675675678,2.0833333333333335,2.0833333333333335,0.0,2.0833333333333335,4.166666666666667,0.0,0.0,0.0,0.0,0.0
d0295_t019,frontier,deepseek_v3,late,Number,57.0,231.0,0.0,4.530833333333334,0.0,0.0,0.0,5.2631578947368425,3.508771929824561,0.0,0.0,0.0,0.0,0.0
d0240_t019,frontier,deepseek_v3,late,Data and Statistics,15.0,66.0,0.0,1.5,6.666666666666667,0.0,0.0,6.666666666666667,0.0,0.3333333333333333,0.0,0.0,0.0,0.0
d0077_t027,frontier,deepseek_v3,late,Number,41.0,173.0,0.0,6.137499999999999,0.0,0.0,0.0,7.317073170731708,0.0,0.3333333333333333,1.0,2.4390243902439024,0.0,4.878048780487805
d0217_t012,frontier,deepseek_v3,late,Algebra,25.0,88.0,0.0,2.280000000000001,4.0,0.0,0.0,12.0,0.0,0.14285714285714285,0.0,0.0,0.0,0.0
d0258_t013,frontier,deepseek_v3,late,Data and Statistics,13.0,49.0,0.0,1.8983333333333334,0.0,0.0,0.0,0.0,0.0,0.0,1.0,7.6923076923076925,0.0,0.0
d0289_t013,frontier,deepseek_v3,late,Algebra,79.0,295.0,0.0,8.934883720930234,0.0,0.0,0.0,3.7974683544303796,0.0,0.043478260869565216,0.0,1.2658227848101267,0.0,1.2658227848101267
d0291_t013,frontier,deepseek_v3,late,Number,23.0,97.0,0.0,6.725263157894737,0.0,4.3478260869565215,0.0,4.3478260869565215,0.0,0.0,0.0,0.0,0.0,4.3478260869565215
d0259_t024,frontier,deepseek_v3,late,Data and Statistics,11.0,40.0,0.0,0.5199999999999996,0.0,0.0,0.0,9.090909090909092,9.090909090909092,0.0,0.0,0.0,0.0,0.0
d0037_t026,frontier,deepseek_v3,late,Data and Statistics,,,,,,,,,,,,,,
d0117_t031,frontier,deepseek_v3,late,Number,43.0,179.0,0.0,2.6700000000000017,0.0,0.0,0.0,4.651162790697675,0.0,0.0,0.0,0.0,0.0,2.3255813953488373
d0344_t019,frontier,deepseek_v3,late,Algebra,22.0,94.0,0.0,4.262368421052631,0.0,0.0,0.0,4.545454545454546,0.0,0.0,0.0,0.0,0.0,0.0
d0130_t017,frontier,deepseek_v3,late,Number,42.0,161.0,0.0,4.213333333333335,0.0,0.0,0.0,2.380952380952381,0.0,0.0,0.0,0.0,0.0,0.0
d0372_t017,frontier,deepseek_v3,late,Algebra,29.0,121.0,0.0,4.331666666666667,3.4482758620689653,0.0,0.0,3.4482758620689653,3.4482758620689653,0.0,0.0,0.0,0.0,0.0
d0027_t017,frontier,deepseek_v3,late,Geometry and Measure,13.0,53.0,0.0,1.8983333333333334,15.384615384615385,7.6923076923076925,0.0,0.0,0.0,0.0,1.0,7.6923076923076925,0.0,0.0
d0055_t017,frontier,deepseek_v3,late,Geometry and Measure,131.0,504.0,0.0,1.3384065934065958,0.0,0.0,0.7633587786259542,4.580152671755725,0.7633587786259542,0.0,1.0,0.0,0.0,1.5267175572519085
d0162_t023,frontier,deepseek_v3,late,Number,,,,,,,,,,,,,,
d0223_t095,frontier,deepseek_v3,late,Number,10.0,31.0,0.0,0.5166666666666693,0.0,10.0,0.0,0.0,0.0,0.0,0.0,0.0,0.0,0.0
d0290_t012,frontier,deepseek_v3,late,Algebra,16.0,47.0,0.0,0.8049999999999997,6.25,0.0,0.0,6.25,0.0,0.0,0.0,0.0,0.0,0.0
d0060_t013,frontier,deepseek_v3,late,Number,94.0,328.0,0.0,0.8874813710879295,0.0,1.0638297872340425,0.0,6.382978723404255,0.0,0.0,1.0,0.0,0.0,0.0
d0054_t021,frontier,deepseek_v3,late,Geometry and Measure,22.0,61.0,0.0,3.650000000000002,0.0,0.0,0.0,4.545454545454546,0.0,0.0,0.0,0.0,0.0,0.0
d0093_t017,frontier,deepseek_v3,late,Geometry and Measure,31.0,87.0,0.0,0.502352941176472,0.0,3.225806451612903,0.0,0.0,0.0,0.0,0.0,0.0,0.0,0.0
d0243_t014,frontier,deepseek_v3,late,Data and Statistics,33.0,101.0,0.0,-1.3679999999999986,0.0,0.0,0.0,15.151515151515152,0.0,0.0,1.0,0.0,0.0,0.0
d0279_t015,frontier,deepseek_v3,late,Number,105.0,399.0,0.0,2.8472297297297295,0.0,0.0,0.0,4.761904761904762,0.0,0.0,1.0,0.0,0.0,0.9523809523809523
d0023_t019,frontier,deepseek_v3,late,Number,131.0,501.0,0.0,1.1643333333333352,0.0,0.0,0.0,9.923664122137405,0.0,0.0,1.0,0.0,0.0,0.7633587786259542
d0379_t036,frontier,deepseek_v3,late,Algebra,205.0,758.0,0.0,1.8082463768115957,0.0,0.4878048780487805,0.0,5.853658536585366,0.0,0.027777777777777776,1.0,0.0,0.0,2.4390243902439024
d0360_t001,dp,dpmodel_reasoning_gpt5mini,early,Number,14.0,49.0,0.0,0.5872222222222234,0.0,0.0,0.0,0.0,0.0,0.0,0.0,7.142857142857143,0.0,0.0
d0270_t001,dp,dpmodel_reasoning_gpt5mini,early,Number,2.0,6.0,0.0,8.400000000000002,0.0,0.0,0.0,0.0,0.0,0.0,0.0,0.0,0.0,0.0
d0065_t001,dp,dpmodel_reasoning_gpt5mini,early,Number,22.0,95.0,0.0,3.653333333333336,4.545454545454546,0.0,0.0,4.545454545454546,0.0,0.5,1.0,0.0,0.0,0.0
d0068_t003,dp,dpmodel_reasoning_gpt5mini,early,Number,8.0,34.0,0.0,3.997142857142858,0.0,0.0,0.0,12.5,0.0,0.0,0.0,0.0,0.0,0.0
d0239_t002,dp,dpmodel_reasoning_gpt5mini,early,Geometry and Measure,14.0,46.0,0.0,-0.6699999999999982,0.0,0.0,0.0,7.142857142857143,0.0,0.0,1.0,0.0,0.0,0.0
d0165_t001,dp,dpmodel_reasoning_gpt5mini,early,Number,26.0,92.0,0.0,1.6073529411764724,0.0,0.0,0.0,0.0,0.0,0.0,1.0,3.8461538461538463,0.0,0.0
d0094_t005,dp,dpmodel_reasoning_gpt5mini,early,Number,5.0,21.0,0.0,-2.2299999999999986,0.0,0.0,0.0,0.0,0.0,0.0,0.0,0.0,1.0,0.0
d0301_t000,dp,dpmodel_reasoning_gpt5mini,early,Algebra,9.0,31.0,0.0,2.3114285714285714,11.11111111111111,0.0,0.0,0.0,0.0,0.5,0.0,11.11111111111111,0.0,0.0
d0160_t001,dp,dpmodel_reasoning_gpt5mini,early,Number,19.0,61.0,0.0,0.5,0.0,0.0,0.0,5.2631578947368425,0.0,0.0,1.0,0.0,0.0,0.0
d0150_t005,dp,dpmodel_reasoning_gpt5mini,early,Number,1.0,1.0,0.0,-3.3999999999999986,0.0,0.0,0.0,0.0,0.0,0.0,0.0,0.0,0.0,0.0
d0122_t004,dp,dpmodel_reasoning_gpt5mini,early,Number,28.0,103.0,0.0,2.3500000000000014,0.0,0.0,0.0,0.0,0.0,0.5,1.0,7.142857142857143,0.0,0.0
d0007_t003,dp,dpmodel_reasoning_gpt5mini,early,Number,13.0,72.0,0.0,8.009090909090911,0.0,0.0,0.0,0.0,0.0,0.0,0.0,0.0,0.0,0.0
d0314_t003,dp,dpmodel_reasoning_gpt5mini,early,Data and Statistics,26.0,103.0,0.0,5.419999999999998,3.8461538461538463,0.0,0.0,7.6923076923076925,0.0,0.0,1.0,7.6923076923076925,0.0,0.0
d0319_t001,dp,dpmodel_reasoning_gpt5mini,early,Number,30.0,110.0,0.0,1.721086956521738,3.3333333333333335,0.0,0.0,3.3333333333333335,0.0,0.5,1.0,0.0,0.0,0.0
d0186_t001,dp,dpmodel_reasoning_gpt5mini,early,Number,2.0,3.0,0.0,-3.3999999999999986,0.0,0.0,0.0,0.0,0.0,0.0,0.0,0.0,0.0,0.0
d0117_t005,dp,dpmodel_reasoning_gpt5mini,early,Number,22.0,77.0,0.0,0.9132352941176478,0.0,0.0,0.0,9.090909090909092,0.0,0.0,0.0,0.0,0.0,0.0
d0131_t004,dp,dpmodel_reasoning_gpt5mini,early,Number,20.0,93.0,0.0,9.08705882352941,0.0,0.0,0.0,5.0,0.0,0.0,0.0,0.0,0.0,10.0
d0092_t003,dp,dpmodel_reasoning_gpt5mini,early,Geometry and Measure,16.0,77.0,0.0,4.450000000000003,0.0,0.0,0.0,6.25,0.0,0.0,1.0,6.25,0.0,0.0
d0132_t005,dp,dpmodel_reasoning_gpt5mini,early,Number,7.0,17.0,0.0,-2.2299999999999986,0.0,0.0,0.0,14.285714285714286,0.0,0.0,0.0,14.285714285714286,0.0,0.0
d0017_t013,dp,dpmodel_reasoning_gpt5mini,early,Number,1.0,3.0,0.0,-3.3999999999999986,0.0,0.0,0.0,0.0,0.0,0.0,0.0,0.0,0.0,0.0
d0253_t002,dp,dpmodel_reasoning_gpt5mini,early,Number,10.0,38.0,0.0,2.3114285714285714,0.0,0.0,0.0,0.0,0.0,0.5,0.0,10.0,0.0,0.0
d0070_t005,dp,dpmodel_reasoning_gpt5mini,early,Number,22.0,106.0,0.0,7.163333333333334,0.0,0.0,0.0,0.0,0.0,0.6666666666666666,1.0,4.545454545454546,0.0,0.0
d0267_t003,dp,dpmodel_reasoning_gpt5mini,early,Number,1.0,2.0,0.0,-3.3999999999999986,0.0,0.0,0.0,0.0,0.0,0.0,0.0,0.0,0.0,0.0
d0279_t005,dp,dpmodel_reasoning_gpt5mini,early,Number,20.0,66.0,0.0,-0.2171428571428553,5.0,0.0,0.0,0.0,0.0,0.0,0.0,5.0,0.0,0.0
d0284_t005,dp,dpmodel_reasoning_gpt5mini,early,Number,1.0,2.0,0.0,-3.3999999999999986,0.0,0.0,0.0,0.0,0.0,0.0,0.0,0.0,0.0,0.0
d0034_t002,dp,dpmodel_reasoning_gpt5mini,early,Data and Statistics,8.0,32.0,0.0,2.3114285714285714,12.5,0.0,0.0,12.5,0.0,0.0,0.0,0.0,0.0,12.5
d0131_t010,dp,dpmodel_reasoning_gpt5mini,early,Number,3.0,5.0,0.0,-3.01,0.0,0.0,0.0,0.0,0.0,0.0,0.0,0.0,0.0,0.0
d0054_t005,dp,dpmodel_reasoning_gpt5mini,early,Geometry and Measure,20.0,68.0,0.0,4.823333333333334,0.0,5.0,0.0,0.0,0.0,0.0,0.0,0.0,1.0,5.0
d0321_t002,dp,dpmodel_reasoning_gpt5mini,early,Algebra,23.0,87.0,0.0,5.400000000000002,0.0,0.0,0.0,4.3478260869565215,0.0,0.0,0.0,0.0,0.0,0.0
d0372_t001,dp,dpmodel_reasoning_gpt5mini,early,Algebra,19.0,85.0,0.0,5.852222222222224,0.0,0.0,0.0,0.0,5.2631578947368425,0.3333333333333333,1.0,0.0,0.0,0.0
d0027_t005,dp,dpmodel_reasoning_gpt5mini,early,Geometry and Measure,1.0,3.0,0.0,-3.3999999999999986,0.0,0.0,0.0,0.0,0.0,0.0,0.0,0.0,0.0,0.0
d0201_t003,dp,dpmodel_reasoning_gpt5mini,early,Number,13.0,48.0,0.0,3.650000000000002,0.0,0.0,0.0,0.0,0.0,0.0,0.0,0.0,0.0,0.0
d0067_t003,dp,dpmodel_reasoning_gpt5mini,early,Number,23.0,127.0,0.0,15.655000000000001,0.0,0.0,4.3478260869565215,4.3478260869565215,0.0,0.5555555555555556,0.0,0.0,0.0,17.391304347826086
d0031_t005,dp,dpmodel_reasoning_gpt5mini,early,Number,8.0,33.0,0.0,0.8049999999999997,0.0,0.0,0.0,0.0,0.0,0.0,0.0,0.0,1.0,0.0
d0367_t005,dp,dpmodel_reasoning_gpt5mini,early,Number,10.0,36.0,0.0,-1.0599999999999987,0.0,10.0,0.0,0.0,0.0,0.0,0.0,10.0,0.0,0.0
d0071_t002,dp,dpmodel_reasoning_gpt5mini,early,Number,17.0,45.0,0.0,-0.27999999999999936,5.882352941176471,0.0,0.0,0.0,0.0,0.0,0.0,5.882352941176471,0.0,0.0
d0302_t003,dp,dpmodel_reasoning_gpt5mini,early,Geometry and Measure,5.0,12.0,0.0,-2.619999999999999,0.0,0.0,0.0,0.0,0.0,0.0,0.0,0.0,0.0,0.0
d0011_t000,dp,dpmodel_reasoning_gpt5mini,early,Number,21.0,86.0,0.0,0.5199999999999996,0.0,0.0,0.0,0.0,0.0,0.0,0.0,0.0,0.0,0.0
d0126_t002,dp,dpmodel_reasoning_gpt5mini,early,Number,30.0,112.0,0.0,2.3649999999999984,0.0,0.0,0.0,3.3333333333333335,0.0,0.3333333333333333,1.0,6.666666666666667,0.0,0.0
d0182_t003,dp,dpmodel_reasoning_gpt5mini,early,Number,18.0,74.0,0.0,8.383333333333333,0.0,0.0,0.0,0.0,0.0,0.0,0.0,0.0,0.0,0.0
d0176_t003,dp,dpmodel_reasoning_gpt5mini,early,Number,19.0,59.0,0.0,0.8581818181818193,0.0,0.0,0.0,5.2631578947368425,0.0,0.0,0.0,0.0,0.0,0.0
d0211_t006,dp,dpmodel_reasoning_gpt5mini,early,Algebra,9.0,33.0,0.0,0.8049999999999997,0.0,0.0,0.0,0.0,0.0,0.0,0.0,0.0,0.0,0.0
d0223_t035,dp,dpmodel_reasoning_gpt5mini,early,Number,12.0,29.0,0.0,-1.4499999999999993,0.0,8.333333333333334,0.0,0.0,0.0,0.0,1.0,8.333333333333334,1.0,0.0
d0072_t001,dp,dpmodel_reasoning_gpt5mini,early,Number,7.0,25.0,0.0,2.879999999999999,0.0,0.0,0.0,0.0,0.0,0.0,0.0,0.0,0.0,0.0
d0158_t002,dp,dpmodel_reasoning_gpt5mini,early,Number,13.0,46.0,0.0,2.342222222222226,0.0,0.0,0.0,0.0,0.0,0.0,0.0,7.6923076923076925,0.0,0.0
d0129_t003,dp,dpmodel_reasoning_gpt5mini,early,Number,30.0,95.0,0.0,2.301470588235297,0.0,0.0,0.0,0.0,0.0,0.0,0.0,0.0,0.0,3.3333333333333335
d0214_t003,dp,dpmodel_reasoning_gpt5mini,early,Algebra,34.0,127.0,0.0,9.736,2.9411764705882355,0.0,0.0,0.0,2.9411764705882355,0.0,0.0,0.0,0.0,0.0
d0005_t003,dp,dpmodel_reasoning_gpt5mini,early,Number,8.0,34.0,0.0,2.3114285714285714,0.0,0.0,0.0,0.0,0.0,0.0,0.0,0.0,0.0,0.0
d0329_t007,dp,dpmodel_reasoning_gpt5mini,early,Number,1.0,3.0,0.0,-3.3999999999999986,0.0,0.0,0.0,0.0,0.0,0.0,0.0,0.0,0.0,0.0
d0376_t003,dp,dpmodel_reasoning_gpt5mini,early,Algebra,8.0,17.0,0.0,-1.8399999999999999,0.0,0.0,0.0,0.0,0.0,0.0,0.0,0.0,0.0,0.0
d0172_t007,dp,dpmodel_reasoning_gpt5mini,early,Number,8.0,24.0,0.0,0.5199999999999996,0.0,0.0,0.0,0.0,0.0,0.0,0.0,12.5,0.0,0.0
d0071_t008,dp,dpmodel_reasoning_gpt5mini,early,Number,1.0,2.0,0.0,-3.3999999999999986,0.0,0.0,0.0,0.0,0.0,0.0,0.0,0.0,0.0,0.0
d0158_t000,dp,dpmodel_reasoning_gpt5mini,early,Number,9.0,38.0,0.0,-0.754999999999999,0.0,0.0,0.0,11.11111111111111,0.0,0.0,0.0,0.0,0.0,0.0
d0328_t001,dp,dpmodel_reasoning_gpt5mini,early,Number,9.0,29.0,0.0,2.4833333333333343,0.0,0.0,0.0,0.0,0.0,0.0,0.0,11.11111111111111,0.0,0.0
d0258_t001,dp,dpmodel_reasoning_gpt5mini,early,Data and Statistics,5.0,14.0,0.0,-2.2299999999999986,0.0,0.0,0.0,0.0,0.0,0.0,0.0,0.0,0.0,0.0
d0169_t001,dp,dpmodel_reasoning_gpt5mini,early,Number,9.0,29.0,0.0,2.4833333333333343,0.0,0.0,0.0,0.0,0.0,0.0,0.0,11.11111111111111,0.0,0.0
d0088_t009,dp,dpmodel_reasoning_gpt5mini,early,Algebra,1.0,2.0,0.0,-3.3999999999999986,0.0,0.0,0.0,0.0,0.0,0.0,0.0,0.0,0.0,0.0
d0355_t003,dp,dpmodel_reasoning_gpt5mini,early,Number,24.0,56.0,0.0,-1.254999999999999,0.0,0.0,0.0,0.0,0.0,0.0,0.0,0.0,0.0,0.0
d0211_t004,dp,dpmodel_reasoning_gpt5mini,early,Algebra,35.0,84.0,0.0,0.5360526315789471,0.0,0.0,0.0,2.857142857142857,0.0,0.1111111111111111,0.0,0.0,0.0,0.0
d0260_t001,dp,dpmodel_reasoning_gpt5mini,early,Data and Statistics,34.0,111.0,0.0,2.3490740740740783,2.9411764705882355,0.0,0.0,2.9411764705882355,0.0,0.0,1.0,2.9411764705882355,0.0,0.0
d0031_t009,dp,dpmodel_reasoning_gpt5mini,early,Number,1.0,4.0,0.0,-3.3999999999999986,0.0,0.0,0.0,0.0,0.0,0.0,0.0,0.0,0.0,0.0
d0081_t005,dp,dpmodel_reasoning_gpt5mini,early,Algebra,30.0,102.0,0.0,2.3500000000000014,0.0,0.0,0.0,3.3333333333333335,0.0,0.0,0.0,0.0,0.0,0.0
d0291_t001,dp,dpmodel_reasoning_gpt5mini,early,Number,2.0,3.0,0.0,-3.3999999999999986,0.0,0.0,0.0,0.0,0.0,0.0,0.0,0.0,0.0,0.0
d0290_t004,dp,dpmodel_reasoning_gpt5mini,early,Algebra,20.0,44.0,0.0,0.11000000000000121,0.0,0.0,0.0,0.0,0.0,0.0,0.0,5.0,1.0,0.0
d0129_t001,dp,dpmodel_reasoning_gpt5mini,early,Number,12.0,46.0,0.0,-0.27999999999999936,0.0,0.0,0.0,0.0,0.0,0.0,0.0,0.0,0.0,0.0
d0029_t001,dp,dpmodel_reasoning_gpt5mini,early,Geometry and Measure,28.0,116.0,0.0,2.2782608695652193,0.0,0.0,0.0,7.142857142857143,0.0,0.0,1.0,0.0,0.0,0.0
d0206_t003,dp,dpmodel_reasoning_gpt5mini,early,Algebra,4.0,9.0,0.0,-3.01,0.0,0.0,0.0,0.0,0.0,0.0,0.0,0.0,0.0,0.0
d0289_t003,dp,dpmodel_reasoning_gpt5mini,early,Algebra,10.0,39.0,0.0,2.342222222222226,0.0,0.0,0.0,0.0,0.0,0.0,0.0,0.0,1.0,0.0
d0290_t002,dp,dpmodel_reasoning_gpt5mini,early,Algebra,12.0,24.0,0.0,-1.4499999999999993,8.333333333333334,0.0,0.0,0.0,0.0,0.0,0.0,8.333333333333334,0.0,0.0
d0300_t001,dp,dpmodel_reasoning_gpt5mini,early,Number,18.0,54.0,0.0,1.6700000000000017,0.0,0.0,0.0,5.555555555555555,0.0,0.0,1.0,5.555555555555555,0.0,0.0
d0309_t002,dp,dpmodel_reasoning_gpt5mini,early,Data and Statistics,21.0,89.0,0.0,5.196666666666669,4.761904761904762,0.0,0.0,4.761904761904762,0.0,0.0,0.0,0.0,0.0,4.761904761904762
d0314_t001,dp,dpmodel_reasoning_gpt5mini,early,Data and Statistics,2.0,3.0,0.0,-3.3999999999999986,0.0,0.0,0.0,0.0,0.0,0.0,0.0,0.0,0.0,0.0
d0326_t001,dp,dpmodel_reasoning_gpt5mini,early,Number,12.0,39.0,0.0,3.997142857142858,0.0,0.0,0.0,8.333333333333334,0.0,0.0,0.0,0.0,1.0,0.0
d0070_t007,dp,dpmodel_reasoning_gpt5mini,early,Number,48.0,215.0,0.0,6.514797297297296,6.25,2.0833333333333335,0.0,0.0,0.0,0.375,1.0,0.0,0.0,4.166666666666667
d0170_t001,dp,dpmodel_reasoning_gpt5mini,early,Number,33.0,167.0,0.0,9.33481481481482,3.0303030303030303,0.0,0.0,9.090909090909092,0.0,0.2857142857142857,0.0,0.0,0.0,0.0
d0123_t005,dp,dpmodel_reasoning_gpt5mini,early,Number,1.0,1.0,0.0,-3.3999999999999986,0.0,0.0,0.0,0.0,0.0,0.0,0.0,0.0,0.0,0.0
d0045_t004,dp,dpmodel_reasoning_gpt5mini,early,Number,16.0,64.0,0.0,3.283461538461541,0.0,0.0,0.0,6.25,0.0,0.0,1.0,6.25,0.0,0.0
d0185_t003,dp,dpmodel_reasoning_gpt5mini,early,Number,4.0,7.0,0.0,-3.01,0.0,0.0,0.0,0.0,0.0,0.0,0.0,25.0,0.0,0.0
d0049_t001,dp,dpmodel_reasoning_gpt5mini,early,Geometry and Measure,45.0,160.0,0.0,3.5133620689655203,0.0,0.0,0.0,2.2222222222222223,0.0,0.375,1.0,0.0,0.0,2.2222222222222223
d0333_t001,dp,dpmodel_reasoning_gpt5mini,early,Number,18.0,75.0,0.0,3.633333333333333,0.0,0.0,0.0,5.555555555555555,0.0,0.0,1.0,0.0,0.0,5.555555555555555
d0192_t003,dp,dpmodel_reasoning_gpt5mini,early,Number,18.0,66.0,0.0,-0.07833333333333137,5.555555555555555,0.0,0.0,5.555555555555555,0.0,0.0,0.0,0.0,0.0,0.0
d0047_t001,dp,dpmodel_reasoning_gpt5mini,early,Geometry and Measure,2.0,3.0,0.0,-3.3999999999999986,0.0,0.0,0.0,0.0,0.0,0.0,0.0,0.0,0.0,0.0
d0025_t001,dp,dpmodel_reasoning_gpt5mini,early,Geometry and Measure,18.0,73.0,0.0,4.420000000000002,0.0,0.0,0.0,0.0,0.0,0.0,0.0,5.555555555555555,0.0,5.555555555555555
d0360_t003,dp,dpmodel_reasoning_gpt5mini,early,Number,26.0,120.0,0.0,5.92404761904762,3.8461538461538463,0.0,0.0,0.0,0.0,1.0,1.0,0.0,0.0,3.8461538461538463
d0331_t003,dp,dpmodel_reasoning_gpt5mini,early,Number,14.0,52.0,0.0,4.790909090909089,0.0,7.142857142857143,0.0,7.142857142857143,0.0,0.0,0.0,7.142857142857143,0.0,7.142857142857143
d0221_t009,dp,dpmodel_reasoning_gpt5mini,early,Algebra,18.0,49.0,0.0,1.2900000000000027,0.0,5.555555555555555,0.0,0.0,0.0,0.0,0.0,5.555555555555555,0.0,0.0
d0072_t005,dp,dpmodel_reasoning_gpt5mini,early,Number,14.0,74.0,0.0,6.010000000000002,0.0,0.0,0.0,7.142857142857143,0.0,0.5,0.0,0.0,0.0,7.142857142857143
d0079_t003,dp,dpmodel_reasoning_gpt5mini,early,Number,35.0,139.0,0.0,5.462857142857143,0.0,0.0,0.0,5.714285714285714,0.0,0.0,0.0,11.428571428571429,0.0,0.0
d0080_t009,dp,dpmodel_reasoning_gpt5mini,early,Number,3.0,9.0,0.0,-2.619999999999999,0.0,0.0,0.0,0.0,0.0,0.0,0.0,0.0,1.0,0.0
d0221_t005,dp,dpmodel_reasoning_gpt5mini,early,Algebra,3.0,11.0,0.0,-3.01,0.0,0.0,0.0,0.0,0.0,0.0,0.0,0.0,0.0,0.0
d0015_t005,dp,dpmodel_reasoning_gpt5mini,early,Geometry and Measure,6.0,27.0,0.0,0.5199999999999996,0.0,0.0,0.0,0.0,0.0,0.0,0.0,0.0,0.0,16.666666666666668
d0161_t001,dp,dpmodel_reasoning_gpt5mini,early,Number,6.0,14.0,0.0,1.3133333333333361,0.0,0.0,0.0,0.0,0.0,0.0,0.0,16.666666666666668,0.0,0.0
d0105_t005,dp,dpmodel_reasoning_gpt5mini,early,Geometry and Measure,16.0,74.0,0.0,6.936363636363637,0.0,0.0,0.0,0.0,0.0,0.0,0.0,0.0,0.0,6.25
d0248_t007,dp,dpmodel_reasoning_gpt5mini,early,Number,10.0,42.0,0.0,3.997142857142858,0.0,0.0,0.0,0.0,0.0,0.5,0.0,10.0,0.0,0.0
d0347_t003,dp,dpmodel_reasoning_gpt5mini,early,Number,24.0,54.0,0.0,-0.27999999999999936,0.0,0.0,0.0,0.0,0.0,0.0,0.0,0.0,0.0,0.0
d0221_t007,dp,dpmodel_reasoning_gpt5mini,early,Algebra,1.0,2.0,0.0,-3.3999999999999986,0.0,0.0,0.0,0.0,0.0,0.0,0.0,0.0,0.0,0.0
d0201_t011,dp,dpmodel_reasoning_gpt5mini,middle,Number,2.0,6.0,0.0,-3.01,0.0,0.0,0.0,0.0,0.0,0.0,0.0,0.0,0.0,0.0
d0294_t013,dp,dpmodel_reasoning_gpt5mini,middle,Number,9.0,18.0,0.0,-1.8399999999999999,0.0,0.0,0.0,0.0,0.0,0.0,0.0,0.0,0.0,0.0
d0246_t011,dp,dpmodel_reasoning_gpt5mini,middle,Geometry and Measure,15.0,55.0,0.0,1.5,0.0,0.0,0.0,13.333333333333334,0.0,0.0,0.0,6.666666666666667,1.0,6.666666666666667
d0235_t003,dp,dpmodel_reasoning_gpt5mini,early,Algebra,22.0,90.0,0.0,-0.19176470588235084,0.0,0.0,0.0,13.636363636363637,0.0,0.0,0.0,0.0,0.0,0.0
d0247_t003,dp,dpmodel_reasoning_gpt5mini,early,Number,30.0,43.0,0.0,0.11000000000000121,0.0,0.0,0.0,0.0,0.0,0.0,0.0,0.0,0.0,0.0
d0333_t009,dp,dpmodel_reasoning_gpt5mini,middle,Number,11.0,27.0,0.0,-1.4499999999999993,0.0,0.0,0.0,0.0,0.0,0.0,0.0,0.0,1.0,0.0
d0139_t005,dp,dpmodel_reasoning_gpt5mini,middle,Number,13.0,56.0,0.0,3.2094444444444434,0.0,7.6923076923076925,0.0,7.6923076923076925,0.0,0.0,0.0,7.6923076923076925,0.0,0.0
d0162_t003,dp,dpmodel_reasoning_gpt5mini,early,Number,11.0,45.0,0.0,-1.4499999999999993,0.0,0.0,0.0,0.0,0.0,0.0,0.0,0.0,0.0,0.0
d0368_t000,dp,dpmodel_reasoning_gpt5mini,early,Number,28.0,111.0,0.0,4.254545454545454,0.0,0.0,0.0,10.714285714285714,0.0,0.0,0.0,0.0,0.0,0.0
d0086_t015,dp,dpmodel_reasoning_gpt5mini,middle,Algebra,1.0,1.0,0.0,-3.3999999999999986,0.0,0.0,0.0,0.0,0.0,0.0,0.0,0.0,0.0,0.0
d0255_t031,dp,dpmodel_reasoning_gpt5mini,middle,Geometry and Measure,14.0,42.0,0.0,0.5872222222222234,0.0,0.0,0.0,7.142857142857143,0.0,0.0,0.0,14.285714285714286,0.0,0.0
d0136_t015,dp,dpmodel_reasoning_gpt5mini,middle,Number,2.0,4.0,0.0,-3.3999999999999986,0.0,0.0,0.0,0.0,0.0,0.0,0.0,0.0,0.0,0.0
d0227_t012,dp,dpmodel_reasoning_gpt5mini,middle,Algebra,1.0,2.0,0.0,-3.3999999999999986,0.0,0.0,0.0,0.0,0.0,0.0,0.0,0.0,0.0,0.0
d0238_t009,dp,dpmodel_reasoning_gpt5mini,middle,Geometry and Measure,21.0,81.0,0.0,4.420000000000002,0.0,4.761904761904762,0.0,0.0,0.0,0.0,0.0,0.0,1.0,0.0
d0324_t020,dp,dpmodel_reasoning_gpt5mini,middle,Algebra,1.0,1.0,0.0,-3.3999999999999986,0.0,0.0,0.0,0.0,0.0,0.0,0.0,0.0,0.0,0.0
d0195_t005,dp,dpmodel_reasoning_gpt5mini,middle,Number,3.0,8.0,0.0,-3.01,0.0,0.0,0.0,0.0,0.0,0.0,0.0,0.0,1.0,0.0
d0232_t007,dp,dpmodel_reasoning_gpt5mini,middle,Data and Statistics,7.0,19.0,0.0,-2.2299999999999986,0.0,0.0,0.0,14.285714285714286,0.0,0.0,0.0,14.285714285714286,0.0,0.0
d0093_t011,dp,dpmodel_reasoning_gpt5mini,middle,Geometry and Measure,11.0,26.0,0.0,-1.0599999999999987,0.0,0.0,0.0,0.0,0.0,0.0,0.0,0.0,0.0,0.0
d0223_t051,dp,dpmodel_reasoning_gpt5mini,middle,Number,9.0,26.0,0.0,0.5199999999999996,0.0,0.0,0.0,0.0,0.0,0.0,0.0,11.11111111111111,1.0,11.11111111111111
d0294_t015,dp,dpmodel_reasoning_gpt5mini,middle,Number,1.0,2.0,0.0,-3.3999999999999986,0.0,0.0,0.0,0.0,0.0,0.0,0.0,0.0,0.0,0.0
d0316_t009,dp,dpmodel_reasoning_gpt5mini,middle,Data and Statistics,2.0,15.0,0.0,20.590000000000007,0.0,0.0,0.0,0.0,0.0,0.0,0.0,0.0,1.0,0.0
d0203_t009,dp,dpmodel_reasoning_gpt5mini,middle,Algebra,16.0,44.0,0.0,-1.6449999999999996,0.0,6.25,0.0,6.25,0.0,0.0,0.0,6.25,0.0,0.0
d0271_t005,dp,dpmodel_reasoning_gpt5mini,middle,Number,4.0,7.0,0.0,-3.01,0.0,0.0,0.0,0.0,0.0,0.0,0.0,25.0,0.0,0.0
d0246_t007,dp,dpmodel_reasoning_gpt5mini,middle,Geometry and Measure,1.0,2.0,0.0,-3.3999999999999986,0.0,0.0,0.0,0.0,0.0,0.0,0.0,0.0,0.0,0.0
d0374_t015,dp,dpmodel_reasoning_gpt5mini,middle,Algebra,33.0,147.0,0.0,9.961379310344828,0.0,0.0,0.0,0.0,0.0,0.0,0.0,0.0,0.0,0.0
d0183_t013,dp,dpmodel_reasoning_gpt5mini,middle,Number,4.0,7.0,0.0,-3.01,0.0,0.0,0.0,0.0,0.0,0.0,0.0,25.0,0.0,0.0
d0176_t009,dp,dpmodel_reasoning_gpt5mini,middle,Number,14.0,46.0,0.0,6.2755555555555596,0.0,0.0,0.0,7.142857142857143,0.0,0.0,0.0,0.0,0.0,0.0
d0236_t009,dp,dpmodel_reasoning_gpt5mini,middle,Data and Statistics,2.0,6.0,0.0,-3.01,0.0,0.0,0.0,0.0,0.0,0.0,0.0,0.0,0.0,0.0
d0296_t023,dp,dpmodel_reasoning_gpt5mini,middle,Number,2.0,6.0,0.0,-3.01,0.0,0.0,0.0,0.0,0.0,0.0,0.0,0.0,1.0,0.0
d0280_t009,dp,dpmodel_reasoning_gpt5mini,middle,Number,7.0,26.0,0.0,-2.2299999999999986,0.0,0.0,0.0,0.0,0.0,0.0,0.0,0.0,0.0,0.0
d0005_t009,dp,dpmodel_reasoning_gpt5mini,middle,Number,3.0,8.0,0.0,-2.619999999999999,0.0,0.0,0.0,0.0,0.0,0.0,0.0,0.0,1.0,0.0
d0369_t009,dp,dpmodel_reasoning_gpt5mini,middle,Data and Statistics,1.0,2.0,0.0,-3.3999999999999986,0.0,0.0,0.0,0.0,0.0,0.0,0.0,0.0,0.0,0.0
d0140_t011,dp,dpmodel_reasoning_gpt5mini,middle,Number,1.0,2.0,0.0,-3.3999999999999986,0.0,0.0,0.0,0.0,0.0,0.0,0.0,0.0,0.0,0.0
d0341_t016,dp,dpmodel_reasoning_gpt5mini,middle,Number,15.0,72.0,0.0,6.727142857142859,0.0,0.0,0.0,0.0,0.0,0.0,1.0,0.0,1.0,0.0
d0293_t015,dp,dpmodel_reasoning_gpt5mini,middle,Number,21.0,64.0,0.0,0.06750000000000256,0.0,4.761904761904762,0.0,4.761904761904762,0.0,0.0,0.0,0.0,0.0,0.0
d0041_t015,dp,dpmodel_reasoning_gpt5mini,middle,Data and Statistics,4.0,20.0,0.0,-2.2299999999999986,0.0,0.0,0.0,0.0,0.0,0.0,0.0,0.0,1.0,0.0
d0230_t011,dp,dpmodel_reasoning_gpt5mini,middle,Data and Statistics,1.0,2.0,0.0,-3.3999999999999986,0.0,0.0,0.0,0.0,0.0,0.0,0.0,0.0,0.0,0.0
d0250_t007,dp,dpmodel_reasoning_gpt5mini,middle,Number,12.0,32.0,0.0,0.8049999999999997,0.0,0.0,0.0,8.333333333333334,0.0,0.0,0.0,0.0,0.0,0.0
d0221_t015,dp,dpmodel_reasoning_gpt5mini,middle,Algebra,7.0,12.0,0.0,-2.2299999999999986,0.0,0.0,0.0,0.0,0.0,0.0,0.0,0.0,0.0,0.0
d0137_t011,dp,dpmodel_reasoning_gpt5mini,middle,Number,2.0,7.0,0.0,-3.01,0.0,0.0,0.0,0.0,0.0,0.0,0.0,0.0,1.0,0.0
d0272_t019,dp,dpmodel_reasoning_gpt5mini,middle,Number,6.0,24.0,0.0,0.7199999999999989,0.0,0.0,0.0,0.0,0.0,0.0,1.0,16.666666666666668,0.0,0.0
d0112_t005,dp,dpmodel_reasoning_gpt5mini,middle,Number,7.0,16.0,0.0,-2.2299999999999986,0.0,0.0,0.0,0.0,0.0,0.0,0.0,0.0,0.0,0.0
d0078_t006,dp,dpmodel_reasoning_gpt5mini,middle,Number,6.0,11.0,0.0,-2.2299999999999986,0.0,0.0,0.0,0.0,0.0,0.0,0.0,0.0,1.0,0.0
d0210_t011,dp,dpmodel_reasoning_gpt5mini,middle,Algebra,17.0,63.0,0.0,7.773333333333333,0.0,0.0,0.0,0.0,0.0,0.0,0.0,0.0,0.0,5.882352941176471
d0277_t011,dp,dpmodel_reasoning_gpt5mini,middle,Number,1.0,3.0,0.0,-3.3999999999999986,0.0,0.0,0.0,0.0,0.0,0.0,0.0,0.0,0.0,0.0
d0203_t011,dp,dpmodel_reasoning_gpt5mini,middle,Algebra,7.0,19.0,0.0,-2.2299999999999986,0.0,0.0,0.0,0.0,0.0,0.0,0.0,0.0,0.0,0.0
d0068_t015,dp,dpmodel_reasoning_gpt5mini,middle,Number,5.0,17.0,0.0,-2.619999999999999,0.0,0.0,0.0,0.0,0.0,0.0,0.0,20.0,1.0,0.0
d0021_t013,dp,dpmodel_reasoning_gpt5mini,middle,Number,18.0,102.0,0.0,2.4384615384615422,0.0,0.0,0.0,0.0,0.0,0.0,0.0,0.0,0.0,0.0
d0263_t009,dp,dpmodel_reasoning_gpt5mini,middle,Number,23.0,90.0,0.0,5.852222222222224,0.0,0.0,4.3478260869565215,4.3478260869565215,0.0,0.0,0.0,8.695652173913043,0.0,4.3478260869565215
d0048_t013,dp,dpmodel_reasoning_gpt5mini,middle,Geometry and Measure,24.0,82.0,0.0,3.017500000000002,0.0,0.0,0.0,4.166666666666667,0.0,0.0,0.0,0.0,0.0,0.0
d0346_t013,dp,dpmodel_reasoning_gpt5mini,middle,Number,26.0,58.0,0.0,-0.347307692307691,0.0,0.0,0.0,0.0,0.0,0.0,0.0,0.0,0.0,0.0
d0047_t011,dp,dpmodel_reasoning_gpt5mini,middle,Geometry and Measure,2.0,6.0,0.0,-3.01,0.0,0.0,0.0,0.0,0.0,0.0,0.0,0.0,1.0,0.0
d0039_t028,dp,dpmodel_reasoning_gpt5mini,middle,Algebra,3.0,13.0,0.0,5.246666666666666,0.0,0.0,0.0,0.0,0.0,0.0,0.0,0.0,1.0,0.0
d0150_t011,dp,dpmodel_reasoning_gpt5mini,middle,Number,1.0,1.0,0.0,-3.3999999999999986,0.0,0.0,0.0,0.0,0.0,0.0,0.0,0.0,0.0,0.0
d0272_t027,dp,dpmodel_reasoning_gpt5mini,middle,Number,13.0,53.0,0.0,1.572727272727274,0.0,0.0,0.0,7.6923076923076925,0.0,0.0,0.0,0.0,0.0,7.6923076923076925
d0264_t007,dp,dpmodel_reasoning_gpt5mini,middle,Number,12.0,37.0,0.0,1.0311111111111124,0.0,0.0,0.0,0.0,0.0,0.0,0.0,0.0,0.0,0.0
d0340_t009,dp,dpmodel_reasoning_gpt5mini,middle,Number,18.0,77.0,0.0,1.5307692307692307,0.0,0.0,5.555555555555555,0.0,0.0,1.0,0.0,0.0,0.0,0.0
d0023_t009,dp,dpmodel_reasoning_gpt5mini,middle,Number,38.0,118.0,0.0,-1.2872727272727271,0.0,0.0,0.0,0.0,0.0,0.0,0.0,0.0,0.0,0.0
d0305_t010,dp,dpmodel_reasoning_gpt5mini,middle,Number,9.0,28.0,0.0,2.4833333333333343,0.0,0.0,0.0,0.0,0.0,0.0,0.0,0.0,0.0,0.0
d0192_t015,dp,dpmodel_reasoning_gpt5mini,middle,Number,2.0,4.0,0.0,-3.01,0.0,0.0,0.0,0.0,0.0,0.0,0.0,0.0,1.0,0.0
d0284_t023,dp,dpmodel_reasoning_gpt5mini,middle,Number,10.0,28.0,0.0,0.6257142857142846,0.0,0.0,0.0,0.0,0.0,0.0,0.0,0.0,1.0,0.0
d0143_t012,dp,dpmodel_reasoning_gpt5mini,middle,Number,6.0,16.0,0.0,-2.2299999999999986,0.0,0.0,0.0,0.0,0.0,0.0,0.0,0.0,1.0,0.0
d0122_t012,dp,dpmodel_reasoning_gpt5mini,middle,Number,7.0,15.0,0.0,-2.619999999999999,0.0,0.0,0.0,0.0,0.0,0.0,0.0,0.0,1.0,0.0
d0378_t005,dp,dpmodel_reasoning_gpt5mini,middle,Algebra,16.0,61.0,0.0,3.0953846153846136,0.0,0.0,0.0,6.25,0.0,0.0,1.0,6.25,0.0,0.0
d0360_t011,dp,dpmodel_reasoning_gpt5mini,middle,Number,4.0,5.0,0.0,-3.3999999999999986,0.0,0.0,0.0,0.0,0.0,0.0,1.0,0.0,0.0,0.0
d0095_t011,dp,dpmodel_reasoning_gpt5mini,middle,Number,4.0,8.0,0.0,-3.01,0.0,0.0,0.0,0.0,0.0,0.0,0.0,25.0,0.0,0.0
d0279_t009,dp,dpmodel_reasoning_gpt5mini,middle,Number,1.0,3.0,0.0,-3.3999999999999986,0.0,0.0,0.0,0.0,0.0,0.0,0.0,0.0,0.0,0.0
d0348_t014,dp,dpmodel_reasoning_gpt5mini,middle,Number,9.0,32.0,0.0,2.3114285714285714,0.0,0.0,0.0,0.0,0.0,0.0,0.0,0.0,0.0,0.0
d0270_t013,dp,dpmodel_reasoning_gpt5mini,middle,Number,4.0,17.0,0.0,1.3133333333333361,0.0,0.0,0.0,0.0,0.0,0.0,0.0,0.0,0.0,0.0
d0018_t009,dp,dpmodel_reasoning_gpt5mini,middle,Number,1.0,2.0,0.0,-3.3999999999999986,0.0,0.0,0.0,0.0,0.0,0.0,0.0,0.0,0.0,0.0
d0174_t007,dp,dpmodel_reasoning_gpt5mini,middle,Number,6.0,18.0,0.0,-1.8399999999999999,0.0,0.0,0.0,16.666666666666668,0.0,0.0,0.0,0.0,0.0,0.0
d0360_t007,dp,dpmodel_reasoning_gpt5mini,middle,Number,1.0,3.0,0.0,-3.3999999999999986,0.0,0.0,0.0,0.0,0.0,0.0,0.0,0.0,0.0,0.0
d0076_t007,dp,dpmodel_reasoning_gpt5mini,middle,Number,15.0,39.0,0.0,0.8049999999999997,0.0,0.0,0.0,6.666666666666667,0.0,0.0,0.0,0.0,0.0,6.666666666666667
d0123_t007,dp,dpmodel_reasoning_gpt5mini,middle,Number,1.0,3.0,0.0,-3.3999999999999986,0.0,0.0,0.0,0.0,0.0,0.0,0.0,0.0,0.0,0.0
d0293_t009,dp,dpmodel_reasoning_gpt5mini,middle,Number,7.0,20.0,0.0,-1.4499999999999993,0.0,0.0,0.0,14.285714285714286,0.0,0.0,0.0,0.0,0.0,0.0
d0248_t029,dp,dpmodel_reasoning_gpt5mini,middle,Number,6.0,21.0,0.0,3.6700000000000017,0.0,0.0,0.0,0.0,0.0,0.0,0.0,0.0,1.0,0.0
d0364_t005,dp,dpmodel_reasoning_gpt5mini,middle,Data and Statistics,44.0,169.0,0.0,3.7181818181818187,0.0,0.0,0.0,6.818181818181818,0.0,0.0,0.0,2.272727272727273,1.0,0.0
d0100_t021,dp,dpmodel_reasoning_gpt5mini,middle,Number,15.0,74.0,0.0,3.283461538461541,0.0,0.0,0.0,6.666666666666667,0.0,0.25,0.0,0.0,0.0,6.666666666666667
d0168_t012,dp,dpmodel_reasoning_gpt5mini,middle,Number,9.0,32.0,0.0,-1.0599999999999987,0.0,0.0,0.0,0.0,0.0,0.0,1.0,0.0,0.0,0.0
d0296_t013,dp,dpmodel_reasoning_gpt5mini,middle,Number,5.0,12.0,0.0,-2.619999999999999,0.0,0.0,0.0,0.0,0.0,0.0,0.0,20.0,0.0,0.0
d0292_t011,dp,dpmodel_reasoning_gpt5mini,middle,Data and Statistics,6.0,24.0,0.0,3.6700000000000017,0.0,0.0,0.0,0.0,0.0,0.0,0.0,0.0,0.0,0.0
d0198_t007,dp,dpmodel_reasoning_gpt5mini,middle,Number,19.0,68.0,0.0,1.495000000000001,0.0,0.0,0.0,10.526315789473685,5.2631578947368425,0.0,0.0,0.0,0.0,0.0
d0279_t011,dp,dpmodel_reasoning_gpt5mini,middle,Number,7.0,26.0,0.0,-1.4499999999999993,0.0,0.0,0.0,14.285714285714286,0.0,0.0,0.0,0.0,1.0,14.285714285714286
d0166_t013,dp,dpmodel_reasoning_gpt5mini,middle,Number,6.0,19.0,0.0,-2.2299999999999986,0.0,0.0,0.0,0.0,0.0,0.0,0.0,0.0,1.0,0.0
d0007_t007,dp,dpmodel_reasoning_gpt5mini,middle,Number,4.0,16.0,0.0,0.7199999999999989,0.0,0.0,0.0,25.0,0.0,0.0,0.0,0.0,1.0,0.0
d0104_t009,dp,dpmodel_reasoning_gpt5mini,middle,Geometry and Measure,12.0,30.0,0.0,-1.0599999999999987,0.0,0.0,0.0,0.0,0.0,0.0,0.0,0.0,1.0,0.0
d0193_t013,dp,dpmodel_reasoning_gpt5mini,middle,Number,11.0,45.0,0.0,3.653333333333336,0.0,0.0,0.0,0.0,0.0,0.0,0.0,0.0,0.0,9.090909090909092
d0105_t011,dp,dpmodel_reasoning_gpt5mini,middle,Geometry and Measure,8.0,27.0,0.0,-0.6699999999999982,0.0,0.0,0.0,12.5,0.0,0.0,0.0,0.0,1.0,0.0
d0022_t013,dp,dpmodel_reasoning_gpt5mini,middle,Number,3.0,8.0,0.0,-3.01,0.0,0.0,0.0,0.0,0.0,0.0,0.0,0.0,1.0,33.333333333333336
d0010_t017,dp,dpmodel_reasoning_gpt5mini,middle,Algebra,10.0,26.0,0.0,-1.4499999999999993,0.0,0.0,0.0,0.0,0.0,0.0,0.0,0.0,1.0,0.0
d0018_t007,dp,dpmodel_reasoning_gpt5mini,middle,Number,1.0,2.0,0.0,-3.3999999999999986,0.0,0.0,0.0,0.0,0.0,0.0,0.0,0.0,0.0,0.0
d0191_t006,dp,dpmodel_reasoning_gpt5mini,middle,Number,2.0,6.0,0.0,-3.01,0.0,0.0,0.0,0.0,0.0,0.0,0.0,0.0,1.0,0.0
d0181_t013,dp,dpmodel_reasoning_gpt5mini,middle,Number,6.0,22.0,0.0,-2.2299999999999986,0.0,0.0,0.0,0.0,0.0,0.0,0.0,0.0,0.0,0.0
d0112_t007,dp,dpmodel_reasoning_gpt5mini,middle,Number,28.0,86.0,0.0,1.1677631578947363,0.0,0.0,0.0,3.5714285714285716,0.0,0.0,0.0,7.142857142857143,0.0,0.0
d0042_t009,dp,dpmodel_reasoning_gpt5mini,middle,Data and Statistics,23.0,96.0,0.0,8.140000000000004,4.3478260869565215,0.0,0.0,0.0,0.0,0.0,0.0,4.3478260869565215,0.0,0.0
d0166_t015,dp,dpmodel_reasoning_gpt5mini,middle,Number,20.0,72.0,0.0,0.7199999999999989,0.0,0.0,0.0,0.0,0.0,0.0,0.0,0.0,0.0,0.0
d0312_t009,dp,dpmodel_reasoning_gpt5mini,middle,Algebra,55.0,203.0,0.0,5.478888888888889,0.0,0.0,0.0,3.6363636363636362,0.0,0.0,0.0,0.0,0.0,3.6363636363636362
d0196_t011,dp,dpmodel_reasoning_gpt5mini,middle,Number,1.0,2.0,0.0,-3.3999999999999986,0.0,0.0,0.0,0.0,0.0,0.0,0.0,0.0,0.0,0.0
d0374_t013,dp,dpmodel_reasoning_gpt5mini,middle,Algebra,5.0,15.0,0.0,-2.2299999999999986,20.0,0.0,0.0,0.0,0.0,0.0,0.0,20.0,0.0,0.0
d0039_t022,dp,dpmodel_reasoning_gpt5mini,middle,Algebra,5.0,11.0,0.0,-2.2299999999999986,0.0,0.0,0.0,0.0,0.0,0.0,0.0,0.0,1.0,0.0
d0313_t012,dp,dpmodel_reasoning_gpt5mini,middle,Number,11.0,37.0,0.0,0.5166666666666693,0.0,0.0,0.0,9.090909090909092,0.0,0.0,0.0,0.0,0.0,0.0
d0125_t015,dp,dpmodel_reasoning_gpt5mini,middle,Number,1.0,5.0,0.0,-3.3999999999999986,0.0,0.0,0.0,0.0,0.0,0.0,0.0,0.0,0.0,0.0
d0164_t013,dp,dpmodel_reasoning_gpt5mini,late,Number,1.0,4.0,0.0,-3.3999999999999986,0.0,0.0,0.0,0.0,0.0,0.0,0.0,0.0,0.0,0.0
d0348_t012,dp,dpmodel_reasoning_gpt5mini,middle,Number,1.0,4.0,0.0,-3.3999999999999986,0.0,0.0,0.0,0.0,0.0,0.0,0.0,0.0,0.0,0.0
d0117_t019,dp,dpmodel_reasoning_gpt5mini,middle,Number,7.0,16.0,0.0,-2.2299999999999986,0.0,0.0,0.0,0.0,0.0,0.0,0.0,0.0,0.0,0.0
d0030_t017,dp,dpmodel_reasoning_gpt5mini,late,Geometry and Measure,2.0,7.0,0.0,-3.01,0.0,0.0,0.0,0.0,0.0,0.0,0.0,0.0,1.0,0.0
d0149_t053,dp,dpmodel_reasoning_gpt5mini,late,Number,9.0,31.0,0.0,0.6257142857142846,0.0,0.0,0.0,11.11111111111111,0.0,0.0,0.0,0.0,0.0,22.22222222222222
d0206_t019,dp,dpmodel_reasoning_gpt5mini,late,Algebra,17.0,62.0,0.0,1.5,0.0,0.0,0.0,5.882352941176471,0.0,0.0,0.0,5.882352941176471,0.0,0.0
d0077_t029,dp,dpmodel_reasoning_gpt5mini,late,Number,1.0,1.0,0.0,-3.3999999999999986,0.0,0.0,0.0,0.0,0.0,0.0,0.0,0.0,0.0,0.0
d0174_t015,dp,dpmodel_reasoning_gpt5mini,late,Number,20.0,67.0,0.0,-1.254999999999999,0.0,5.0,0.0,0.0,0.0,0.0,0.0,5.0,0.0,0.0
d0137_t017,dp,dpmodel_reasoning_gpt5mini,late,Number,10.0,34.0,0.0,-1.4499999999999993,0.0,0.0,0.0,10.0,0.0,0.0,0.0,10.0,0.0,0.0
d0330_t023,dp,dpmodel_reasoning_gpt5mini,late,Number,2.0,7.0,0.0,-3.3999999999999986,0.0,0.0,0.0,0.0,0.0,0.0,0.0,0.0,0.0,0.0
d0042_t023,dp,dpmodel_reasoning_gpt5mini,late,Data and Statistics,10.0,32.0,0.0,-2.424999999999999,0.0,10.0,0.0,10.0,0.0,0.0,0.0,0.0,0.0,0.0
d0317_t015,dp,dpmodel_reasoning_gpt5mini,late,Data and Statistics,5.0,13.0,0.0,-2.619999999999999,0.0,0.0,0.0,0.0,0.0,0.0,0.0,0.0,0.0,0.0
d0028_t015,dp,dpmodel_reasoning_gpt5mini,late,Number,2.0,6.0,0.0,-3.3999999999999986,0.0,0.0,0.0,0.0,0.0,0.0,0.0,0.0,1.0,0.0
d0127_t009,dp,dpmodel_reasoning_gpt5mini,late,Number,1.0,1.0,0.0,-3.3999999999999986,0.0,0.0,0.0,0.0,0.0,0.0,0.0,0.0,0.0,0.0
d0182_t013,dp,dpmodel_reasoning_gpt5mini,late,Number,9.0,26.0,0.0,-1.4499999999999993,0.0,0.0,0.0,11.11111111111111,0.0,0.0,0.0,0.0,0.0,0.0
d0098_t019,dp,dpmodel_reasoning_gpt5mini,late,Geometry and Measure,8.0,28.0,0.0,2.4833333333333343,0.0,0.0,0.0,0.0,0.0,0.0,0.0,12.5,0.0,12.5
d0286_t015,dp,dpmodel_reasoning_gpt5mini,late,Number,5.0,18.0,0.0,-2.2299999999999986,0.0,0.0,0.0,0.0,0.0,0.0,0.0,20.0,1.0,0.0
d0070_t033,dp,dpmodel_reasoning_gpt5mini,late,Number,1.0,3.0,0.0,-3.3999999999999986,0.0,0.0,0.0,0.0,0.0,0.0,0.0,0.0,0.0,0.0
d0346_t021,dp,dpmodel_reasoning_gpt5mini,late,Number,9.0,19.0,0.0,0.7199999999999989,0.0,0.0,0.0,0.0,0.0,0.0,0.0,0.0,0.0,0.0
d0363_t015,dp,dpmodel_reasoning_gpt5mini,late,Geometry and Measure,13.0,39.0,0.0,3.653333333333336,0.0,0.0,0.0,7.6923076923076925,0.0,0.0,0.0,0.0,0.0,0.0
d0088_t027,dp,dpmodel_reasoning_gpt5mini,late,Algebra,6.0,14.0,0.0,-2.2299999999999986,0.0,0.0,0.0,0.0,0.0,0.0,0.0,16.666666666666668,0.0,0.0
d0215_t019,dp,dpmodel_reasoning_gpt5mini,late,Algebra,2.0,10.0,0.0,-3.01,0.0,0.0,0.0,0.0,0.0,0.0,0.0,0.0,0.0,0.0
d0039_t048,dp,dpmodel_reasoning_gpt5mini,late,Algebra,6.0,20.0,0.0,-1.8399999999999999,0.0,0.0,0.0,16.666666666666668,0.0,0.0,0.0,0.0,0.0,0.0
d0367_t029,dp,dpmodel_reasoning_gpt5mini,late,Number,12.0,41.0,0.0,3.653333333333336,0.0,8.333333333333334,0.0,8.333333333333334,0.0,0.0,0.0,0.0,1.0,0.0
d0030_t013,dp,dpmodel_reasoning_gpt5mini,late,Geometry and Measure,5.0,12.0,0.0,-1.8399999999999999,0.0,0.0,0.0,0.0,0.0,0.0,0.0,0.0,1.0,0.0
d0172_t033,dp,dpmodel_reasoning_gpt5mini,late,Number,3.0,10.0,0.0,-2.619999999999999,0.0,0.0,0.0,0.0,0.0,0.0,0.0,0.0,0.0,0.0
d0315_t015,dp,dpmodel_reasoning_gpt5mini,late,Data and Statistics,17.0,61.0,0.0,2.187692307692309,0.0,0.0,0.0,5.882352941176471,0.0,0.0,0.0,5.882352941176471,0.0,0.0
d0121_t021,dp,dpmodel_reasoning_gpt5mini,late,Number,2.0,10.0,0.0,-3.01,0.0,0.0,0.0,0.0,0.0,0.0,0.0,0.0,1.0,0.0
d0009_t023,dp,dpmodel_reasoning_gpt5mini,late,Number,12.0,26.0,0.0,-1.0599999999999987,0.0,0.0,0.0,0.0,0.0,0.0,0.0,0.0,1.0,0.0
d0361_t019,dp,dpmodel_reasoning_gpt5mini,late,Number,10.0,34.0,0.0,2.280000000000001,0.0,0.0,0.0,10.0,0.0,0.0,0.0,10.0,1.0,0.0
d0194_t019,dp,dpmodel_reasoning_gpt5mini,late,Number,1.0,2.0,0.0,-3.3999999999999986,0.0,0.0,0.0,0.0,0.0,0.0,0.0,0.0,0.0,0.0
d0169_t017,dp,dpmodel_reasoning_gpt5mini,late,Number,1.0,1.0,0.0,-3.3999999999999986,0.0,0.0,0.0,0.0,0.0,0.0,0.0,0.0,0.0,0.0
d0374_t021,dp,dpmodel_reasoning_gpt5mini,late,Algebra,7.0,25.0,0.0,0.5199999999999996,0.0,0.0,0.0,0.0,0.0,0.0,0.0,14.285714285714286,1.0,0.0
d0276_t022,dp,dpmodel_reasoning_gpt5mini,late,Number,14.0,55.0,0.0,2.645454545454548,0.0,0.0,0.0,14.285714285714286,0.0,0.0,0.0,0.0,0.0,0.0
d0298_t023,dp,dpmodel_reasoning_gpt5mini,late,Number,15.0,49.0,0.0,0.8900000000000006,0.0,0.0,0.0,0.0,0.0,0.0,0.0,0.0,1.0,0.0
d0122_t022,dp,dpmodel_reasoning_gpt5mini,late,Number,24.0,79.0,0.0,-0.2171428571428553,0.0,0.0,0.0,4.166666666666667,0.0,0.0,0.0,0.0,1.0,0.0
d0278_t038,dp,dpmodel_reasoning_gpt5mini,late,Number,1.0,1.0,0.0,-3.3999999999999986,0.0,0.0,0.0,0.0,0.0,0.0,0.0,0.0,0.0,0.0
d0242_t013,dp,dpmodel_reasoning_gpt5mini,late,Data and Statistics,12.0,38.0,0.0,1.2900000000000027,0.0,0.0,0.0,8.333333333333334,0.0,0.0,0.0,0.0,0.0,0.0
d0004_t015,dp,dpmodel_reasoning_gpt5mini,late,Number,8.0,27.0,0.0,-1.4499999999999993,0.0,0.0,0.0,12.5,0.0,0.0,0.0,0.0,0.0,0.0
d0371_t018,dp,dpmodel_reasoning_gpt5mini,late,Algebra,1.0,2.0,0.0,-3.3999999999999986,0.0,0.0,0.0,0.0,0.0,0.0,0.0,0.0,0.0,0.0
d0002_t021,dp,dpmodel_reasoning_gpt5mini,late,Algebra,5.0,19.0,0.0,1.3133333333333361,0.0,0.0,0.0,0.0,0.0,0.0,0.0,0.0,0.0,0.0
d0295_t017,dp,dpmodel_reasoning_gpt5mini,late,Number,1.0,5.0,0.0,-3.3999999999999986,0.0,0.0,0.0,0.0,0.0,0.0,0.0,0.0,0.0,0.0
d0161_t023,dp,dpmodel_reasoning_gpt5mini,late,Number,6.0,20.0,0.0,1.3133333333333361,0.0,0.0,0.0,0.0,0.0,0.0,0.0,0.0,0.0,0.0
d0215_t017,dp,dpmodel_reasoning_gpt5mini,late,Algebra,3.0,5.0,0.0,-3.01,0.0,0.0,0.0,0.0,0.0,0.0,0.0,0.0,1.0,0.0
d0201_t013,dp,dpmodel_reasoning_gpt5mini,late,Number,4.0,12.0,0.0,-3.01,0.0,0.0,0.0,0.0,0.0,0.0,0.0,0.0,0.0,0.0
d0348_t020,dp,dpmodel_reasoning_gpt5mini,late,Number,2.0,7.0,0.0,-3.3999999999999986,0.0,0.0,0.0,0.0,0.0,0.0,0.0,0.0,0.0,0.0
d0147_t015,dp,dpmodel_reasoning_gpt5mini,late,Number,3.0,10.0,0.0,-3.01,0.0,0.0,0.0,0.0,0.0,0.0,0.0,0.0,1.0,0.0
d0277_t023,dp,dpmodel_reasoning_gpt5mini,late,Number,1.0,5.0,0.0,-3.3999999999999986,0.0,0.0,0.0,0.0,0.0,0.0,0.0,0.0,0.0,0.0
d0278_t042,dp,dpmodel_reasoning_gpt5mini,late,Number,6.0,15.0,0.0,-2.2299999999999986,0.0,0.0,0.0,0.0,0.0,0.0,0.0,0.0,1.0,0.0
d0278_t048,dp,dpmodel_reasoning_gpt5mini,late,Number,7.0,23.0,0.0,-1.0599999999999987,0.0,0.0,0.0,14.285714285714286,0.0,0.0,0.0,0.0,0.0,0.0
d0237_t031,dp,dpmodel_reasoning_gpt5mini,late,Geometry and Measure,9.0,24.0,0.0,0.5166666666666693,0.0,0.0,0.0,11.11111111111111,0.0,0.0,0.0,0.0,0.0,0.0
d0170_t013,dp,dpmodel_reasoning_gpt5mini,late,Number,6.0,22.0,0.0,-2.2299999999999986,0.0,0.0,0.0,0.0,0.0,0.0,0.0,0.0,0.0,0.0
d0131_t034,dp,dpmodel_reasoning_gpt5mini,late,Number,9.0,32.0,0.0,3.997142857142858,0.0,11.11111111111111,0.0,11.11111111111111,0.0,0.0,0.0,0.0,0.0,0.0
d0000_t015,dp,dpmodel_reasoning_gpt5mini,late,Algebra,8.0,25.0,0.0,0.5166666666666693,0.0,0.0,0.0,0.0,0.0,0.0,0.0,0.0,0.0,0.0
d0200_t023,dp,dpmodel_reasoning_gpt5mini,late,Number,13.0,52.0,0.0,6.010000000000002,0.0,7.6923076923076925,0.0,7.6923076923076925,0.0,0.0,0.0,0.0,0.0,0.0
d0357_t013,dp,dpmodel_reasoning_gpt5mini,late,Number,6.0,21.0,0.0,0.7199999999999989,0.0,0.0,0.0,0.0,0.0,0.0,0.0,16.666666666666668,1.0,0.0
d0238_t021,dp,dpmodel_reasoning_gpt5mini,late,Geometry and Measure,2.0,10.0,0.0,-3.01,0.0,0.0,0.0,0.0,0.0,0.0,0.0,0.0,1.0,0.0
d0354_t020,dp,dpmodel_reasoning_gpt5mini,late,Number,4.0,12.0,0.0,-3.01,0.0,0.0,0.0,0.0,0.0,0.0,0.0,0.0,0.0,0.0
d0091_t014,dp,dpmodel_reasoning_gpt5mini,late,Geometry and Measure,15.0,59.0,0.0,3.7181818181818187,0.0,0.0,0.0,0.0,0.0,0.0,0.0,0.0,0.0,0.0
d0042_t019,dp,dpmodel_reasoning_gpt5mini,late,Data and Statistics,25.0,118.0,0.0,9.785555555555558,0.0,0.0,0.0,4.0,0.0,0.0,1.0,4.0,0.0,0.0
d0020_t013,dp,dpmodel_reasoning_gpt5mini,late,Number,12.0,40.0,0.0,0.8049999999999997,0.0,0.0,0.0,0.0,0.0,0.0,0.0,0.0,0.0,0.0
d0110_t017,dp,dpmodel_reasoning_gpt5mini,late,Number,11.0,39.0,0.0,2.280000000000001,0.0,9.090909090909092,0.0,9.090909090909092,0.0,0.0,0.0,0.0,0.0,0.0
d0124_t013,dp,dpmodel_reasoning_gpt5mini,late,Number,4.0,12.0,0.0,-2.619999999999999,0.0,0.0,0.0,0.0,0.0,0.0,0.0,0.0,0.0,0.0
d0093_t015,dp,dpmodel_reasoning_gpt5mini,late,Geometry and Measure,2.0,3.0,0.0,-3.3999999999999986,0.0,0.0,0.0,0.0,0.0,0.0,0.0,0.0,0.0,0.0
d0153_t019,dp,dpmodel_reasoning_gpt5mini,late,Number,1.0,1.0,0.0,-3.3999999999999986,0.0,0.0,0.0,0.0,0.0,0.0,0.0,0.0,0.0,0.0
d0116_t012,dp,dpmodel_reasoning_gpt5mini,late,Number,12.0,22.0,0.0,-1.4499999999999993,0.0,0.0,0.0,0.0,0.0,0.0,0.0,0.0,0.0,0.0
d0315_t013,dp,dpmodel_reasoning_gpt5mini,late,Data and Statistics,14.0,63.0,0.0,4.791363636363638,0.0,0.0,7.142857142857143,7.142857142857143,0.0,0.0,1.0,0.0,1.0,0.0
d0136_t021,dp,dpmodel_reasoning_gpt5mini,late,Number,2.0,4.0,0.0,-3.3999999999999986,0.0,0.0,0.0,0.0,0.0,0.0,0.0,0.0,0.0,0.0
d0372_t013,dp,dpmodel_reasoning_gpt5mini,late,Algebra,3.0,6.0,0.0,-3.01,0.0,0.0,0.0,0.0,0.0,0.0,0.0,0.0,0.0,0.0
d0009_t025,dp,dpmodel_reasoning_gpt5mini,late,Number,7.0,25.0,0.0,0.6257142857142846,0.0,14.285714285714286,0.0,14.285714285714286,0.0,0.0,0.0,0.0,1.0,0.0
d0001_t020,dp,dpmodel_reasoning_gpt5mini,late,Algebra,1.0,3.0,0.0,-3.3999999999999986,0.0,0.0,0.0,0.0,0.0,0.0,0.0,0.0,0.0,0.0
d0267_t017,dp,dpmodel_reasoning_gpt5mini,late,Number,10.0,36.0,0.0,2.3114285714285714,0.0,0.0,0.0,10.0,0.0,0.0,0.0,10.0,0.0,0.0
d0295_t019,dp,dpmodel_reasoning_gpt5mini,late,Number,1.0,4.0,0.0,-3.3999999999999986,0.0,0.0,0.0,0.0,0.0,0.0,0.0,0.0,0.0,0.0
d0222_t019,dp,dpmodel_reasoning_gpt5mini,late,Algebra,33.0,141.0,0.0,4.388999999999999,3.0303030303030303,0.0,3.0303030303030303,0.0,0.0,0.0,0.0,0.0,0.0,0.0
d0278_t050,dp,dpmodel_reasoning_gpt5mini,late,Number,11.0,35.0,0.0,-0.6699999999999982,0.0,0.0,0.0,9.090909090909092,0.0,0.0,0.0,0.0,0.0,0.0
d0210_t019,dp,dpmodel_reasoning_gpt5mini,late,Algebra,2.0,7.0,0.0,-3.3999999999999986,0.0,0.0,0.0,0.0,0.0,0.0,0.0,0.0,0.0,0.0
d0331_t033,dp,dpmodel_reasoning_gpt5mini,late,Number,6.0,15.0,0.0,1.3133333333333361,0.0,0.0,0.0,0.0,0.0,0.0,0.0,16.666666666666668,0.0,0.0
d0289_t013,dp,dpmodel_reasoning_gpt5mini,late,Algebra,7.0,21.0,0.0,-2.2299999999999986,0.0,0.0,0.0,14.285714285714286,0.0,0.0,0.0,0.0,0.0,0.0
d0055_t017,dp,dpmodel_reasoning_gpt5mini,late,Geometry and Measure,18.0,60.0,0.0,-0.27999999999999936,0.0,5.555555555555555,0.0,0.0,0.0,0.0,0.0,0.0,0.0,0.0
d0077_t027,dp,dpmodel_reasoning_gpt5mini,late,Number,2.0,7.0,0.0,-3.3999999999999986,0.0,0.0,0.0,0.0,0.0,0.0,0.0,0.0,0.0,0.0
d0086_t019,dp,dpmodel_reasoning_gpt5mini,late,Algebra,1.0,2.0,0.0,-3.3999999999999986,0.0,0.0,0.0,0.0,0.0,0.0,0.0,0.0,0.0,0.0
d0291_t013,dp,dpmodel_reasoning_gpt5mini,late,Number,4.0,15.0,0.0,1.3133333333333361,0.0,0.0,0.0,0.0,0.0,0.5,0.0,0.0,0.0,0.0
d0240_t019,dp,dpmodel_reasoning_gpt5mini,late,Data and Statistics,11.0,40.0,0.0,0.6257142857142846,0.0,0.0,0.0,0.0,0.0,0.5,0.0,0.0,0.0,0.0
d0258_t013,dp,dpmodel_reasoning_gpt5mini,late,Data and Statistics,9.0,27.0,0.0,0.6257142857142846,0.0,0.0,0.0,0.0,0.0,0.0,0.0,0.0,0.0,0.0
d0117_t031,dp,dpmodel_reasoning_gpt5mini,late,Number,12.0,44.0,0.0,-0.27999999999999936,0.0,0.0,0.0,8.333333333333334,0.0,0.0,0.0,0.0,0.0,0.0
d0217_t012,dp,dpmodel_reasoning_gpt5mini,late,Algebra,3.0,11.0,0.0,-3.01,0.0,0.0,0.0,0.0,0.0,0.0,0.0,0.0,0.0,0.0
d0060_t013,dp,dpmodel_reasoning_gpt5mini,late,Number,23.0,64.0,0.0,-0.07833333333333137,0.0,4.3478260869565215,0.0,4.3478260869565215,0.0,0.0,0.0,0.0,0.0,0.0
d0037_t026,dp,dpmodel_reasoning_gpt5mini,late,Data and Statistics,7.0,21.0,0.0,-2.2299999999999986,0.0,0.0,0.0,0.0,0.0,0.0,0.0,14.285714285714286,0.0,0.0
d0259_t024,dp,dpmodel_reasoning_gpt5mini,late,Data and Statistics,1.0,1.0,0.0,-3.3999999999999986,0.0,0.0,0.0,0.0,0.0,0.0,0.0,0.0,0.0,0.0
d0344_t019,dp,dpmodel_reasoning_gpt5mini,late,Algebra,2.0,7.0,0.0,-3.3999999999999986,0.0,0.0,0.0,0.0,0.0,0.0,0.0,0.0,0.0,0.0
d0372_t017,dp,dpmodel_reasoning_gpt5mini,late,Algebra,4.0,12.0,0.0,-3.01,0.0,0.0,0.0,0.0,0.0,0.0,0.0,0.0,0.0,0.0
d0027_t017,dp,dpmodel_reasoning_gpt5mini,late,Geometry and Measure,6.0,16.0,0.0,-2.619999999999999,0.0,0.0,0.0,0.0,0.0,0.0,0.0,0.0,0.0,0.0
d0130_t017,dp,dpmodel_reasoning_gpt5mini,late,Number,18.0,62.0,0.0,1.6700000000000017,0.0,0.0,0.0,0.0,0.0,0.0,0.0,0.0,0.0,0.0
d0023_t019,dp,dpmodel_reasoning_gpt5mini,late,Number,12.0,32.0,0.0,-1.0599999999999987,0.0,0.0,0.0,8.333333333333334,0.0,0.0,0.0,0.0,0.0,0.0
d0162_t023,dp,dpmodel_reasoning_gpt5mini,late,Number,10.0,32.0,0.0,-0.6699999999999982,0.0,0.0,0.0,10.0,0.0,0.0,0.0,0.0,0.0,0.0
d0223_t095,dp,dpmodel_reasoning_gpt5mini,late,Number,4.0,11.0,0.0,-2.619999999999999,0.0,25.0,0.0,0.0,0.0,0.0,0.0,0.0,1.0,0.0
d0379_t036,dp,dpmodel_reasoning_gpt5mini,late,Algebra,34.0,142.0,0.0,5.364615384615387,0.0,0.0,0.0,0.0,0.0,0.3333333333333333,1.0,2.9411764705882355,0.0,2.9411764705882355
d0290_t012,dp,dpmodel_reasoning_gpt5mini,late,Algebra,8.0,11.0,0.0,-2.619999999999999,0.0,0.0,0.0,0.0,0.0,0.0,0.0,0.0,0.0,0.0
d0093_t017,dp,dpmodel_reasoning_gpt5mini,late,Geometry and Measure,2.0,3.0,0.0,-3.3999999999999986,0.0,0.0,0.0,0.0,0.0,0.0,0.0,0.0,0.0,0.0
d0054_t021,dp,dpmodel_reasoning_gpt5mini,late,Geometry and Measure,6.0,19.0,0.0,-2.2299999999999986,0.0,0.0,0.0,0.0,0.0,0.0,0.0,16.666666666666668,1.0,0.0
d0243_t014,dp,dpmodel_reasoning_gpt5mini,late,Data and Statistics,1.0,2.0,0.0,-3.3999999999999986,0.0,0.0,0.0,0.0,0.0,0.0,0.0,0.0,0.0,0.0
d0279_t015,dp,dpmodel_reasoning_gpt5mini,late,Number,2.0,7.0,0.0,-3.01,0.0,0.0,0.0,0.0,0.0,0.0,0.0,0.0,1.0,0.0
d0007_t003,frontier,gemini25pro,early,Number,7.0,34.0,0.0,2.4833333333333343,0.0,0.0,0.0,0.0,0.0,0.0,0.0,0.0,0.0,0.0
d0094_t005,frontier,gemini25pro,early,Number,1.0,3.0,0.0,-3.3999999999999986,0.0,0.0,0.0,0.0,0.0,0.0,0.0,0.0,1.0,0.0
d0068_t003,frontier,gemini25pro,early,Number,12.0,47.0,0.0,2.879999999999999,0.0,0.0,0.0,0.0,0.0,0.3333333333333333,0.0,0.0,1.0,0.0
d0270_t001,frontier,gemini25pro,early,Number,1.0,2.0,0.0,-3.3999999999999986,0.0,0.0,0.0,0.0,0.0,0.0,0.0,0.0,0.0,0.0
d0122_t004,frontier,gemini25pro,early,Number,13.0,43.0,0.0,0.11000000000000121,0.0,0.0,0.0,0.0,0.0,0.0,0.0,7.6923076923076925,0.0,0.0
d0065_t001,frontier,gemini25pro,early,Number,13.0,56.0,0.0,6.2755555555555596,0.0,0.0,0.0,0.0,0.0,0.5,0.0,15.384615384615385,0.0,0.0
d0239_t002,frontier,gemini25pro,early,Geometry and Measure,14.0,41.0,0.0,0.5,0.0,7.142857142857143,0.0,7.142857142857143,0.0,0.0,0.0,0.0,0.0,0.0
d0360_t001,frontier,gemini25pro,early,Number,13.0,40.0,0.0,-0.754999999999999,0.0,0.0,0.0,7.6923076923076925,0.0,0.0,1.0,7.6923076923076925,0.0,0.0
d0165_t001,frontier,gemini25pro,early,Number,22.0,85.0,0.0,2.301470588235297,4.545454545454546,0.0,0.0,4.545454545454546,0.0,0.0,0.0,9.090909090909092,0.0,0.0
d0150_t005,frontier,gemini25pro,early,Number,1.0,1.0,0.0,-3.3999999999999986,0.0,0.0,0.0,0.0,0.0,0.0,0.0,0.0,0.0,0.0
d0314_t003,frontier,gemini25pro,early,Data and Statistics,12.0,53.0,0.0,4.830000000000002,8.333333333333334,0.0,0.0,8.333333333333334,0.0,0.5,0.0,8.333333333333334,0.0,0.0
d0131_t004,frontier,gemini25pro,early,Number,9.0,38.0,0.0,5.230000000000004,0.0,0.0,0.0,11.11111111111111,0.0,0.0,1.0,0.0,0.0,0.0
d0301_t000,frontier,gemini25pro,early,Algebra,8.0,26.0,0.0,2.879999999999999,0.0,0.0,0.0,0.0,0.0,0.0,0.0,12.5,0.0,0.0
d0054_t005,frontier,gemini25pro,early,Geometry and Measure,14.0,51.0,0.0,-0.5722727272727273,7.142857142857143,7.142857142857143,0.0,0.0,0.0,0.0,0.0,7.142857142857143,0.0,0.0
d0117_t005,frontier,gemini25pro,early,Number,12.0,41.0,0.0,1.2900000000000027,0.0,8.333333333333334,0.0,0.0,0.0,0.0,0.0,0.0,0.0,0.0
d0160_t001,frontier,gemini25pro,early,Number,14.0,51.0,0.0,1.8733333333333313,7.142857142857143,0.0,0.0,7.142857142857143,0.0,0.0,0.0,7.142857142857143,0.0,0.0
d0186_t001,frontier,gemini25pro,early,Number,1.0,2.0,0.0,-3.3999999999999986,0.0,0.0,0.0,0.0,0.0,0.0,0.0,0.0,0.0,0.0
d0132_t005,frontier,gemini25pro,early,Number,2.0,5.0,0.0,-3.3999999999999986,0.0,0.0,0.0,0.0,0.0,0.0,0.0,0.0,0.0,0.0
d0017_t013,frontier,gemini25pro,early,Number,2.0,4.0,0.0,-3.3999999999999986,0.0,0.0,0.0,0.0,0.0,0.0,1.0,0.0,0.0,0.0
d0319_t001,frontier,gemini25pro,early,Number,15.0,58.0,0.0,5.863636363636363,0.0,0.0,0.0,0.0,0.0,0.0,0.0,6.666666666666667,0.0,0.0
d0092_t003,frontier,gemini25pro,early,Geometry and Measure,13.0,57.0,0.0,4.830000000000002,0.0,0.0,0.0,7.6923076923076925,0.0,0.0,0.0,7.6923076923076925,0.0,0.0
d0279_t005,frontier,gemini25pro,early,Number,12.0,35.0,0.0,2.4700000000000024,0.0,0.0,0.0,0.0,0.0,0.0,0.0,8.333333333333334,0.0,0.0
d0253_t002,frontier,gemini25pro,early,Number,12.0,45.0,0.0,6.2755555555555596,0.0,0.0,0.0,8.333333333333334,0.0,0.5,1.0,8.333333333333334,0.0,0.0
d0070_t005,frontier,gemini25pro,early,Number,11.0,39.0,0.0,0.7199999999999989,0.0,18.181818181818183,0.0,9.090909090909092,0.0,1.0,0.0,0.0,0.0,0.0
d0267_t003,frontier,gemini25pro,early,Number,1.0,2.0,0.0,-3.3999999999999986,0.0,0.0,0.0,0.0,0.0,0.0,0.0,0.0,0.0,0.0
d0284_t005,frontier,gemini25pro,early,Number,1.0,2.0,0.0,-3.3999999999999986,0.0,0.0,0.0,0.0,0.0,0.0,0.0,0.0,0.0,0.0
d0182_t003,frontier,gemini25pro,early,Number,11.0,49.0,0.0,7.58666666666667,0.0,0.0,0.0,9.090909090909092,0.0,0.0,1.0,0.0,0.0,0.0
d0034_t002,frontier,gemini25pro,early,Data and Statistics,12.0,47.0,0.0,1.8983333333333334,0.0,0.0,0.0,0.0,0.0,0.0,0.0,16.666666666666668,1.0,0.0
d0201_t003,frontier,gemini25pro,early,Number,6.0,19.0,0.0,-1.8399999999999999,0.0,0.0,0.0,0.0,0.0,0.0,1.0,0.0,0.0,0.0
d0372_t001,frontier,gemini25pro,early,Algebra,15.0,54.0,0.0,2.8566666666666656,0.0,0.0,0.0,0.0,0.0,0.0,0.0,6.666666666666667,0.0,0.0
d0131_t010,frontier,gemini25pro,early,Number,2.0,4.0,0.0,-3.3999999999999986,0.0,0.0,0.0,0.0,0.0,0.0,1.0,0.0,0.0,0.0
d0321_t002,frontier,gemini25pro,early,Algebra,15.0,51.0,0.0,3.7181818181818187,0.0,0.0,0.0,0.0,0.0,0.5,0.0,6.666666666666667,0.0,0.0
d0067_t003,frontier,gemini25pro,early,Number,12.0,52.0,0.0,6.2755555555555596,0.0,16.666666666666668,0.0,0.0,0.0,0.3333333333333333,1.0,8.333333333333334,0.0,0.0
d0126_t002,frontier,gemini25pro,early,Number,13.0,54.0,0.0,0.5199999999999996,0.0,0.0,0.0,7.6923076923076925,0.0,0.5,1.0,7.6923076923076925,0.0,0.0
d0031_t005,frontier,gemini25pro,early,Number,8.0,26.0,0.0,-1.0599999999999987,0.0,0.0,0.0,12.5,0.0,0.0,1.0,0.0,0.0,0.0
d0367_t005,frontier,gemini25pro,early,Number,15.0,63.0,0.0,1.468076923076925,6.666666666666667,0.0,0.0,0.0,0.0,0.0,0.0,6.666666666666667,0.0,0.0
d0027_t005,frontier,gemini25pro,early,Geometry and Measure,11.0,39.0,0.0,0.5872222222222234,9.090909090909092,0.0,0.0,9.090909090909092,0.0,0.0,0.0,9.090909090909092,0.0,0.0
d0302_t003,frontier,gemini25pro,early,Geometry and Measure,2.0,4.0,0.0,-3.3999999999999986,0.0,0.0,0.0,0.0,0.0,0.0,0.0,0.0,0.0,0.0
d0011_t000,frontier,gemini25pro,early,Number,8.0,23.0,0.0,0.5199999999999996,0.0,0.0,0.0,0.0,0.0,0.0,0.0,12.5,0.0,0.0
d0223_t035,frontier,gemini25pro,early,Number,8.0,19.0,0.0,0.7199999999999989,0.0,12.5,0.0,0.0,0.0,0.0,1.0,0.0,1.0,0.0
d0071_t002,frontier,gemini25pro,early,Number,15.0,56.0,0.0,3.84,6.666666666666667,0.0,0.0,0.0,0.0,0.0,1.0,0.0,0.0,13.333333333333334
d0072_t001,frontier,gemini25pro,early,Number,3.0,6.0,0.0,-3.3999999999999986,0.0,0.0,0.0,0.0,0.0,0.0,0.0,0.0,0.0,0.0
d0176_t003,frontier,gemini25pro,early,Number,10.0,32.0,0.0,2.3114285714285714,0.0,0.0,0.0,0.0,0.0,0.0,0.0,10.0,0.0,0.0
d0211_t006,frontier,gemini25pro,early,Algebra,6.0,20.0,0.0,3.6700000000000017,0.0,0.0,0.0,0.0,0.0,0.0,1.0,0.0,1.0,16.666666666666668
d0005_t003,frontier,gemini25pro,early,Number,3.0,13.0,0.0,2.890000000000004,0.0,0.0,0.0,0.0,0.0,0.0,1.0,0.0,0.0,0.0
d0129_t003,frontier,gemini25pro,early,Number,20.0,84.0,0.0,3.6897058823529427,0.0,5.0,0.0,5.0,0.0,0.0,1.0,0.0,0.0,0.0
d0214_t003,frontier,gemini25pro,early,Algebra,12.0,46.0,0.0,2.4700000000000024,8.333333333333334,0.0,0.0,0.0,0.0,0.0,1.0,0.0,0.0,0.0
d0158_t002,frontier,gemini25pro,early,Number,12.0,44.0,0.0,0.11000000000000121,8.333333333333334,0.0,0.0,0.0,0.0,0.0,0.0,8.333333333333334,0.0,0.0
d0081_t005,frontier,gemini25pro,early,Algebra,9.0,28.0,0.0,0.6257142857142846,0.0,0.0,0.0,0.0,0.0,0.0,1.0,0.0,0.0,0.0
d0376_t003,frontier,gemini25pro,early,Algebra,4.0,10.0,0.0,-2.619999999999999,0.0,0.0,0.0,0.0,0.0,0.0,1.0,0.0,0.0,0.0
d0172_t007,frontier,gemini25pro,early,Number,11.0,39.0,0.0,2.3114285714285714,0.0,0.0,0.0,0.0,0.0,0.0,1.0,9.090909090909092,0.0,0.0
d0329_t007,frontier,gemini25pro,early,Number,12.0,36.0,0.0,0.8049999999999997,0.0,16.666666666666668,0.0,0.0,0.0,0.0,0.0,0.0,0.0,0.0
d0158_t000,frontier,gemini25pro,early,Number,11.0,36.0,0.0,0.8049999999999997,0.0,0.0,0.0,9.090909090909092,0.0,0.0,0.0,9.090909090909092,0.0,0.0
d0328_t001,frontier,gemini25pro,early,Number,1.0,2.0,0.0,-3.3999999999999986,0.0,0.0,0.0,0.0,0.0,0.0,0.0,0.0,0.0,0.0
d0071_t008,frontier,gemini25pro,early,Number,2.0,3.0,0.0,-3.3999999999999986,0.0,0.0,0.0,0.0,0.0,0.0,1.0,0.0,0.0,0.0
d0355_t003,frontier,gemini25pro,early,Number,10.0,31.0,0.0,0.8049999999999997,0.0,0.0,0.0,0.0,10.0,0.0,1.0,0.0,0.0,0.0
d0211_t004,frontier,gemini25pro,early,Algebra,5.0,16.0,0.0,1.3133333333333361,0.0,0.0,0.0,0.0,0.0,0.0,0.0,0.0,0.0,0.0
d0258_t001,frontier,gemini25pro,early,Data and Statistics,11.0,33.0,0.0,-2.0349999999999984,0.0,0.0,0.0,0.0,0.0,0.0,0.0,0.0,0.0,0.0
d0291_t001,frontier,gemini25pro,early,Number,1.0,2.0,0.0,-3.3999999999999986,0.0,0.0,0.0,0.0,0.0,0.0,0.0,0.0,0.0,0.0
d0169_t001,frontier,gemini25pro,early,Number,3.0,5.0,0.0,-3.3999999999999986,0.0,0.0,0.0,0.0,0.0,0.0,0.0,0.0,0.0,0.0
d0031_t009,frontier,gemini25pro,early,Number,1.0,4.0,0.0,-3.3999999999999986,0.0,0.0,0.0,0.0,0.0,0.0,0.0,0.0,0.0,0.0
d0260_t001,frontier,gemini25pro,early,Data and Statistics,12.0,43.0,0.0,1.0311111111111124,8.333333333333334,0.0,0.0,0.0,0.0,0.0,0.0,8.333333333333334,0.0,0.0
d0289_t003,frontier,gemini25pro,early,Algebra,7.0,24.0,0.0,2.4833333333333343,0.0,0.0,0.0,14.285714285714286,0.0,0.0,1.0,0.0,0.0,0.0
d0206_t003,frontier,gemini25pro,early,Algebra,4.0,9.0,0.0,-2.619999999999999,0.0,0.0,0.0,25.0,0.0,0.0,1.0,0.0,0.0,0.0
d0088_t009,frontier,gemini25pro,early,Algebra,,,,,,,,,,,,,,
d0029_t001,frontier,gemini25pro,early,Geometry and Measure,15.0,55.0,0.0,3.84,0.0,0.0,0.0,0.0,0.0,0.5,0.0,6.666666666666667,0.0,0.0
d0290_t002,frontier,gemini25pro,early,Algebra,12.0,46.0,0.0,1.2900000000000027,8.333333333333334,0.0,0.0,0.0,0.0,0.0,0.0,8.333333333333334,0.0,0.0
d0290_t004,frontier,gemini25pro,early,Algebra,4.0,4.0,0.0,-3.3999999999999986,0.0,0.0,0.0,0.0,0.0,0.0,1.0,0.0,1.0,0.0
d0129_t001,frontier,gemini25pro,early,Number,7.0,36.0,0.0,5.240000000000002,0.0,0.0,0.0,14.285714285714286,0.0,1.0,0.0,0.0,0.0,0.0
d0326_t001,frontier,gemini25pro,early,Number,14.0,67.0,0.0,4.823333333333334,0.0,0.0,0.0,7.142857142857143,0.0,0.0,1.0,0.0,0.0,0.0
d0070_t007,frontier,gemini25pro,early,Number,10.0,32.0,0.0,2.4833333333333343,0.0,0.0,0.0,0.0,0.0,0.0,0.0,20.0,0.0,0.0
d0300_t001,frontier,gemini25pro,early,Number,11.0,39.0,0.0,2.280000000000001,0.0,0.0,0.0,0.0,0.0,0.0,0.0,18.181818181818183,0.0,0.0
d0170_t001,frontier,gemini25pro,early,Number,13.0,47.0,0.0,3.653333333333336,0.0,0.0,0.0,0.0,0.0,0.5,0.0,7.6923076923076925,0.0,0.0
d0309_t002,frontier,gemini25pro,early,Data and Statistics,14.0,54.0,0.0,4.830000000000002,0.0,0.0,0.0,0.0,0.0,0.5,0.0,7.142857142857143,0.0,0.0
d0045_t004,frontier,gemini25pro,early,Number,14.0,64.0,0.0,4.003076923076925,0.0,0.0,0.0,0.0,0.0,0.3333333333333333,0.0,7.142857142857143,0.0,7.142857142857143
d0123_t005,frontier,gemini25pro,early,Number,2.0,2.0,0.0,-3.3999999999999986,0.0,0.0,0.0,0.0,0.0,0.0,1.0,0.0,0.0,0.0
d0185_t003,frontier,gemini25pro,early,Number,14.0,59.0,0.0,2.4833333333333343,0.0,0.0,0.0,7.142857142857143,0.0,0.0,1.0,0.0,0.0,0.0
d0192_t003,frontier,gemini25pro,early,Number,10.0,34.0,0.0,0.6257142857142846,0.0,0.0,0.0,0.0,0.0,1.0,0.0,10.0,0.0,0.0
d0314_t001,frontier,gemini25pro,early,Data and Statistics,1.0,2.0,0.0,-3.3999999999999986,0.0,0.0,0.0,0.0,0.0,0.0,0.0,0.0,0.0,0.0
d0331_t003,frontier,gemini25pro,early,Number,13.0,54.0,0.0,2.8566666666666656,0.0,0.0,0.0,0.0,0.0,0.0,0.0,0.0,0.0,0.0
d0049_t001,frontier,gemini25pro,early,Geometry and Measure,13.0,49.0,0.0,3.650000000000002,15.384615384615385,0.0,0.0,0.0,0.0,0.5,0.0,7.6923076923076925,0.0,0.0
d0333_t001,frontier,gemini25pro,early,Number,12.0,46.0,0.0,2.4700000000000024,0.0,0.0,0.0,0.0,0.0,1.0,0.0,8.333333333333334,0.0,0.0
d0047_t001,frontier,gemini25pro,early,Geometry and Measure,1.0,2.0,0.0,-3.3999999999999986,0.0,0.0,0.0,0.0,0.0,0.0,0.0,0.0,0.0,0.0
d0221_t009,frontier,gemini25pro,early,Algebra,5.0,18.0,0.0,0.7199999999999989,0.0,0.0,0.0,0.0,0.0,0.0,1.0,0.0,1.0,0.0
d0079_t003,frontier,gemini25pro,early,Number,13.0,41.0,0.0,0.5872222222222234,0.0,0.0,0.0,7.6923076923076925,0.0,0.0,1.0,7.6923076923076925,0.0,0.0
d0221_t005,frontier,gemini25pro,early,Algebra,1.0,2.0,0.0,8.400000000000002,0.0,0.0,0.0,0.0,0.0,0.0,0.0,0.0,1.0,0.0
d0072_t005,frontier,gemini25pro,early,Number,2.0,15.0,0.0,43.8,0.0,0.0,0.0,0.0,0.0,1.0,1.0,0.0,0.0,50.0
d0025_t001,frontier,gemini25pro,early,Geometry and Measure,11.0,40.0,0.0,-0.6699999999999982,9.090909090909092,0.0,0.0,0.0,0.0,0.0,0.0,9.090909090909092,0.0,0.0
d0360_t003,frontier,gemini25pro,early,Number,12.0,49.0,0.0,5.145,0.0,0.0,0.0,0.0,0.0,0.5,0.0,16.666666666666668,0.0,0.0
d0080_t009,frontier,gemini25pro,early,Number,2.0,3.0,0.0,-3.3999999999999986,0.0,0.0,0.0,0.0,0.0,0.0,1.0,0.0,0.0,0.0
d0235_t003,frontier,gemini25pro,early,Algebra,14.0,48.0,0.0,-1.6449999999999996,14.285714285714286,0.0,0.0,7.142857142857143,0.0,0.0,0.0,7.142857142857143,0.0,0.0
d0105_t005,frontier,gemini25pro,early,Geometry and Measure,9.0,36.0,0.0,0.6257142857142846,0.0,11.11111111111111,0.0,0.0,0.0,0.0,1.0,0.0,1.0,0.0
d0015_t005,frontier,gemini25pro,early,Geometry and Measure,2.0,6.0,0.0,-3.3999999999999986,0.0,0.0,0.0,0.0,0.0,0.0,1.0,0.0,0.0,0.0
d0161_t001,frontier,gemini25pro,early,Number,1.0,2.0,0.0,-3.3999999999999986,0.0,0.0,0.0,0.0,0.0,0.0,0.0,0.0,0.0,0.0
d0248_t007,frontier,gemini25pro,early,Number,8.0,26.0,0.0,-1.4499999999999993,12.5,0.0,0.0,12.5,0.0,0.0,0.0,12.5,0.0,0.0
d0347_t003,frontier,gemini25pro,early,Number,11.0,19.0,0.0,-2.619999999999999,0.0,0.0,0.0,0.0,0.0,0.0,0.0,0.0,0.0,0.0
d0221_t007,frontier,gemini25pro,early,Algebra,14.0,60.0,0.0,3.84,0.0,0.0,0.0,7.142857142857143,0.0,0.6666666666666666,0.0,0.0,0.0,0.0
d0162_t003,frontier,gemini25pro,early,Number,12.0,43.0,0.0,0.5872222222222234,8.333333333333334,0.0,0.0,0.0,0.0,0.0,0.0,8.333333333333334,0.0,0.0
d0368_t000,frontier,gemini25pro,early,Number,11.0,39.0,0.0,2.280000000000001,0.0,0.0,0.0,9.090909090909092,0.0,0.0,0.0,9.090909090909092,0.0,0.0
d0247_t003,frontier,gemini25pro,early,Number,5.0,13.0,0.0,-2.619999999999999,0.0,40.0,0.0,0.0,0.0,0.0,1.0,0.0,1.0,0.0
d0246_t011,frontier,gemini25pro,middle,Geometry and Measure,6.0,19.0,0.0,-1.8399999999999999,0.0,16.666666666666668,0.0,16.666666666666668,0.0,0.0,0.0,0.0,1.0,0.0
d0201_t011,frontier,gemini25pro,middle,Number,4.0,11.0,0.0,-2.619999999999999,0.0,0.0,0.0,0.0,0.0,0.0,0.0,0.0,0.0,25.0
d0294_t013,frontier,gemini25pro,middle,Number,7.0,14.0,0.0,-2.2299999999999986,0.0,0.0,0.0,0.0,0.0,0.0,0.0,0.0,0.0,0.0
d0227_t012,frontier,gemini25pro,middle,Algebra,7.0,15.0,0.0,-2.2299999999999986,0.0,0.0,0.0,0.0,0.0,0.0,1.0,0.0,0.0,0.0
d0136_t015,frontier,gemini25pro,middle,Number,5.0,12.0,0.0,-2.2299999999999986,0.0,0.0,0.0,0.0,0.0,0.0,0.0,0.0,1.0,0.0
d0333_t009,frontier,gemini25pro,middle,Number,9.0,23.0,0.0,0.5166666666666693,0.0,0.0,0.0,0.0,0.0,0.0,1.0,0.0,1.0,11.11111111111111
d0255_t031,frontier,gemini25pro,middle,Geometry and Measure,2.0,7.0,0.0,8.400000000000002,0.0,0.0,0.0,0.0,0.0,0.0,0.0,50.0,0.0,0.0
d0139_t005,frontier,gemini25pro,middle,Number,6.0,27.0,0.0,3.6700000000000017,0.0,0.0,0.0,0.0,0.0,0.0,1.0,0.0,0.0,0.0
d0324_t020,frontier,gemini25pro,middle,Algebra,5.0,11.0,0.0,-2.619999999999999,0.0,40.0,0.0,0.0,0.0,0.0,1.0,0.0,1.0,0.0
d0086_t015,frontier,gemini25pro,middle,Algebra,1.0,1.0,0.0,-3.3999999999999986,0.0,0.0,0.0,0.0,0.0,0.0,0.0,0.0,0.0,0.0
d0238_t009,frontier,gemini25pro,middle,Geometry and Measure,8.0,30.0,0.0,3.997142857142858,0.0,0.0,0.0,12.5,0.0,0.0,1.0,0.0,1.0,0.0
d0093_t011,frontier,gemini25pro,middle,Geometry and Measure,7.0,20.0,0.0,-1.8399999999999999,0.0,14.285714285714286,0.0,0.0,0.0,0.0,0.0,0.0,0.0,0.0
d0195_t005,frontier,gemini25pro,middle,Number,3.0,8.0,0.0,-3.01,0.0,0.0,0.0,0.0,0.0,0.0,1.0,0.0,1.0,0.0
d0223_t051,frontier,gemini25pro,middle,Number,13.0,45.0,0.0,1.5,0.0,7.6923076923076925,0.0,0.0,0.0,0.0,0.0,0.0,1.0,0.0
d0294_t015,frontier,gemini25pro,middle,Number,9.0,24.0,0.0,-1.4499999999999993,0.0,11.11111111111111,0.0,11.11111111111111,0.0,0.0,0.0,0.0,1.0,0.0
d0271_t005,frontier,gemini25pro,middle,Number,1.0,1.0,0.0,-3.3999999999999986,0.0,0.0,0.0,0.0,0.0,0.0,0.0,0.0,0.0,0.0
d0203_t009,frontier,gemini25pro,middle,Algebra,6.0,15.0,0.0,-2.619999999999999,0.0,0.0,0.0,0.0,0.0,0.0,1.0,0.0,1.0,0.0
d0232_t007,frontier,gemini25pro,middle,Data and Statistics,15.0,52.0,0.0,1.5731818181818191,0.0,0.0,0.0,6.666666666666667,0.0,0.0,1.0,6.666666666666667,0.0,6.666666666666667
d0316_t009,frontier,gemini25pro,middle,Data and Statistics,3.0,16.0,0.0,20.590000000000007,0.0,0.0,0.0,0.0,0.0,0.0,1.0,0.0,1.0,0.0
d0374_t015,frontier,gemini25pro,middle,Algebra,13.0,63.0,0.0,3.0953846153846136,0.0,0.0,0.0,0.0,0.0,0.0,0.0,0.0,1.0,0.0
d0005_t009,frontier,gemini25pro,middle,Number,5.0,13.0,0.0,-2.2299999999999986,0.0,0.0,0.0,0.0,0.0,0.0,0.0,0.0,1.0,0.0
d0246_t007,frontier,gemini25pro,middle,Geometry and Measure,1.0,2.0,0.0,-3.3999999999999986,0.0,0.0,0.0,0.0,0.0,0.0,0.0,0.0,0.0,0.0
d0280_t009,frontier,gemini25pro,middle,Number,15.0,60.0,0.0,4.003076923076925,0.0,0.0,0.0,0.0,0.0,0.0,0.0,0.0,0.0,0.0
d0176_t009,frontier,gemini25pro,middle,Number,10.0,36.0,0.0,3.6700000000000017,0.0,0.0,0.0,10.0,0.0,0.0,1.0,0.0,1.0,10.0
d0140_t011,frontier,gemini25pro,middle,Number,10.0,36.0,0.0,-0.27999999999999936,0.0,0.0,0.0,0.0,0.0,0.0,1.0,0.0,1.0,0.0
d0296_t023,frontier,gemini25pro,middle,Number,2.0,6.0,0.0,-3.01,0.0,0.0,0.0,0.0,0.0,0.0,0.0,0.0,1.0,0.0
d0236_t009,frontier,gemini25pro,middle,Data and Statistics,2.0,3.0,0.0,-3.3999999999999986,0.0,0.0,0.0,0.0,0.0,0.0,1.0,0.0,0.0,0.0
d0183_t013,frontier,gemini25pro,middle,Number,2.0,2.0,0.0,-3.3999999999999986,0.0,0.0,0.0,0.0,0.0,0.0,1.0,0.0,0.0,0.0
d0250_t007,frontier,gemini25pro,middle,Number,11.0,32.0,0.0,-2.0349999999999984,9.090909090909092,0.0,0.0,0.0,0.0,0.0,1.0,0.0,1.0,0.0
d0369_t009,frontier,gemini25pro,middle,Data and Statistics,2.0,3.0,0.0,-3.3999999999999986,0.0,0.0,0.0,0.0,0.0,0.0,1.0,0.0,0.0,0.0
d0341_t016,frontier,gemini25pro,middle,Number,10.0,44.0,0.0,1.0311111111111124,0.0,10.0,0.0,0.0,10.0,0.0,1.0,0.0,1.0,0.0
d0293_t015,frontier,gemini25pro,middle,Number,9.0,24.0,0.0,-1.4499999999999993,0.0,11.11111111111111,0.0,0.0,0.0,0.0,0.0,11.11111111111111,0.0,0.0
d0221_t015,frontier,gemini25pro,middle,Algebra,11.0,33.0,0.0,2.342222222222226,0.0,0.0,0.0,9.090909090909092,0.0,0.0,0.0,0.0,1.0,0.0
d0041_t015,frontier,gemini25pro,middle,Data and Statistics,12.0,44.0,0.0,-0.7238888888888866,0.0,0.0,0.0,0.0,0.0,0.0,0.0,8.333333333333334,0.0,0.0
d0230_t011,frontier,gemini25pro,middle,Data and Statistics,1.0,2.0,0.0,-3.3999999999999986,0.0,0.0,0.0,0.0,0.0,0.0,0.0,0.0,0.0,0.0
d0112_t005,frontier,gemini25pro,middle,Number,6.0,12.0,0.0,-2.619999999999999,0.0,0.0,0.0,0.0,0.0,0.0,0.0,0.0,0.0,0.0
d0078_t006,frontier,gemini25pro,middle,Number,10.0,22.0,0.0,-1.4499999999999993,0.0,20.0,0.0,0.0,0.0,0.0,1.0,0.0,1.0,0.0
d0021_t013,frontier,gemini25pro,middle,Number,11.0,49.0,0.0,2.342222222222226,0.0,9.090909090909092,0.0,9.090909090909092,0.0,0.0,1.0,0.0,1.0,9.090909090909092
d0137_t011,frontier,gemini25pro,middle,Number,2.0,7.0,0.0,-3.01,0.0,0.0,0.0,0.0,0.0,0.0,0.0,0.0,1.0,0.0
d0203_t011,frontier,gemini25pro,middle,Algebra,7.0,28.0,0.0,4.450000000000003,0.0,0.0,0.0,0.0,0.0,0.0,1.0,0.0,1.0,0.0
d0272_t019,frontier,gemini25pro,middle,Number,8.0,27.0,0.0,-0.6533333333333324,0.0,0.0,0.0,12.5,0.0,0.0,1.0,0.0,0.0,0.0
d0277_t011,frontier,gemini25pro,middle,Number,1.0,3.0,0.0,-3.3999999999999986,0.0,0.0,0.0,0.0,0.0,0.0,0.0,0.0,0.0,0.0
d0346_t013,frontier,gemini25pro,middle,Number,7.0,33.0,0.0,9.96,0.0,14.285714285714286,0.0,0.0,0.0,1.0,1.0,0.0,0.0,0.0
d0210_t011,frontier,gemini25pro,middle,Algebra,10.0,34.0,0.0,3.653333333333336,0.0,0.0,0.0,10.0,0.0,0.0,0.0,0.0,0.0,0.0
d0068_t015,frontier,gemini25pro,middle,Number,13.0,60.0,0.0,4.450000000000003,0.0,0.0,0.0,15.384615384615385,0.0,0.0,1.0,0.0,1.0,0.0
d0023_t009,frontier,gemini25pro,middle,Number,8.0,26.0,0.0,0.5199999999999996,0.0,0.0,0.0,0.0,0.0,0.0,0.0,0.0,0.0,0.0
d0263_t009,frontier,gemini25pro,middle,Number,5.0,22.0,0.0,0.5199999999999996,0.0,0.0,20.0,0.0,20.0,0.0,0.0,0.0,1.0,0.0
d0048_t013,frontier,gemini25pro,middle,Geometry and Measure,11.0,39.0,0.0,6.2755555555555596,0.0,0.0,0.0,0.0,0.0,0.0,1.0,0.0,0.0,0.0
d0150_t011,frontier,gemini25pro,middle,Number,1.0,1.0,0.0,-3.3999999999999986,0.0,0.0,0.0,0.0,0.0,0.0,0.0,0.0,0.0,0.0
d0047_t011,frontier,gemini25pro,middle,Geometry and Measure,2.0,3.0,0.0,-3.3999999999999986,0.0,0.0,0.0,0.0,0.0,0.0,1.0,0.0,0.0,0.0
d0284_t023,frontier,gemini25pro,middle,Number,2.0,9.0,0.0,20.200000000000006,0.0,0.0,0.0,0.0,0.0,0.0,1.0,0.0,1.0,0.0
d0270_t013,frontier,gemini25pro,middle,Number,1.0,1.0,0.0,-3.3999999999999986,0.0,0.0,0.0,0.0,0.0,0.0,0.0,0.0,0.0,0.0
d0039_t028,frontier,gemini25pro,middle,Algebra,6.0,19.0,0.0,0.5199999999999996,0.0,0.0,0.0,0.0,0.0,0.0,1.0,0.0,1.0,0.0
d0264_t007,frontier,gemini25pro,middle,Number,2.0,7.0,0.0,8.400000000000002,0.0,0.0,0.0,0.0,0.0,0.0,1.0,0.0,0.0,0.0
d0272_t027,frontier,gemini25pro,middle,Number,6.0,15.0,0.0,-2.2299999999999986,0.0,0.0,0.0,0.0,0.0,0.0,0.0,0.0,0.0,0.0
d0378_t005,frontier,gemini25pro,middle,Algebra,14.0,64.0,0.0,3.4666666666666686,7.142857142857143,7.142857142857143,0.0,7.142857142857143,0.0,0.0,0.0,0.0,0.0,0.0
d0348_t014,frontier,gemini25pro,middle,Number,12.0,40.0,0.0,-1.8399999999999999,0.0,0.0,0.0,0.0,0.0,0.0,0.0,0.0,0.0,0.0
d0340_t009,frontier,gemini25pro,middle,Number,9.0,31.0,0.0,0.6257142857142846,0.0,11.11111111111111,0.0,11.11111111111111,0.0,0.0,1.0,0.0,1.0,0.0
d0305_t010,frontier,gemini25pro,middle,Number,4.0,18.0,0.0,5.246666666666666,0.0,0.0,0.0,0.0,0.0,0.0,1.0,0.0,0.0,0.0
d0192_t015,frontier,gemini25pro,middle,Number,2.0,4.0,0.0,-3.01,0.0,0.0,0.0,0.0,0.0,0.0,0.0,0.0,1.0,0.0
d0143_t012,frontier,gemini25pro,middle,Number,4.0,19.0,0.0,-2.2299999999999986,0.0,0.0,0.0,25.0,0.0,0.0,0.0,0.0,1.0,0.0
d0360_t011,frontier,gemini25pro,middle,Number,2.0,3.0,0.0,-3.3999999999999986,0.0,0.0,0.0,0.0,0.0,0.0,1.0,0.0,0.0,0.0
d0122_t012,frontier,gemini25pro,middle,Number,5.0,13.0,0.0,-2.619999999999999,0.0,0.0,0.0,0.0,0.0,0.0,1.0,0.0,1.0,0.0
d0168_t012,frontier,gemini25pro,middle,Number,11.0,47.0,0.0,2.280000000000001,0.0,0.0,0.0,9.090909090909092,0.0,0.5,0.0,0.0,0.0,0.0
d0095_t011,frontier,gemini25pro,middle,Number,2.0,5.0,0.0,-3.3999999999999986,0.0,0.0,0.0,0.0,0.0,0.0,1.0,0.0,0.0,0.0
d0174_t007,frontier,gemini25pro,middle,Number,7.0,20.0,0.0,-1.4499999999999993,0.0,0.0,0.0,42.857142857142854,0.0,0.0,1.0,0.0,0.0,0.0
d0018_t009,frontier,gemini25pro,middle,Number,12.0,41.0,0.0,2.342222222222226,0.0,8.333333333333334,0.0,0.0,0.0,0.0,1.0,0.0,1.0,0.0
d0360_t007,frontier,gemini25pro,middle,Number,1.0,3.0,0.0,-3.3999999999999986,0.0,0.0,0.0,0.0,0.0,0.0,0.0,0.0,0.0,0.0
d0076_t007,frontier,gemini25pro,middle,Number,9.0,27.0,0.0,0.6257142857142846,0.0,11.11111111111111,0.0,11.11111111111111,0.0,0.0,1.0,0.0,1.0,11.11111111111111
d0279_t009,frontier,gemini25pro,middle,Number,11.0,45.0,0.0,1.2900000000000027,0.0,0.0,0.0,9.090909090909092,0.0,0.0,0.0,0.0,0.0,0.0
d0364_t005,frontier,gemini25pro,middle,Data and Statistics,11.0,36.0,0.0,1.2900000000000027,0.0,0.0,0.0,0.0,9.090909090909092,0.0,0.0,0.0,1.0,0.0
d0248_t029,frontier,gemini25pro,middle,Number,4.0,16.0,0.0,5.246666666666666,0.0,0.0,0.0,0.0,0.0,0.0,1.0,0.0,1.0,0.0
d0105_t011,frontier,gemini25pro,middle,Geometry and Measure,1.0,3.0,0.0,-3.3999999999999986,0.0,0.0,0.0,0.0,0.0,0.0,0.0,0.0,0.0,0.0
d0293_t009,frontier,gemini25pro,middle,Number,10.0,33.0,0.0,0.5872222222222234,0.0,0.0,0.0,10.0,0.0,0.0,0.0,0.0,0.0,0.0
d0123_t007,frontier,gemini25pro,middle,Number,1.0,3.0,0.0,-3.3999999999999986,0.0,0.0,0.0,0.0,0.0,0.0,0.0,0.0,0.0,0.0
d0296_t013,frontier,gemini25pro,middle,Number,13.0,59.0,0.0,2.4833333333333343,7.6923076923076925,0.0,0.0,7.6923076923076925,0.0,0.0,0.0,0.0,0.0,0.0
d0100_t021,frontier,gemini25pro,middle,Number,6.0,25.0,0.0,0.5199999999999996,0.0,0.0,0.0,0.0,0.0,0.0,1.0,0.0,0.0,0.0
d0198_t007,frontier,gemini25pro,middle,Number,8.0,29.0,0.0,0.6257142857142846,0.0,0.0,0.0,0.0,0.0,0.0,0.0,0.0,1.0,0.0
d0292_t011,frontier,gemini25pro,middle,Data and Statistics,6.0,20.0,0.0,0.5199999999999996,0.0,0.0,0.0,16.666666666666668,0.0,0.0,1.0,0.0,0.0,0.0
d0166_t013,frontier,gemini25pro,middle,Number,6.0,17.0,0.0,-2.2299999999999986,0.0,33.333333333333336,0.0,0.0,0.0,0.0,1.0,0.0,0.0,0.0
d0193_t013,frontier,gemini25pro,middle,Number,11.0,33.0,0.0,-1.8399999999999999,0.0,0.0,9.090909090909092,9.090909090909092,0.0,0.0,0.0,0.0,0.0,0.0
d0279_t011,frontier,gemini25pro,middle,Number,2.0,8.0,0.0,-3.01,0.0,0.0,0.0,0.0,0.0,0.0,0.0,0.0,1.0,50.0
d0007_t007,frontier,gemini25pro,middle,Number,1.0,1.0,0.0,-3.3999999999999986,0.0,0.0,0.0,0.0,0.0,0.0,0.0,0.0,0.0,0.0
d0104_t009,frontier,gemini25pro,middle,Geometry and Measure,1.0,2.0,0.0,-3.3999999999999986,0.0,0.0,0.0,0.0,0.0,0.0,0.0,0.0,0.0,0.0
d0010_t017,frontier,gemini25pro,middle,Algebra,5.0,13.0,0.0,-2.2299999999999986,0.0,0.0,0.0,0.0,0.0,0.0,0.0,20.0,1.0,0.0
d0022_t013,frontier,gemini25pro,middle,Number,11.0,42.0,0.0,2.342222222222226,0.0,9.090909090909092,0.0,9.090909090909092,0.0,0.0,0.0,0.0,1.0,0.0
d0042_t009,frontier,gemini25pro,middle,Data and Statistics,12.0,36.0,0.0,-0.754999999999999,8.333333333333334,0.0,0.0,8.333333333333334,0.0,0.0,1.0,16.666666666666668,0.0,0.0
d0191_t006,frontier,gemini25pro,middle,Number,6.0,17.0,0.0,-2.2299999999999986,16.666666666666668,0.0,0.0,0.0,0.0,0.0,1.0,16.666666666666668,0.0,0.0
d0018_t007,frontier,gemini25pro,middle,Number,13.0,42.0,0.0,0.5872222222222234,0.0,0.0,0.0,0.0,0.0,0.0,1.0,0.0,0.0,0.0
d0166_t015,frontier,gemini25pro,middle,Number,6.0,17.0,0.0,-2.2299999999999986,0.0,33.333333333333336,0.0,0.0,0.0,0.0,1.0,0.0,0.0,0.0
d0312_t009,frontier,gemini25pro,middle,Algebra,14.0,56.0,0.0,2.8566666666666656,0.0,0.0,0.0,0.0,0.0,0.0,1.0,0.0,0.0,7.142857142857143
d0117_t019,frontier,gemini25pro,middle,Number,2.0,2.0,0.0,-3.3999999999999986,0.0,0.0,0.0,0.0,0.0,0.0,1.0,0.0,0.0,0.0
d0112_t007,frontier,gemini25pro,middle,Number,9.0,33.0,0.0,2.4833333333333343,0.0,0.0,0.0,0.0,0.0,0.0,0.0,11.11111111111111,0.0,0.0
d0196_t011,frontier,gemini25pro,middle,Number,9.0,25.0,0.0,-1.4499999999999993,0.0,0.0,0.0,0.0,0.0,0.0,1.0,11.11111111111111,0.0,0.0
d0348_t012,frontier,gemini25pro,middle,Number,1.0,4.0,0.0,-3.3999999999999986,0.0,0.0,0.0,0.0,0.0,0.0,0.0,0.0,0.0,0.0
d0125_t015,frontier,gemini25pro,middle,Number,1.0,5.0,0.0,-3.3999999999999986,0.0,0.0,0.0,0.0,0.0,0.0,0.0,0.0,0.0,0.0
d0181_t013,frontier,gemini25pro,middle,Number,4.0,11.0,0.0,-2.619999999999999,25.0,0.0,0.0,0.0,0.0,0.0,0.0,0.0,0.0,0.0
d0039_t022,frontier,gemini25pro,middle,Algebra,2.0,3.0,0.0,-3.3999999999999986,0.0,0.0,0.0,0.0,0.0,0.0,1.0,0.0,0.0,0.0
d0374_t013,frontier,gemini25pro,middle,Algebra,12.0,34.0,0.0,-1.8399999999999999,0.0,0.0,0.0,8.333333333333334,0.0,0.0,1.0,0.0,0.0,0.0
d0164_t013,frontier,gemini25pro,late,Number,10.0,39.0,0.0,2.280000000000001,0.0,10.0,0.0,0.0,0.0,0.0,1.0,0.0,0.0,0.0
d0313_t012,frontier,gemini25pro,middle,Number,13.0,54.0,0.0,0.5199999999999996,7.6923076923076925,0.0,0.0,0.0,0.0,0.0,1.0,15.384615384615385,0.0,0.0
d0317_t015,frontier,gemini25pro,late,Data and Statistics,9.0,24.0,0.0,0.6257142857142846,0.0,0.0,0.0,33.333333333333336,0.0,0.0,1.0,0.0,0.0,0.0
d0149_t053,frontier,gemini25pro,late,Number,13.0,54.0,0.0,1.7000000000000028,0.0,15.384615384615385,0.0,0.0,0.0,0.0,0.0,0.0,1.0,0.0
d0030_t017,frontier,gemini25pro,late,Geometry and Measure,1.0,2.0,0.0,-3.3999999999999986,0.0,0.0,0.0,0.0,0.0,0.0,0.0,0.0,0.0,0.0
d0077_t029,frontier,gemini25pro,late,Number,1.0,1.0,0.0,-3.3999999999999986,0.0,0.0,0.0,0.0,0.0,0.0,0.0,0.0,0.0,0.0
d0206_t019,frontier,gemini25pro,late,Algebra,11.0,40.0,0.0,0.5872222222222234,0.0,0.0,0.0,9.090909090909092,0.0,0.0,1.0,9.090909090909092,0.0,0.0
d0137_t017,frontier,gemini25pro,late,Number,14.0,62.0,0.0,0.560384615384617,7.142857142857143,0.0,0.0,0.0,0.0,0.5,0.0,0.0,0.0,0.0
d0174_t015,frontier,gemini25pro,late,Number,16.0,68.0,0.0,0.6257142857142846,0.0,6.25,0.0,0.0,0.0,0.0,0.0,0.0,0.0,0.0
d0182_t013,frontier,gemini25pro,late,Number,14.0,61.0,0.0,6.790000000000003,0.0,7.142857142857143,0.0,14.285714285714286,0.0,0.0,0.0,0.0,0.0,7.142857142857143
d0042_t023,frontier,gemini25pro,late,Data and Statistics,12.0,34.0,0.0,-0.6699999999999982,0.0,8.333333333333334,0.0,0.0,8.333333333333334,0.0,0.0,8.333333333333334,0.0,0.0
d0127_t009,frontier,gemini25pro,late,Number,1.0,1.0,0.0,-3.3999999999999986,0.0,0.0,0.0,0.0,0.0,0.0,0.0,0.0,0.0,0.0
d0330_t023,frontier,gemini25pro,late,Number,9.0,42.0,0.0,6.416666666666668,0.0,0.0,0.0,0.0,0.0,0.0,0.0,0.0,1.0,0.0
d0028_t015,frontier,gemini25pro,late,Number,3.0,7.0,0.0,-2.619999999999999,0.0,0.0,0.0,0.0,0.0,0.0,0.0,0.0,0.0,0.0
d0070_t033,frontier,gemini25pro,late,Number,5.0,14.0,0.0,-2.619999999999999,0.0,0.0,0.0,0.0,0.0,0.0,0.0,0.0,0.0,0.0
d0098_t019,frontier,gemini25pro,late,Geometry and Measure,13.0,58.0,0.0,6.726153846153846,0.0,7.6923076923076925,0.0,0.0,0.0,0.0,0.0,0.0,1.0,7.6923076923076925
d0039_t048,frontier,gemini25pro,late,Algebra,13.0,45.0,0.0,2.4700000000000024,0.0,7.6923076923076925,0.0,7.6923076923076925,0.0,0.0,0.0,7.6923076923076925,0.0,0.0
d0286_t015,frontier,gemini25pro,late,Number,13.0,44.0,0.0,-1.8399999999999999,7.6923076923076925,0.0,0.0,7.6923076923076925,0.0,0.0,0.0,0.0,0.0,0.0
d0030_t013,frontier,gemini25pro,late,Geometry and Measure,9.0,26.0,0.0,0.7199999999999989,0.0,0.0,0.0,0.0,0.0,0.0,0.0,0.0,1.0,0.0
d0088_t027,frontier,gemini25pro,late,Algebra,11.0,41.0,0.0,1.7000000000000028,0.0,0.0,0.0,0.0,0.0,0.0,0.0,0.0,1.0,0.0
d0363_t015,frontier,gemini25pro,late,Geometry and Measure,15.0,66.0,0.0,4.19857142857143,0.0,6.666666666666667,0.0,0.0,0.0,0.3333333333333333,0.0,6.666666666666667,0.0,0.0
d0346_t021,frontier,gemini25pro,late,Number,14.0,50.0,0.0,0.5166666666666693,0.0,0.0,0.0,21.428571428571427,0.0,0.0,0.0,0.0,0.0,7.142857142857143
d0215_t019,frontier,gemini25pro,late,Algebra,12.0,45.0,0.0,-0.6699999999999982,0.0,0.0,0.0,0.0,0.0,0.0,0.0,0.0,0.0,0.0
d0172_t033,frontier,gemini25pro,late,Number,15.0,59.0,0.0,1.468076923076925,6.666666666666667,0.0,0.0,0.0,0.0,0.0,0.0,6.666666666666667,0.0,0.0
d0367_t029,frontier,gemini25pro,late,Number,13.0,50.0,0.0,3.84,0.0,7.6923076923076925,0.0,7.6923076923076925,0.0,0.0,0.0,0.0,0.0,7.6923076923076925
d0315_t015,frontier,gemini25pro,late,Data and Statistics,6.0,24.0,0.0,0.5199999999999996,0.0,0.0,0.0,0.0,0.0,0.0,0.0,0.0,0.0,0.0
d0009_t023,frontier,gemini25pro,late,Number,3.0,5.0,0.0,-3.3999999999999986,0.0,0.0,0.0,0.0,0.0,0.0,0.0,0.0,0.0,0.0
d0298_t023,frontier,gemini25pro,late,Number,9.0,34.0,0.0,2.280000000000001,0.0,0.0,0.0,11.11111111111111,0.0,0.0,1.0,0.0,0.0,0.0
d0122_t022,frontier,gemini25pro,late,Number,7.0,20.0,0.0,-1.8399999999999999,0.0,0.0,0.0,14.285714285714286,0.0,0.0,0.0,0.0,1.0,0.0
d0361_t019,frontier,gemini25pro,late,Number,9.0,34.0,0.0,0.6257142857142846,0.0,0.0,0.0,11.11111111111111,0.0,0.0,0.0,0.0,1.0,0.0
d0276_t022,frontier,gemini25pro,late,Number,1.0,3.0,0.0,-3.3999999999999986,0.0,0.0,0.0,0.0,0.0,0.0,0.0,0.0,1.0,0.0
d0121_t021,frontier,gemini25pro,late,Number,14.0,59.0,0.0,3.84,0.0,0.0,7.142857142857143,0.0,0.0,0.0,1.0,0.0,0.0,0.0
d0194_t019,frontier,gemini25pro,late,Number,2.0,3.0,0.0,-3.3999999999999986,0.0,0.0,0.0,0.0,0.0,0.0,1.0,0.0,0.0,0.0
d0295_t017,frontier,gemini25pro,late,Number,1.0,4.0,0.0,-3.3999999999999986,0.0,0.0,0.0,0.0,0.0,0.0,0.0,0.0,0.0,0.0
d0374_t021,frontier,gemini25pro,late,Algebra,12.0,46.0,0.0,-0.5722727272727273,0.0,0.0,0.0,16.666666666666668,8.333333333333334,0.0,0.0,0.0,1.0,0.0
d0169_t017,frontier,gemini25pro,late,Number,1.0,1.0,0.0,-3.3999999999999986,0.0,0.0,0.0,0.0,0.0,0.0,0.0,0.0,0.0,0.0
d0242_t013,frontier,gemini25pro,late,Data and Statistics,14.0,58.0,0.0,4.003076923076925,0.0,7.142857142857143,0.0,0.0,0.0,0.0,1.0,0.0,1.0,0.0
d0215_t017,frontier,gemini25pro,late,Algebra,10.0,30.0,0.0,-2.424999999999999,10.0,0.0,0.0,0.0,0.0,0.0,1.0,10.0,0.0,0.0
d0371_t018,frontier,gemini25pro,late,Algebra,1.0,2.0,0.0,-3.3999999999999986,0.0,0.0,0.0,0.0,0.0,0.0,0.0,0.0,0.0,0.0
d0278_t038,frontier,gemini25pro,late,Number,1.0,1.0,0.0,-3.3999999999999986,0.0,0.0,0.0,0.0,0.0,0.0,0.0,0.0,0.0,0.0
d0161_t023,frontier,gemini25pro,late,Number,8.0,29.0,0.0,-1.4499999999999993,0.0,0.0,0.0,0.0,0.0,0.0,0.0,0.0,0.0,0.0
d0004_t015,frontier,gemini25pro,late,Number,13.0,48.0,0.0,1.8983333333333334,0.0,0.0,0.0,7.6923076923076925,0.0,0.0,0.0,7.6923076923076925,0.0,7.6923076923076925
d0002_t021,frontier,gemini25pro,late,Algebra,12.0,42.0,0.0,1.8983333333333334,0.0,0.0,0.0,8.333333333333334,0.0,0.0,1.0,8.333333333333334,0.0,0.0
d0131_t034,frontier,gemini25pro,late,Number,8.0,20.0,0.0,0.5166666666666693,0.0,0.0,0.0,12.5,0.0,0.0,1.0,0.0,1.0,0.0
d0348_t020,frontier,gemini25pro,late,Number,9.0,35.0,0.0,2.3114285714285714,0.0,0.0,0.0,11.11111111111111,0.0,0.0,1.0,0.0,1.0,0.0
d0278_t048,frontier,gemini25pro,late,Number,12.0,44.0,0.0,1.572727272727274,0.0,0.0,0.0,8.333333333333334,0.0,0.0,0.0,8.333333333333334,0.0,0.0
d0201_t013,frontier,gemini25pro,late,Number,14.0,53.0,0.0,0.5004545454545486,7.142857142857143,7.142857142857143,0.0,0.0,0.0,0.0,0.0,0.0,0.0,0.0
d0147_t015,frontier,gemini25pro,late,Number,13.0,55.0,0.0,2.645454545454548,0.0,0.0,0.0,0.0,0.0,0.0,0.0,7.6923076923076925,0.0,0.0
d0277_t023,frontier,gemini25pro,late,Number,1.0,5.0,0.0,-3.3999999999999986,0.0,0.0,0.0,0.0,0.0,0.0,0.0,0.0,0.0,0.0
d0170_t013,frontier,gemini25pro,late,Number,12.0,49.0,0.0,4.964444444444446,0.0,0.0,0.0,8.333333333333334,0.0,0.0,1.0,16.666666666666668,0.0,0.0
d0237_t031,frontier,gemini25pro,late,Geometry and Measure,16.0,59.0,0.0,0.7083333333333321,0.0,0.0,0.0,18.75,0.0,0.0,0.0,0.0,1.0,0.0
d0000_t015,frontier,gemini25pro,late,Algebra,7.0,16.0,0.0,-1.8399999999999999,0.0,0.0,0.0,14.285714285714286,0.0,0.0,0.0,0.0,0.0,0.0
d0278_t042,frontier,gemini25pro,late,Number,1.0,1.0,0.0,-3.3999999999999986,0.0,0.0,0.0,0.0,0.0,0.0,0.0,0.0,0.0,0.0
d0357_t013,frontier,gemini25pro,late,Number,11.0,35.0,0.0,-2.0349999999999984,9.090909090909092,9.090909090909092,0.0,9.090909090909092,0.0,0.0,0.0,0.0,0.0,0.0
d0200_t023,frontier,gemini25pro,late,Number,12.0,53.0,0.0,3.84,0.0,0.0,0.0,16.666666666666668,0.0,0.0,0.0,0.0,0.0,8.333333333333334
d0042_t019,frontier,gemini25pro,late,Data and Statistics,6.0,22.0,0.0,5.246666666666666,0.0,0.0,0.0,0.0,0.0,0.0,1.0,16.666666666666668,0.0,0.0
d0222_t019,frontier,gemini25pro,late,Algebra,15.0,56.0,0.0,-0.347307692307691,0.0,6.666666666666667,0.0,0.0,0.0,0.0,0.0,0.0,0.0,0.0
d0238_t021,frontier,gemini25pro,late,Geometry and Measure,4.0,14.0,0.0,-2.619999999999999,0.0,0.0,0.0,0.0,0.0,0.0,0.0,0.0,1.0,0.0
d0354_t020,frontier,gemini25pro,late,Number,14.0,51.0,0.0,3.650000000000002,0.0,0.0,0.0,0.0,0.0,0.5,0.0,14.285714285714286,0.0,0.0
d0091_t014,frontier,gemini25pro,late,Geometry and Measure,5.0,22.0,0.0,-1.8399999999999999,0.0,0.0,0.0,0.0,0.0,0.0,0.0,0.0,1.0,0.0
d0020_t013,frontier,gemini25pro,late,Number,6.0,22.0,0.0,0.5199999999999996,0.0,0.0,0.0,0.0,0.0,0.0,1.0,0.0,0.0,0.0
d0124_t013,frontier,gemini25pro,late,Number,14.0,61.0,0.0,0.560384615384617,7.142857142857143,7.142857142857143,0.0,0.0,0.0,0.0,0.0,0.0,1.0,0.0
d0093_t015,frontier,gemini25pro,late,Geometry and Measure,7.0,25.0,0.0,0.5166666666666693,0.0,28.571428571428573,0.0,0.0,0.0,0.0,0.0,0.0,1.0,0.0
d0110_t017,frontier,gemini25pro,late,Number,9.0,22.0,0.0,-0.6699999999999982,0.0,0.0,0.0,11.11111111111111,0.0,0.0,0.0,0.0,0.0,0.0
d0315_t013,frontier,gemini25pro,late,Data and Statistics,8.0,28.0,0.0,0.6257142857142846,0.0,0.0,12.5,12.5,0.0,0.0,1.0,0.0,1.0,0.0
d0009_t025,frontier,gemini25pro,late,Number,11.0,35.0,0.0,-2.0349999999999984,0.0,9.090909090909092,9.090909090909092,0.0,0.0,0.0,0.0,0.0,1.0,0.0
d0153_t019,frontier,gemini25pro,late,Number,1.0,1.0,0.0,-3.3999999999999986,0.0,0.0,0.0,0.0,0.0,0.0,0.0,0.0,0.0,0.0
d0116_t012,frontier,gemini25pro,late,Number,14.0,43.0,0.0,-0.4666666666666668,0.0,0.0,0.0,14.285714285714286,0.0,0.0,0.0,0.0,0.0,0.0
d0331_t033,frontier,gemini25pro,late,Number,10.0,34.0,0.0,-0.754999999999999,0.0,0.0,0.0,0.0,0.0,0.0,0.0,10.0,0.0,0.0
d0372_t013,frontier,gemini25pro,late,Algebra,4.0,12.0,0.0,-2.2299999999999986,0.0,0.0,0.0,0.0,0.0,0.0,0.0,0.0,1.0,0.0
d0136_t021,frontier,gemini25pro,late,Number,1.0,3.0,0.0,-3.3999999999999986,0.0,0.0,0.0,0.0,0.0,0.0,0.0,0.0,0.0,0.0
d0001_t020,frontier,gemini25pro,late,Algebra,8.0,25.0,0.0,0.5199999999999996,0.0,12.5,0.0,12.5,0.0,0.0,0.0,0.0,1.0,0.0
d0267_t017,frontier,gemini25pro,late,Number,8.0,32.0,0.0,1.3133333333333361,0.0,0.0,0.0,12.5,0.0,0.0,1.0,0.0,1.0,0.0
d0278_t050,frontier,gemini25pro,late,Number,11.0,33.0,0.0,-0.7238888888888866,0.0,0.0,0.0,9.090909090909092,0.0,0.0,0.0,9.090909090909092,0.0,9.090909090909092
d0295_t019,frontier,gemini25pro,late,Number,1.0,4.0,0.0,-3.3999999999999986,0.0,0.0,0.0,0.0,0.0,0.0,0.0,0.0,0.0,0.0
d0289_t013,frontier,gemini25pro,late,Algebra,16.0,64.0,0.0,0.6257142857142846,6.25,0.0,0.0,6.25,6.25,0.0,0.0,0.0,0.0,0.0
d0055_t017,frontier,gemini25pro,late,Geometry and Measure,12.0,52.0,0.0,5.240000000000002,0.0,0.0,0.0,0.0,0.0,0.0,0.0,0.0,0.0,8.333333333333334
d0210_t019,frontier,gemini25pro,late,Algebra,13.0,41.0,0.0,2.4700000000000024,0.0,7.6923076923076925,0.0,7.6923076923076925,0.0,0.0,0.0,0.0,0.0,0.0
d0086_t019,frontier,gemini25pro,late,Algebra,12.0,35.0,0.0,-0.6599999999999966,0.0,8.333333333333334,0.0,0.0,0.0,0.0,1.0,0.0,1.0,0.0
d0077_t027,frontier,gemini25pro,late,Number,7.0,29.0,0.0,2.4833333333333343,0.0,0.0,0.0,14.285714285714286,0.0,0.0,1.0,0.0,0.0,0.0
d0217_t012,frontier,gemini25pro,late,Algebra,12.0,42.0,0.0,-0.6599999999999966,8.333333333333334,0.0,0.0,0.0,0.0,0.0,0.0,8.333333333333334,0.0,0.0
d0291_t013,frontier,gemini25pro,late,Number,8.0,25.0,0.0,-1.4499999999999993,0.0,0.0,0.0,12.5,0.0,0.0,1.0,0.0,0.0,0.0
d0060_t013,frontier,gemini25pro,late,Number,9.0,46.0,0.0,6.705000000000002,0.0,0.0,11.11111111111111,11.11111111111111,0.0,0.5,1.0,0.0,0.0,0.0
d0258_t013,frontier,gemini25pro,late,Data and Statistics,1.0,1.0,0.0,-3.3999999999999986,0.0,0.0,0.0,0.0,0.0,0.0,0.0,0.0,0.0,0.0
d0130_t017,frontier,gemini25pro,late,Number,13.0,52.0,0.0,-1.4499999999999993,0.0,0.0,0.0,0.0,0.0,0.0,1.0,0.0,0.0,0.0
d0117_t031,frontier,gemini25pro,late,Number,14.0,56.0,0.0,3.84,0.0,0.0,0.0,14.285714285714286,0.0,0.0,0.0,7.142857142857143,0.0,0.0
d0240_t019,frontier,gemini25pro,late,Data and Statistics,13.0,46.0,0.0,-1.6449999999999996,7.6923076923076925,0.0,0.0,7.6923076923076925,0.0,0.0,0.0,0.0,0.0,0.0
d0372_t017,frontier,gemini25pro,late,Algebra,14.0,44.0,0.0,-0.27999999999999936,7.142857142857143,7.142857142857143,0.0,7.142857142857143,0.0,0.0,0.0,0.0,0.0,0.0
d0259_t024,frontier,gemini25pro,late,Data and Statistics,4.0,6.0,0.0,-3.01,0.0,25.0,0.0,0.0,0.0,0.0,1.0,0.0,0.0,0.0
d0037_t026,frontier,gemini25pro,late,Data and Statistics,8.0,39.0,0.0,3.997142857142858,0.0,0.0,0.0,12.5,0.0,0.0,0.0,0.0,0.0,0.0
d0379_t036,frontier,gemini25pro,late,Algebra,5.0,26.0,0.0,3.6700000000000017,0.0,0.0,0.0,20.0,0.0,0.0,1.0,0.0,0.0,0.0
d0027_t017,frontier,gemini25pro,late,Geometry and Measure,12.0,43.0,0.0,-0.6599999999999966,8.333333333333334,0.0,0.0,16.666666666666668,0.0,0.0,0.0,8.333333333333334,0.0,0.0
d0023_t019,frontier,gemini25pro,late,Number,16.0,64.0,0.0,3.355714285714285,0.0,6.25,0.0,0.0,0.0,0.0,1.0,0.0,0.0,6.25
d0344_t019,frontier,gemini25pro,late,Algebra,46.0,166.0,0.0,1.467631578947369,0.0,0.0,0.0,8.695652173913043,0.0,0.0,0.0,0.0,0.0,0.0
d0279_t015,frontier,gemini25pro,late,Number,2.0,8.0,0.0,-3.01,0.0,0.0,0.0,0.0,0.0,0.0,0.0,0.0,1.0,50.0
d0162_t023,frontier,gemini25pro,late,Number,14.0,66.0,0.0,4.91076923076923,0.0,0.0,0.0,7.142857142857143,0.0,0.0,1.0,0.0,0.0,0.0
d0290_t012,frontier,gemini25pro,late,Algebra,3.0,6.0,0.0,-3.01,0.0,0.0,0.0,0.0,0.0,0.0,0.0,33.333333333333336,1.0,0.0
d0223_t095,frontier,gemini25pro,late,Number,5.0,18.0,0.0,9.180000000000003,0.0,20.0,0.0,0.0,0.0,0.0,0.0,0.0,1.0,0.0
d0243_t014,frontier,gemini25pro,late,Data and Statistics,6.0,22.0,0.0,0.5199999999999996,0.0,0.0,0.0,0.0,0.0,0.0,0.0,0.0,1.0,0.0
d0093_t017,frontier,gemini25pro,late,Geometry and Measure,8.0,22.0,0.0,0.6257142857142846,0.0,12.5,0.0,12.5,0.0,0.0,0.0,0.0,1.0,0.0
d0054_t021,frontier,gemini25pro,late,Geometry and Measure,4.0,11.0,0.0,2.890000000000004,0.0,0.0,0.0,0.0,0.0,0.0,0.0,0.0,1.0,0.0
d0094_t005,frontier,gpt5,early,Number,22.0,75.0,0.0,0.06750000000000256,0.0,4.545454545454546,0.0,9.090909090909092,0.0,0.0,1.0,0.0,0.0,0.0
d0360_t001,frontier,gpt5,early,Number,47.0,200.0,0.0,5.186842105263157,4.25531914893617,0.0,0.0,6.382978723404255,0.0,0.0,1.0,0.0,0.0,0.0
d0065_t001,frontier,gpt5,early,Number,69.0,217.0,0.0,4.879999999999999,2.898550724637681,0.0,0.0,4.3478260869565215,0.0,0.11764705882352941,1.0,0.0,0.0,1.4492753623188406
d0270_t001,frontier,gpt5,early,Number,37.0,176.0,0.0,5.680806451612906,2.7027027027027026,0.0,0.0,5.405405405405405,0.0,0.0,1.0,0.0,0.0,0.0
d0165_t001,frontier,gpt5,early,Number,63.0,221.0,0.0,-0.24343085106382922,4.761904761904762,0.0,0.0,0.0,0.0,0.0,1.0,0.0,0.0,0.0
d0239_t002,frontier,gpt5,early,Geometry and Measure,102.0,368.0,0.0,4.6928108108108155,0.0,0.0,0.0,2.9411764705882355,0.9803921568627451,0.0,1.0,0.0,0.0,1.9607843137254901
d0301_t000,frontier,gpt5,early,Algebra,44.0,170.0,0.0,14.328823529411768,0.0,0.0,0.0,2.272727272727273,2.272727272727273,0.25,0.0,0.0,0.0,0.0
d0150_t005,frontier,gpt5,early,Number,9.0,25.0,0.0,0.5199999999999996,0.0,0.0,0.0,0.0,0.0,0.0,0.0,0.0,1.0,0.0
d0007_t003,frontier,gpt5,early,Number,33.0,114.0,0.0,2.288181818181819,3.0303030303030303,0.0,0.0,3.0303030303030303,0.0,0.0,1.0,0.0,0.0,0.0
d0122_t004,frontier,gpt5,early,Number,60.0,223.0,0.0,1.6463888888888896,0.0,1.6666666666666667,0.0,5.0,0.0,0.2,1.0,0.0,0.0,0.0
d0068_t003,frontier,gpt5,early,Number,92.0,389.0,0.0,6.380405797101453,0.0,0.0,0.0,5.434782608695652,0.0,0.0,1.0,0.0,0.0,0.0
d0160_t001,frontier,gpt5,early,Number,44.0,177.0,0.0,0.502352941176472,2.272727272727273,0.0,0.0,0.0,0.0,0.0,1.0,0.0,0.0,0.0
d0314_t003,frontier,gpt5,early,Data and Statistics,78.0,341.0,0.0,7.576666666666668,1.2820512820512822,0.0,0.0,2.5641025641025643,0.0,0.125,1.0,0.0,0.0,1.2820512820512822
d0017_t013,frontier,gpt5,early,Number,1.0,3.0,0.0,-3.3999999999999986,0.0,0.0,0.0,0.0,0.0,0.0,0.0,0.0,0.0,0.0
d0054_t005,frontier,gpt5,early,Geometry and Measure,26.0,89.0,0.0,5.993333333333336,0.0,3.8461538461538463,0.0,3.8461538461538463,0.0,0.0,0.0,0.0,0.0,7.6923076923076925
d0117_t005,frontier,gpt5,early,Number,60.0,221.0,0.0,1.6748333333333356,0.0,0.0,0.0,8.333333333333334,1.6666666666666667,0.1,1.0,0.0,0.0,0.0
d0131_t004,frontier,gpt5,early,Number,40.0,176.0,0.0,4.180887096774196,0.0,0.0,0.0,5.0,0.0,0.0,0.0,0.0,0.0,5.0
d0092_t003,frontier,gpt5,early,Geometry and Measure,44.0,204.0,0.0,6.154285714285717,0.0,0.0,0.0,6.818181818181818,0.0,0.0,1.0,0.0,1.0,2.272727272727273
d0319_t001,frontier,gpt5,early,Number,60.0,201.0,0.0,0.7967247386759588,1.6666666666666667,0.0,0.0,3.3333333333333335,0.0,0.0,1.0,0.0,0.0,0.0
d0186_t001,frontier,gpt5,early,Number,62.0,274.0,0.0,4.804461538461542,1.6129032258064515,0.0,0.0,4.838709677419355,1.6129032258064515,0.0,1.0,0.0,0.0,1.6129032258064515
d0267_t003,frontier,gpt5,early,Number,9.0,24.0,0.0,0.5199999999999996,0.0,0.0,0.0,0.0,0.0,0.0,0.0,0.0,1.0,0.0
d0279_t005,frontier,gpt5,early,Number,45.0,135.0,0.0,8.740689655172414,0.0,0.0,0.0,2.2222222222222223,0.0,0.0,0.0,0.0,0.0,0.0
d0253_t002,frontier,gpt5,early,Number,50.0,160.0,0.0,-0.9298484848484847,2.0,0.0,0.0,2.0,0.0,0.0,1.0,0.0,0.0,0.0
d0182_t003,frontier,gpt5,early,Number,36.0,150.0,0.0,8.165000000000003,0.0,2.7777777777777777,0.0,0.0,0.0,0.0,1.0,0.0,0.0,0.0
d0321_t002,frontier,gpt5,early,Algebra,83.0,270.0,0.0,2.3266981132075486,1.2048192771084338,0.0,0.0,1.2048192771084338,1.2048192771084338,0.0,1.0,0.0,0.0,0.0
d0372_t001,frontier,gpt5,early,Algebra,48.0,179.0,0.0,2.709736842105265,0.0,2.0833333333333335,0.0,6.25,0.0,0.0,1.0,0.0,0.0,0.0
d0034_t002,frontier,gpt5,early,Data and Statistics,74.0,248.0,0.0,1.2134905660377378,0.0,0.0,1.3513513513513513,5.405405405405405,0.0,0.0,1.0,0.0,0.0,2.7027027027027026
d0070_t005,frontier,gpt5,early,Number,112.0,341.0,0.0,6.566666666666666,0.8928571428571429,0.0,0.8928571428571429,2.6785714285714284,0.0,0.03225806451612903,1.0,0.0,0.0,0.8928571428571429
d0284_t005,frontier,gpt5,early,Number,17.0,61.0,0.0,1.4685714285714297,0.0,0.0,0.0,5.882352941176471,0.0,0.0,1.0,0.0,0.0,0.0
d0067_t003,frontier,gpt5,early,Number,54.0,207.0,0.0,9.55,0.0,1.8518518518518519,1.8518518518518519,3.7037037037037037,0.0,0.35714285714285715,1.0,0.0,0.0,7.407407407407407
d0027_t005,frontier,gpt5,early,Geometry and Measure,5.0,13.0,0.0,-2.619999999999999,20.0,0.0,0.0,0.0,0.0,0.0,1.0,0.0,0.0,0.0
d0131_t010,frontier,gpt5,early,Number,27.0,104.0,0.0,3.650000000000002,0.0,0.0,0.0,3.7037037037037037,0.0,0.0,0.0,0.0,0.0,3.7037037037037037
d0176_t003,frontier,gpt5,early,Number,49.0,176.0,0.0,1.1942857142857157,2.0408163265306123,0.0,0.0,4.081632653061225,2.0408163265306123,0.16666666666666666,1.0,0.0,0.0,2.0408163265306123
d0367_t005,frontier,gpt5,early,Number,93.0,353.0,0.0,3.7942857142857136,1.075268817204301,0.0,0.0,4.301075268817204,0.0,0.0,1.0,0.0,0.0,4.301075268817204
d0201_t003,frontier,gpt5,early,Number,32.0,107.0,0.0,2.747173913043479,3.125,3.125,0.0,3.125,3.125,0.0,1.0,0.0,0.0,0.0
d0126_t002,frontier,gpt5,early,Number,55.0,209.0,0.0,3.11452380952381,1.8181818181818181,1.8181818181818181,0.0,9.090909090909092,0.0,0.0,1.0,0.0,0.0,0.0
d0211_t006,frontier,gpt5,early,Algebra,19.0,53.0,0.0,-1.2872727272727271,0.0,0.0,0.0,5.2631578947368425,0.0,0.0,1.0,0.0,0.0,0.0
d0011_t000,frontier,gpt5,early,Number,54.0,233.0,0.0,1.7000000000000028,0.0,0.0,0.0,1.8518518518518519,1.8518518518518519,0.0,1.0,0.0,0.0,0.0
d0302_t003,frontier,gpt5,early,Geometry and Measure,50.0,164.0,0.0,1.4120945945945955,0.0,0.0,2.0,2.0,0.0,0.1111111111111111,1.0,0.0,0.0,0.0
d0132_t005,frontier,gpt5,early,Number,58.0,223.0,0.0,3.487897435897434,1.7241379310344827,0.0,0.0,3.4482758620689653,0.0,0.0,1.0,0.0,0.0,3.4482758620689653
d0031_t005,frontier,gpt5,early,Number,74.0,235.0,0.0,2.54994680851064,0.0,0.0,0.0,1.3513513513513513,1.3513513513513513,0.5,1.0,0.0,0.0,0.0
d0223_t035,frontier,gpt5,early,Number,57.0,167.0,0.0,1.3082142857142856,0.0,0.0,0.0,3.508771929824561,0.0,0.0,1.0,0.0,1.0,1.7543859649122806
d0214_t003,frontier,gpt5,early,Algebra,58.0,186.0,0.0,3.355714285714285,3.4482758620689653,0.0,0.0,1.7241379310344827,0.0,0.0,1.0,0.0,0.0,0.0
d0129_t003,frontier,gpt5,early,Number,55.0,190.0,0.0,1.6453571428571436,1.8181818181818181,0.0,0.0,3.6363636363636362,0.0,0.0,1.0,0.0,0.0,1.8181818181818181
d0376_t003,frontier,gpt5,early,Algebra,26.0,77.0,0.0,-0.7238888888888866,3.8461538461538463,0.0,0.0,3.8461538461538463,0.0,0.0,1.0,0.0,0.0,0.0
d0071_t002,frontier,gpt5,early,Number,84.0,286.0,0.0,2.070612244897962,0.0,0.0,0.0,2.380952380952381,1.1904761904761905,0.0,1.0,0.0,0.0,2.380952380952381
d0081_t005,frontier,gpt5,early,Algebra,47.0,165.0,0.0,3.457142857142859,0.0,0.0,0.0,4.25531914893617,0.0,0.0,1.0,0.0,0.0,0.0
d0172_t007,frontier,gpt5,early,Number,31.0,114.0,0.0,2.2920000000000016,0.0,0.0,0.0,3.225806451612903,3.225806451612903,0.0,1.0,0.0,0.0,0.0
d0005_t003,frontier,gpt5,early,Number,32.0,140.0,0.0,4.91076923076923,3.125,0.0,0.0,0.0,3.125,0.0,1.0,0.0,0.0,0.0
d0071_t008,frontier,gpt5,early,Number,4.0,10.0,0.0,-3.01,0.0,0.0,0.0,0.0,0.0,0.0,1.0,0.0,1.0,0.0
d0158_t002,frontier,gpt5,early,Number,66.0,255.0,0.0,4.090370370370373,0.0,0.0,0.0,4.545454545454546,1.5151515151515151,0.0,1.0,0.0,0.0,3.0303030303030303
d0355_t003,frontier,gpt5,early,Number,39.0,119.0,0.0,1.3480000000000025,0.0,0.0,0.0,0.0,0.0,0.0,0.0,0.0,0.0,0.0
d0258_t001,frontier,gpt5,early,Data and Statistics,5.0,14.0,0.0,-2.2299999999999986,0.0,0.0,0.0,0.0,0.0,0.0,0.0,0.0,0.0,0.0
d0329_t007,frontier,gpt5,early,Number,42.0,133.0,0.0,-1.2469629629629626,0.0,2.380952380952381,0.0,4.761904761904762,0.0,0.0,1.0,0.0,0.0,0.0
d0072_t001,frontier,gpt5,early,Number,71.0,263.0,0.0,3.6415000000000006,1.408450704225352,0.0,0.0,0.0,0.0,0.13333333333333333,1.0,0.0,0.0,0.0
d0158_t000,frontier,gpt5,early,Number,43.0,148.0,0.0,4.043333333333333,0.0,0.0,0.0,6.976744186046512,0.0,0.0,0.0,0.0,0.0,2.3255813953488373
d0031_t009,frontier,gpt5,early,Number,1.0,4.0,0.0,-3.3999999999999986,0.0,0.0,0.0,0.0,0.0,0.0,0.0,0.0,0.0,0.0
d0328_t001,frontier,gpt5,early,Number,58.0,223.0,0.0,5.081190476190475,1.7241379310344827,0.0,0.0,3.4482758620689653,0.0,0.0,1.0,0.0,0.0,1.7241379310344827
d0169_t001,frontier,gpt5,early,Number,48.0,173.0,0.0,2.213750000000001,0.0,0.0,0.0,4.166666666666667,0.0,0.0,1.0,0.0,0.0,0.0
d0206_t003,frontier,gpt5,early,Algebra,28.0,94.0,0.0,-0.0743421052631561,0.0,0.0,0.0,3.5714285714285716,0.0,0.0,1.0,0.0,0.0,0.0
d0211_t004,frontier,gpt5,early,Algebra,49.0,184.0,0.0,3.4750000000000014,4.081632653061225,0.0,0.0,4.081632653061225,0.0,0.2,1.0,0.0,0.0,2.0408163265306123
d0291_t001,frontier,gpt5,early,Number,57.0,234.0,0.0,4.530833333333334,1.7543859649122806,1.7543859649122806,0.0,3.508771929824561,0.0,0.1111111111111111,1.0,0.0,0.0,3.508771929824561
d0088_t009,frontier,gpt5,early,Algebra,15.0,47.0,0.0,1.8733333333333313,0.0,0.0,0.0,0.0,6.666666666666667,0.0,1.0,0.0,0.0,0.0
d0289_t003,frontier,gpt5,early,Algebra,18.0,58.0,0.0,-1.0599999999999987,5.555555555555555,5.555555555555555,0.0,5.555555555555555,0.0,0.0,1.0,0.0,0.0,0.0
d0260_t001,frontier,gpt5,early,Data and Statistics,69.0,265.0,0.0,3.3788275862068957,1.4492753623188406,0.0,0.0,7.246376811594203,0.0,0.05555555555555555,1.0,0.0,0.0,0.0
d0290_t004,frontier,gpt5,early,Algebra,41.0,143.0,0.0,2.9045161290322596,2.4390243902439024,0.0,0.0,4.878048780487805,0.0,0.1111111111111111,1.0,0.0,0.0,2.4390243902439024
d0029_t001,frontier,gpt5,early,Geometry and Measure,73.0,258.0,0.0,5.16240566037736,1.36986301369863,0.0,0.0,2.73972602739726,0.0,0.0,1.0,0.0,0.0,0.0
d0129_t001,frontier,gpt5,early,Number,49.0,161.0,0.0,1.215378787878791,2.0408163265306123,0.0,0.0,6.122448979591836,0.0,0.0,1.0,0.0,0.0,0.0
d0290_t002,frontier,gpt5,early,Algebra,89.0,288.0,0.0,5.962500000000002,2.247191011235955,0.0,1.1235955056179776,2.247191011235955,1.1235955056179776,0.05,1.0,0.0,0.0,2.247191011235955
d0300_t001,frontier,gpt5,early,Number,77.0,276.0,0.0,3.2893114754098356,2.5974025974025974,0.0,0.0,2.5974025974025974,0.0,0.1,1.0,0.0,0.0,1.2987012987012987
d0326_t001,frontier,gpt5,early,Number,47.0,185.0,0.0,3.641315789473687,2.127659574468085,0.0,0.0,4.25531914893617,0.0,0.0,1.0,0.0,0.0,2.127659574468085
d0170_t001,frontier,gpt5,early,Number,71.0,334.0,0.0,5.389223057644113,0.0,0.0,0.0,4.225352112676056,0.0,0.21428571428571427,1.0,0.0,0.0,2.816901408450704
d0309_t002,frontier,gpt5,early,Data and Statistics,39.0,139.0,0.0,1.1016666666666666,0.0,0.0,2.5641025641025643,5.128205128205129,0.0,0.0,1.0,0.0,0.0,0.0
d0123_t005,frontier,gpt5,early,Number,9.0,21.0,0.0,-1.8399999999999999,0.0,0.0,0.0,0.0,0.0,0.0,1.0,0.0,0.0,0.0
d0314_t001,frontier,gpt5,early,Data and Statistics,59.0,245.0,0.0,8.38604651162791,3.389830508474576,0.0,0.0,0.0,0.0,0.0,1.0,0.0,0.0,1.694915254237288
d0185_t003,frontier,gpt5,early,Number,21.0,90.0,0.0,4.308888888888891,0.0,0.0,0.0,14.285714285714286,0.0,0.0,1.0,0.0,0.0,0.0
d0221_t009,frontier,gpt5,early,Algebra,20.0,56.0,0.0,3.7181818181818187,0.0,5.0,0.0,0.0,0.0,0.0,0.0,0.0,0.0,0.0
d0333_t001,frontier,gpt5,early,Number,65.0,229.0,0.0,2.2988829787234053,1.5384615384615385,0.0,0.0,3.076923076923077,0.0,0.0,1.0,0.0,0.0,1.5384615384615385
d0049_t001,frontier,gpt5,early,Geometry and Measure,86.0,309.0,0.0,7.162500000000001,0.0,0.0,0.0,3.488372093023256,0.0,0.0625,1.0,0.0,0.0,2.3255813953488373
d0192_t003,frontier,gpt5,early,Number,59.0,249.0,0.0,1.85923076923077,1.694915254237288,0.0,0.0,1.694915254237288,1.694915254237288,0.0,1.0,0.0,0.0,0.0
d0331_t003,frontier,gpt5,early,Number,124.0,374.0,0.0,3.7308108108108122,0.0,0.0,1.6129032258064515,3.225806451612903,0.0,0.13333333333333333,1.0,0.0,0.0,5.645161290322581
d0072_t005,frontier,gpt5,early,Number,33.0,105.0,0.0,2.995588235294118,0.0,0.0,0.0,0.0,0.0,0.1,0.0,0.0,0.0,6.0606060606060606
d0360_t003,frontier,gpt5,early,Number,68.0,282.0,0.0,4.136814814814816,1.4705882352941178,0.0,0.0,0.0,0.0,0.14285714285714285,1.0,0.0,0.0,0.0
d0047_t001,frontier,gpt5,early,Geometry and Measure,70.0,226.0,0.0,4.0063888888888926,2.857142857142857,0.0,0.0,2.857142857142857,0.0,0.0,1.0,0.0,0.0,0.0
d0080_t009,frontier,gpt5,early,Number,10.0,21.0,0.0,-1.8399999999999999,0.0,0.0,0.0,0.0,0.0,0.0,0.0,0.0,0.0,0.0
d0015_t005,frontier,gpt5,early,Geometry and Measure,19.0,68.0,0.0,2.187692307692309,0.0,0.0,0.0,0.0,0.0,0.0,1.0,0.0,0.0,0.0
d0070_t007,frontier,gpt5,early,Number,111.0,473.0,0.0,8.35513513513514,1.8018018018018018,0.0,0.9009009009009009,1.8018018018018018,0.0,0.12121212121212122,1.0,0.0,0.0,5.405405405405405
d0248_t007,frontier,gpt5,early,Number,32.0,132.0,0.0,4.330434782608695,3.125,3.125,0.0,6.25,0.0,0.6666666666666666,1.0,0.0,0.0,3.125
d0045_t004,frontier,gpt5,early,Number,43.0,162.0,0.0,1.6453571428571436,2.3255813953488373,0.0,0.0,4.651162790697675,4.651162790697675,0.2,1.0,0.0,0.0,0.0
d0025_t001,frontier,gpt5,early,Geometry and Measure,59.0,214.0,0.0,3.7005128205128237,0.0,1.694915254237288,0.0,6.779661016949152,0.0,0.0,1.0,0.0,0.0,3.389830508474576
d0079_t003,frontier,gpt5,early,Number,57.0,192.0,0.0,2.55261904761905,0.0,1.7543859649122806,0.0,3.508771929824561,0.0,0.0,1.0,0.0,0.0,0.0
d0105_t005,frontier,gpt5,early,Geometry and Measure,26.0,107.0,0.0,3.0599999999999987,0.0,0.0,0.0,3.8461538461538463,0.0,0.0,1.0,0.0,0.0,7.6923076923076925
d0221_t007,frontier,gpt5,early,Algebra,31.0,81.0,0.0,-1.4499999999999993,0.0,0.0,0.0,3.225806451612903,0.0,0.0,1.0,0.0,0.0,0.0
d0347_t003,frontier,gpt5,early,Number,43.0,120.0,0.0,2.8566666666666656,0.0,4.651162790697675,0.0,4.651162790697675,0.0,0.16666666666666666,1.0,0.0,0.0,0.0
d0368_t000,frontier,gpt5,early,Number,29.0,108.0,0.0,5.362142857142857,0.0,0.0,0.0,6.896551724137931,0.0,0.0,0.0,0.0,0.0,3.4482758620689653
d0161_t001,frontier,gpt5,early,Number,39.0,153.0,0.0,4.048965517241381,2.5641025641025643,0.0,2.5641025641025643,2.5641025641025643,0.0,0.0,1.0,0.0,0.0,0.0
d0235_t003,frontier,gpt5,early,Algebra,31.0,131.0,0.0,-0.8543076923076907,3.225806451612903,0.0,0.0,12.903225806451612,3.225806451612903,0.0,1.0,0.0,0.0,0.0
d0247_t003,frontier,gpt5,early,Number,21.0,75.0,0.0,1.495000000000001,0.0,9.523809523809524,0.0,0.0,0.0,0.0,1.0,0.0,0.0,0.0
d0227_t012,frontier,gpt5,middle,Algebra,15.0,36.0,0.0,0.6257142857142846,0.0,0.0,0.0,0.0,0.0,0.0,0.0,0.0,1.0,0.0
d0201_t011,frontier,gpt5,middle,Number,3.0,7.0,0.0,-3.01,0.0,0.0,0.0,0.0,0.0,0.0,0.0,0.0,0.0,0.0
d0246_t011,frontier,gpt5,middle,Geometry and Measure,58.0,200.0,0.0,2.280000000000001,0.0,0.0,0.0,5.172413793103448,1.7241379310344827,0.0,0.0,0.0,0.0,0.0
d0294_t013,frontier,gpt5,middle,Number,30.0,95.0,0.0,1.4288095238095266,6.666666666666667,0.0,0.0,0.0,0.0,0.0,1.0,0.0,0.0,0.0
d0136_t015,frontier,gpt5,middle,Number,23.0,93.0,0.0,5.098846153846157,0.0,0.0,0.0,0.0,0.0,0.14285714285714285,0.0,0.0,1.0,4.3478260869565215
d0139_t005,frontier,gpt5,middle,Number,37.0,160.0,0.0,2.292672413793106,5.405405405405405,0.0,0.0,0.0,0.0,0.0,1.0,0.0,0.0,2.7027027027027026
d0333_t009,frontier,gpt5,middle,Number,20.0,63.0,0.0,-1.254999999999999,0.0,0.0,0.0,0.0,5.0,0.0,1.0,0.0,0.0,0.0
d0162_t003,frontier,gpt5,early,Number,29.0,128.0,0.0,6.085714285714285,0.0,0.0,3.4482758620689653,0.0,0.0,0.0,1.0,0.0,0.0,3.4482758620689653
d0195_t005,frontier,gpt5,middle,Number,9.0,20.0,0.0,-1.8399999999999999,0.0,0.0,0.0,0.0,0.0,0.0,0.0,0.0,1.0,0.0
d0086_t015,frontier,gpt5,middle,Algebra,8.0,26.0,0.0,-1.0599999999999987,0.0,0.0,0.0,0.0,0.0,0.0,0.0,0.0,0.0,0.0
d0255_t031,frontier,gpt5,middle,Geometry and Measure,51.0,179.0,0.0,3.3979487179487187,0.0,0.0,0.0,5.882352941176471,0.0,0.0,1.0,0.0,0.0,0.0
d0093_t011,frontier,gpt5,middle,Geometry and Measure,22.0,65.0,0.0,-0.07833333333333137,0.0,0.0,0.0,4.545454545454546,0.0,0.0,0.0,0.0,0.0,0.0
d0324_t020,frontier,gpt5,middle,Algebra,17.0,45.0,0.0,-0.27999999999999936,0.0,0.0,0.0,0.0,5.882352941176471,0.0,1.0,0.0,0.0,0.0
d0221_t005,frontier,gpt5,early,Algebra,29.0,82.0,0.0,-0.5999999999999996,0.0,3.4482758620689653,0.0,3.4482758620689653,0.0,0.0,1.0,0.0,1.0,0.0
d0203_t009,frontier,gpt5,middle,Algebra,31.0,108.0,0.0,-1.180595238095238,0.0,0.0,0.0,3.225806451612903,0.0,0.0,0.0,0.0,0.0,0.0
d0238_t009,frontier,gpt5,middle,Geometry and Measure,48.0,179.0,0.0,4.075757575757578,0.0,0.0,0.0,0.0,0.0,0.0,1.0,0.0,0.0,0.0
d0232_t007,frontier,gpt5,middle,Data and Statistics,43.0,153.0,0.0,0.5940740740740758,2.3255813953488373,0.0,0.0,4.651162790697675,0.0,0.0,1.0,0.0,0.0,0.0
d0271_t005,frontier,gpt5,middle,Number,1.0,1.0,0.0,-3.3999999999999986,0.0,0.0,0.0,0.0,0.0,0.0,0.0,0.0,0.0,0.0
d0294_t015,frontier,gpt5,middle,Number,68.0,204.0,0.0,2.7345454545454544,0.0,0.0,0.0,1.4705882352941178,0.0,0.0,1.0,0.0,0.0,1.4705882352941178
d0374_t015,frontier,gpt5,middle,Algebra,80.0,298.0,0.0,3.324666666666669,0.0,2.5,0.0,6.25,0.0,0.0,1.0,0.0,0.0,1.25
d0246_t007,frontier,gpt5,middle,Geometry and Measure,1.0,2.0,0.0,-3.3999999999999986,0.0,0.0,0.0,0.0,0.0,0.0,0.0,0.0,0.0,0.0
d0176_t009,frontier,gpt5,middle,Number,27.0,91.0,0.0,2.4063157894736875,0.0,0.0,0.0,7.407407407407407,0.0,0.0,0.0,0.0,0.0,0.0
d0236_t009,frontier,gpt5,middle,Data and Statistics,28.0,103.0,0.0,3.11452380952381,0.0,0.0,0.0,0.0,0.0,0.0,0.0,0.0,0.0,3.5714285714285716
d0183_t013,frontier,gpt5,middle,Number,7.0,21.0,0.0,2.879999999999999,0.0,0.0,0.0,14.285714285714286,0.0,0.0,1.0,0.0,0.0,0.0
d0140_t011,frontier,gpt5,middle,Number,11.0,26.0,0.0,-1.4499999999999993,0.0,0.0,0.0,9.090909090909092,0.0,0.0,1.0,0.0,1.0,0.0
d0296_t023,frontier,gpt5,middle,Number,19.0,70.0,0.0,-0.07833333333333137,0.0,0.0,0.0,0.0,0.0,0.0,1.0,0.0,1.0,0.0
d0316_t009,frontier,gpt5,middle,Data and Statistics,17.0,64.0,0.0,3.4666666666666686,0.0,0.0,0.0,0.0,0.0,0.0,0.0,0.0,0.0,0.0
d0223_t051,frontier,gpt5,middle,Number,57.0,166.0,0.0,1.6453571428571436,0.0,0.0,0.0,1.7543859649122806,0.0,0.0,0.0,0.0,0.0,0.0
d0005_t009,frontier,gpt5,middle,Number,18.0,57.0,0.0,3.84,0.0,0.0,0.0,0.0,0.0,0.0,0.0,0.0,1.0,0.0
d0230_t011,frontier,gpt5,middle,Data and Statistics,1.0,2.0,0.0,-3.3999999999999986,0.0,0.0,0.0,0.0,0.0,0.0,0.0,0.0,0.0,0.0
d0369_t009,frontier,gpt5,middle,Data and Statistics,17.0,65.0,0.0,5.863636363636363,0.0,0.0,0.0,0.0,0.0,0.0,0.0,0.0,1.0,5.882352941176471
d0250_t007,frontier,gpt5,middle,Number,14.0,36.0,0.0,2.280000000000001,0.0,0.0,0.0,0.0,0.0,0.0,0.0,0.0,1.0,0.0
d0341_t016,frontier,gpt5,middle,Number,69.0,291.0,0.0,3.2089999999999996,0.0,2.898550724637681,0.0,0.0,2.898550724637681,0.05555555555555555,1.0,0.0,0.0,0.0
d0293_t015,frontier,gpt5,middle,Number,18.0,55.0,0.0,-1.1923076923076916,0.0,0.0,0.0,0.0,0.0,0.0,0.0,0.0,0.0,0.0
d0221_t015,frontier,gpt5,middle,Algebra,46.0,117.0,0.0,1.4750000000000014,0.0,0.0,0.0,6.521739130434782,0.0,0.0,1.0,0.0,0.0,0.0
d0112_t005,frontier,gpt5,middle,Number,7.0,16.0,0.0,-2.2299999999999986,0.0,0.0,0.0,0.0,0.0,0.0,0.0,0.0,0.0,0.0
d0203_t011,frontier,gpt5,middle,Algebra,41.0,135.0,0.0,-0.7631428571428565,2.4390243902439024,0.0,0.0,4.878048780487805,0.0,0.14285714285714285,1.0,0.0,0.0,2.4390243902439024
d0137_t011,frontier,gpt5,middle,Number,16.0,47.0,0.0,0.5,0.0,0.0,0.0,0.0,6.25,0.0,1.0,0.0,1.0,0.0
d0078_t006,frontier,gpt5,middle,Number,10.0,21.0,0.0,-1.4499999999999993,0.0,20.0,0.0,0.0,0.0,0.0,1.0,0.0,0.0,0.0
d0277_t011,frontier,gpt5,middle,Number,1.0,3.0,0.0,-3.3999999999999986,0.0,0.0,0.0,0.0,0.0,0.0,0.0,0.0,0.0,0.0
d0041_t015,frontier,gpt5,middle,Data and Statistics,36.0,128.0,0.0,2.421379310344829,0.0,0.0,0.0,5.555555555555555,0.0,0.0,0.0,0.0,0.0,0.0
d0021_t013,frontier,gpt5,middle,Number,21.0,92.0,0.0,3.3461538461538467,0.0,0.0,0.0,0.0,0.0,0.0,0.0,0.0,0.0,0.0
d0068_t015,frontier,gpt5,middle,Number,30.0,114.0,0.0,2.288181818181819,0.0,0.0,0.0,3.3333333333333335,0.0,0.0,0.0,0.0,0.0,0.0
d0280_t009,frontier,gpt5,middle,Number,35.0,151.0,0.0,3.4352380952380983,2.857142857142857,0.0,0.0,2.857142857142857,0.0,0.0,1.0,0.0,0.0,2.857142857142857
d0272_t019,frontier,gpt5,middle,Number,41.0,152.0,0.0,-0.0062096774193562965,0.0,0.0,2.4390243902439024,4.878048780487805,0.0,0.0,1.0,0.0,0.0,2.4390243902439024
d0346_t013,frontier,gpt5,middle,Number,58.0,151.0,0.0,-0.1279411764705891,0.0,0.0,0.0,3.4482758620689653,0.0,0.0,1.0,0.0,0.0,3.4482758620689653
d0263_t009,frontier,gpt5,middle,Number,30.0,99.0,0.0,1.4288095238095266,0.0,0.0,0.0,0.0,3.3333333333333335,0.0,1.0,0.0,0.0,0.0
d0023_t009,frontier,gpt5,middle,Number,61.0,225.0,0.0,0.18888888888889,0.0,0.0,0.0,0.0,0.0,0.0,0.0,0.0,0.0,0.0
d0284_t023,frontier,gpt5,middle,Number,16.0,46.0,0.0,-0.21454545454545304,0.0,0.0,0.0,6.25,0.0,0.0,0.0,0.0,0.0,0.0
d0048_t013,frontier,gpt5,middle,Geometry and Measure,34.0,98.0,0.0,2.8566666666666656,0.0,0.0,0.0,0.0,0.0,0.0,0.0,0.0,0.0,0.0
d0210_t011,frontier,gpt5,middle,Algebra,41.0,146.0,0.0,5.600000000000001,0.0,0.0,0.0,0.0,2.4390243902439024,0.0,0.0,0.0,0.0,0.0
d0150_t011,frontier,gpt5,middle,Number,1.0,1.0,0.0,-3.3999999999999986,0.0,0.0,0.0,0.0,0.0,0.0,0.0,0.0,0.0,0.0
d0047_t011,frontier,gpt5,middle,Geometry and Measure,27.0,87.0,0.0,2.4700000000000024,0.0,0.0,0.0,3.7037037037037037,0.0,0.0,1.0,0.0,0.0,0.0
d0264_t007,frontier,gpt5,middle,Number,17.0,57.0,0.0,2.6459090909090897,0.0,0.0,0.0,0.0,0.0,0.0,1.0,0.0,0.0,0.0
d0348_t014,frontier,gpt5,middle,Number,33.0,109.0,0.0,1.1700000000000017,0.0,0.0,0.0,3.0303030303030303,0.0,0.0,0.0,0.0,1.0,0.0
d0270_t013,frontier,gpt5,middle,Number,4.0,11.0,0.0,-3.01,0.0,0.0,0.0,0.0,0.0,0.0,0.0,0.0,0.0,0.0
d0305_t010,frontier,gpt5,middle,Number,17.0,41.0,0.0,-1.6449999999999996,0.0,0.0,0.0,5.882352941176471,0.0,0.0,0.0,0.0,0.0,0.0
d0039_t028,frontier,gpt5,middle,Algebra,24.0,66.0,0.0,-0.2666666666666657,0.0,0.0,0.0,0.0,0.0,0.0,0.0,0.0,1.0,0.0
d0122_t012,frontier,gpt5,middle,Number,34.0,124.0,0.0,0.5940740740740758,0.0,0.0,0.0,5.882352941176471,2.9411764705882355,0.0,1.0,0.0,0.0,0.0
d0378_t005,frontier,gpt5,middle,Algebra,94.0,329.0,0.0,3.644173913043481,0.0,1.0638297872340425,1.0638297872340425,2.127659574468085,1.0638297872340425,0.0,1.0,0.0,0.0,0.0
d0340_t009,frontier,gpt5,middle,Number,29.0,111.0,0.0,-1.180595238095238,0.0,0.0,0.0,3.4482758620689653,0.0,0.0,0.0,0.0,0.0,0.0
d0272_t027,frontier,gpt5,middle,Number,23.0,85.0,0.0,-0.19176470588235084,0.0,0.0,0.0,4.3478260869565215,0.0,0.0,0.0,0.0,0.0,0.0
d0192_t015,frontier,gpt5,middle,Number,13.0,45.0,0.0,2.4700000000000024,0.0,0.0,0.0,0.0,0.0,0.25,1.0,0.0,1.0,0.0
d0360_t011,frontier,gpt5,middle,Number,2.0,3.0,0.0,-3.3999999999999986,0.0,0.0,0.0,0.0,0.0,0.0,1.0,0.0,0.0,0.0
d0143_t012,frontier,gpt5,middle,Number,69.0,188.0,0.0,-0.6618181818181821,0.0,0.0,1.4492753623188406,5.797101449275362,0.0,0.0,1.0,0.0,1.0,0.0
d0018_t009,frontier,gpt5,middle,Number,24.0,71.0,0.0,-1.053333333333331,0.0,4.166666666666667,0.0,0.0,0.0,0.0,0.0,0.0,0.0,0.0
d0095_t011,frontier,gpt5,middle,Number,28.0,99.0,0.0,-0.5999999999999996,0.0,0.0,0.0,7.142857142857143,0.0,0.16666666666666666,1.0,0.0,0.0,0.0
d0279_t009,frontier,gpt5,middle,Number,18.0,71.0,0.0,0.7083333333333321,5.555555555555555,0.0,0.0,5.555555555555555,0.0,0.0,1.0,0.0,0.0,0.0
d0168_t012,frontier,gpt5,middle,Number,54.0,193.0,0.0,0.8629487179487185,1.8518518518518519,0.0,1.8518518518518519,0.0,0.0,0.09090909090909091,1.0,0.0,0.0,0.0
d0174_t007,frontier,gpt5,middle,Number,25.0,78.0,0.0,1.0311111111111124,0.0,0.0,0.0,12.0,0.0,0.16666666666666666,0.0,0.0,0.0,0.0
d0360_t007,frontier,gpt5,middle,Number,1.0,3.0,0.0,-3.3999999999999986,0.0,0.0,0.0,0.0,0.0,0.0,0.0,0.0,0.0,0.0
d0364_t005,frontier,gpt5,middle,Data and Statistics,43.0,191.0,0.0,1.9544117647058847,0.0,0.0,2.3255813953488373,4.651162790697675,2.3255813953488373,0.0,1.0,0.0,1.0,0.0
d0076_t007,frontier,gpt5,middle,Number,46.0,135.0,0.0,0.063500000000003,2.1739130434782608,2.1739130434782608,2.1739130434782608,2.1739130434782608,0.0,0.0,1.0,0.0,0.0,0.0
d0248_t029,frontier,gpt5,middle,Number,4.0,16.0,0.0,5.246666666666666,0.0,0.0,0.0,0.0,0.0,0.0,1.0,0.0,0.0,0.0
d0292_t011,frontier,gpt5,middle,Data and Statistics,13.0,46.0,0.0,5.682857142857145,0.0,0.0,0.0,0.0,0.0,0.0,0.0,0.0,0.0,0.0
d0100_t021,frontier,gpt5,middle,Number,37.0,161.0,0.0,2.3226153846153856,0.0,0.0,0.0,2.7027027027027026,0.0,0.16666666666666666,1.0,0.0,0.0,2.7027027027027026
d0123_t007,frontier,gpt5,middle,Number,1.0,3.0,0.0,-3.3999999999999986,0.0,0.0,0.0,0.0,0.0,0.0,0.0,0.0,0.0,0.0
d0105_t011,frontier,gpt5,middle,Geometry and Measure,46.0,143.0,0.0,1.2870303030303027,0.0,0.0,0.0,6.521739130434782,0.0,0.0,0.0,0.0,0.0,4.3478260869565215
d0198_t007,frontier,gpt5,middle,Number,36.0,136.0,0.0,2.3114285714285714,0.0,0.0,0.0,8.333333333333334,0.0,0.16666666666666666,0.0,0.0,0.0,2.7777777777777777
d0293_t009,frontier,gpt5,middle,Number,37.0,117.0,0.0,-0.9346666666666668,0.0,0.0,0.0,2.7027027027027026,0.0,0.1,0.0,0.0,0.0,2.7027027027027026
d0296_t013,frontier,gpt5,middle,Number,37.0,137.0,0.0,-0.2846153846153854,0.0,0.0,0.0,2.7027027027027026,5.405405405405405,0.0,1.0,0.0,0.0,2.7027027027027026
d0104_t009,frontier,gpt5,middle,Geometry and Measure,23.0,79.0,0.0,2.3114285714285714,0.0,0.0,0.0,4.3478260869565215,0.0,0.0,0.0,0.0,1.0,0.0
d0166_t013,frontier,gpt5,middle,Number,24.0,96.0,0.0,2.715,4.166666666666667,0.0,0.0,0.0,0.0,0.0,1.0,0.0,0.0,4.166666666666667
d0279_t011,frontier,gpt5,middle,Number,21.0,74.0,0.0,3.068333333333335,0.0,0.0,0.0,0.0,0.0,0.0,0.0,0.0,0.0,4.761904761904762
d0007_t007,frontier,gpt5,middle,Number,5.0,17.0,0.0,0.7199999999999989,0.0,0.0,0.0,20.0,0.0,0.0,0.0,0.0,1.0,0.0
d0193_t013,frontier,gpt5,middle,Number,35.0,132.0,0.0,4.097222222222225,0.0,0.0,0.0,2.857142857142857,0.0,0.0,0.0,0.0,0.0,2.857142857142857
d0018_t007,frontier,gpt5,middle,Number,9.0,23.0,0.0,-1.8399999999999999,0.0,0.0,0.0,0.0,0.0,0.0,0.0,0.0,0.0,0.0
d0010_t017,frontier,gpt5,middle,Algebra,45.0,153.0,0.0,0.37443548387096826,0.0,0.0,2.2222222222222223,2.2222222222222223,2.2222222222222223,0.16666666666666666,1.0,0.0,0.0,0.0
d0191_t006,frontier,gpt5,middle,Number,14.0,46.0,0.0,-0.5722727272727273,7.142857142857143,0.0,0.0,7.142857142857143,0.0,0.0,1.0,0.0,0.0,7.142857142857143
d0022_t013,frontier,gpt5,middle,Number,66.0,220.0,0.0,0.0013008130081306746,0.0,0.0,0.0,3.0303030303030303,0.0,0.0,1.0,0.0,0.0,1.5151515151515151
d0042_t009,frontier,gpt5,middle,Data and Statistics,42.0,174.0,0.0,6.935909090909089,2.380952380952381,0.0,0.0,2.380952380952381,0.0,0.0,1.0,0.0,0.0,0.0
d0112_t007,frontier,gpt5,middle,Number,25.0,93.0,0.0,5.504473684210527,0.0,0.0,0.0,0.0,0.0,0.0,0.0,0.0,0.0,0.0
d0117_t019,frontier,gpt5,middle,Number,20.0,74.0,0.0,4.541111111111114,5.0,0.0,0.0,5.0,0.0,0.0,0.0,0.0,0.0,0.0
d0181_t013,frontier,gpt5,middle,Number,29.0,85.0,0.0,-2.541999999999998,0.0,0.0,0.0,3.4482758620689653,0.0,0.0,1.0,0.0,0.0,0.0
d0125_t015,frontier,gpt5,middle,Number,1.0,5.0,0.0,-3.3999999999999986,0.0,0.0,0.0,0.0,0.0,0.0,0.0,0.0,0.0,0.0
d0196_t011,frontier,gpt5,middle,Number,13.0,48.0,0.0,-0.6599999999999966,0.0,0.0,0.0,0.0,0.0,0.0,0.0,0.0,1.0,0.0
d0166_t015,frontier,gpt5,middle,Number,28.0,112.0,0.0,1.7518181818181837,0.0,0.0,0.0,7.142857142857143,0.0,0.0,1.0,0.0,0.0,3.5714285714285716
d0313_t012,frontier,gpt5,middle,Number,22.0,66.0,0.0,1.468076923076925,0.0,0.0,0.0,9.090909090909092,0.0,0.0,0.0,0.0,0.0,0.0
d0164_t013,frontier,gpt5,late,Number,22.0,74.0,0.0,0.5585714285714296,0.0,0.0,0.0,4.545454545454546,0.0,0.0,0.0,0.0,0.0,4.545454545454546
d0374_t013,frontier,gpt5,middle,Algebra,29.0,128.0,0.0,5.312391304347827,3.4482758620689653,0.0,0.0,6.896551724137931,0.0,0.0,1.0,0.0,0.0,3.4482758620689653
d0348_t012,frontier,gpt5,middle,Number,64.0,210.0,0.0,0.017948717948717885,0.0,0.0,0.0,4.6875,1.5625,0.0,0.0,0.0,0.0,1.5625
d0030_t017,frontier,gpt5,late,Geometry and Measure,13.0,34.0,0.0,2.342222222222226,0.0,0.0,0.0,7.6923076923076925,0.0,0.0,0.0,0.0,1.0,0.0
d0149_t053,frontier,gpt5,late,Number,23.0,83.0,0.0,0.6257142857142846,0.0,0.0,0.0,4.3478260869565215,0.0,0.0,0.0,0.0,1.0,4.3478260869565215
d0039_t022,frontier,gpt5,middle,Algebra,37.0,113.0,0.0,0.063500000000003,0.0,0.0,0.0,0.0,0.0,0.0,0.0,0.0,0.0,2.7027027027027026
d0077_t029,frontier,gpt5,late,Number,18.0,61.0,0.0,2.645454545454548,0.0,0.0,0.0,5.555555555555555,0.0,0.0,0.0,0.0,0.0,0.0
d0206_t019,frontier,gpt5,late,Algebra,20.0,60.0,0.0,-0.5722727272727273,0.0,0.0,0.0,5.0,0.0,0.0,0.0,0.0,0.0,0.0
d0137_t017,frontier,gpt5,late,Number,34.0,116.0,0.0,-0.14999999999999858,2.9411764705882355,0.0,0.0,2.9411764705882355,2.9411764705882355,0.0,1.0,0.0,0.0,2.9411764705882355
d0182_t013,frontier,gpt5,late,Number,30.0,122.0,0.0,6.298333333333332,0.0,0.0,0.0,16.666666666666668,0.0,0.0,0.0,0.0,0.0,0.0
d0330_t023,frontier,gpt5,late,Number,14.0,44.0,0.0,3.7550000000000026,0.0,0.0,0.0,7.142857142857143,0.0,0.25,0.0,0.0,0.0,0.0
d0174_t015,frontier,gpt5,late,Number,24.0,89.0,0.0,1.495000000000001,0.0,0.0,4.166666666666667,0.0,0.0,0.0,0.0,0.0,0.0,4.166666666666667
d0028_t015,frontier,gpt5,late,Number,14.0,40.0,0.0,0.8049999999999997,0.0,0.0,0.0,0.0,0.0,0.0,1.0,0.0,1.0,0.0
d0127_t009,frontier,gpt5,late,Number,1.0,4.0,0.0,-3.3999999999999986,0.0,0.0,0.0,0.0,0.0,0.0,0.0,0.0,0.0,0.0
d0042_t023,frontier,gpt5,late,Data and Statistics,50.0,206.0,0.0,8.527702702702705,0.0,0.0,0.0,6.0,0.0,0.0,0.0,0.0,0.0,2.0
d0317_t015,frontier,gpt5,late,Data and Statistics,33.0,113.0,0.0,0.3133333333333326,0.0,0.0,0.0,6.0606060606060606,0.0,0.0,0.0,0.0,0.0,0.0
d0070_t033,frontier,gpt5,late,Number,26.0,96.0,0.0,3.641315789473687,0.0,0.0,0.0,7.6923076923076925,0.0,0.0,1.0,0.0,0.0,0.0
d0039_t048,frontier,gpt5,late,Algebra,35.0,115.0,0.0,1.7652173913043505,0.0,0.0,0.0,5.714285714285714,0.0,0.0,0.0,0.0,0.0,5.714285714285714
d0030_t013,frontier,gpt5,late,Geometry and Measure,33.0,97.0,0.0,0.2260869565217387,0.0,0.0,0.0,6.0606060606060606,0.0,0.0,1.0,0.0,0.0,0.0
d0286_t015,frontier,gpt5,late,Number,39.0,134.0,0.0,0.04384615384615387,0.0,0.0,0.0,5.128205128205129,0.0,0.1,1.0,0.0,0.0,0.0
d0215_t019,frontier,gpt5,late,Algebra,16.0,46.0,0.0,-0.6599999999999966,0.0,0.0,0.0,6.25,0.0,0.0,0.0,0.0,0.0,0.0
d0363_t015,frontier,gpt5,late,Geometry and Measure,26.0,90.0,0.0,6.8750000000000036,0.0,0.0,0.0,0.0,0.0,0.0,0.0,0.0,0.0,0.0
d0367_t029,frontier,gpt5,late,Number,29.0,106.0,0.0,9.284347826086957,0.0,0.0,0.0,6.896551724137931,0.0,0.0,0.0,0.0,0.0,3.4482758620689653
d0346_t021,frontier,gpt5,late,Number,17.0,55.0,0.0,0.5004545454545486,0.0,0.0,0.0,5.882352941176471,0.0,0.2,0.0,0.0,0.0,0.0
d0172_t033,frontier,gpt5,late,Number,13.0,42.0,0.0,-2.424999999999999,0.0,0.0,0.0,7.6923076923076925,0.0,0.0,0.0,0.0,0.0,0.0
d0315_t015,frontier,gpt5,late,Data and Statistics,28.0,133.0,0.0,12.945,0.0,0.0,0.0,3.5714285714285716,0.0,0.125,0.0,0.0,0.0,0.0
d0098_t019,frontier,gpt5,late,Geometry and Measure,31.0,123.0,0.0,11.142857142857142,0.0,0.0,0.0,3.225806451612903,0.0,0.0,0.0,0.0,0.0,12.903225806451612
d0009_t023,frontier,gpt5,late,Number,26.0,76.0,0.0,-0.23499999999999943,0.0,0.0,0.0,3.8461538461538463,3.8461538461538463,0.0,1.0,0.0,0.0,0.0
d0361_t019,frontier,gpt5,late,Number,16.0,66.0,0.0,2.4833333333333343,0.0,0.0,0.0,12.5,0.0,0.0,0.0,0.0,0.0,0.0
d0121_t021,frontier,gpt5,late,Number,30.0,91.0,0.0,0.6999999999999993,0.0,0.0,0.0,3.3333333333333335,0.0,0.0,0.0,0.0,0.0,3.3333333333333335
d0122_t022,frontier,gpt5,late,Number,35.0,98.0,0.0,-1.4383823529411757,0.0,0.0,2.857142857142857,2.857142857142857,0.0,0.0,1.0,0.0,0.0,0.0
d0298_t023,frontier,gpt5,late,Number,19.0,61.0,0.0,3.1875000000000036,0.0,0.0,0.0,5.2631578947368425,0.0,0.0,0.0,0.0,0.0,0.0
d0194_t019,frontier,gpt5,late,Number,16.0,48.0,0.0,0.5199999999999996,0.0,0.0,0.0,0.0,0.0,0.0,0.0,0.0,0.0,0.0
d0276_t022,frontier,gpt5,late,Number,13.0,56.0,0.0,1.2900000000000027,0.0,0.0,0.0,7.6923076923076925,0.0,0.0,0.0,0.0,0.0,0.0
d0215_t017,frontier,gpt5,late,Algebra,15.0,37.0,0.0,-0.6699999999999982,0.0,0.0,0.0,0.0,0.0,0.0,0.0,0.0,0.0,0.0
d0169_t017,frontier,gpt5,late,Number,22.0,75.0,0.0,5.206666666666667,0.0,0.0,0.0,0.0,0.0,0.0,0.0,0.0,0.0,0.0
d0242_t013,frontier,gpt5,late,Data and Statistics,38.0,139.0,0.0,4.861000000000001,0.0,0.0,0.0,2.6315789473684212,0.0,0.18181818181818182,0.0,0.0,0.0,0.0
d0004_t015,frontier,gpt5,late,Number,19.0,74.0,0.0,-1.053333333333331,0.0,0.0,0.0,5.2631578947368425,5.2631578947368425,0.0,1.0,0.0,0.0,0.0
d0295_t017,frontier,gpt5,late,Number,13.0,49.0,0.0,2.4700000000000024,0.0,0.0,0.0,7.6923076923076925,0.0,0.0,0.0,0.0,1.0,0.0
d0374_t021,frontier,gpt5,late,Algebra,48.0,179.0,0.0,1.5163709677419384,0.0,0.0,2.0833333333333335,8.333333333333334,2.0833333333333335,0.0,1.0,0.0,0.0,2.0833333333333335
d0161_t023,frontier,gpt5,late,Number,19.0,59.0,0.0,-0.4666666666666668,0.0,0.0,0.0,0.0,0.0,0.0,0.0,0.0,0.0,0.0
d0002_t021,frontier,gpt5,late,Algebra,19.0,71.0,0.0,4.003076923076925,0.0,0.0,0.0,5.2631578947368425,0.0,0.0,0.0,0.0,0.0,0.0
d0278_t038,frontier,gpt5,late,Number,1.0,1.0,0.0,-3.3999999999999986,0.0,0.0,0.0,0.0,0.0,0.0,0.0,0.0,0.0,0.0
d0371_t018,frontier,gpt5,late,Algebra,9.0,22.0,0.0,-1.8399999999999999,0.0,0.0,0.0,0.0,0.0,0.0,0.0,0.0,1.0,0.0
d0201_t013,frontier,gpt5,late,Number,21.0,60.0,0.0,0.5166666666666693,0.0,0.0,0.0,4.761904761904762,0.0,0.0,0.0,0.0,0.0,0.0
d0277_t023,frontier,gpt5,late,Number,1.0,5.0,0.0,-3.3999999999999986,0.0,0.0,0.0,0.0,0.0,0.0,0.0,0.0,0.0,0.0
d0278_t048,frontier,gpt5,late,Number,27.0,83.0,0.0,0.3049999999999997,0.0,0.0,0.0,11.11111111111111,0.0,0.0,0.0,0.0,0.0,3.7037037037037037
d0147_t015,frontier,gpt5,late,Number,22.0,75.0,0.0,0.8049999999999997,0.0,0.0,0.0,9.090909090909092,0.0,0.0,0.0,0.0,0.0,0.0
d0348_t020,frontier,gpt5,late,Number,23.0,81.0,0.0,0.560384615384617,0.0,0.0,0.0,4.3478260869565215,0.0,0.0,0.0,0.0,0.0,0.0
d0237_t031,frontier,gpt5,late,Geometry and Measure,38.0,156.0,0.0,4.862758620689654,0.0,2.6315789473684212,0.0,5.2631578947368425,0.0,0.0,0.0,0.0,0.0,2.6315789473684212
d0170_t013,frontier,gpt5,late,Number,43.0,167.0,0.0,4.843333333333337,0.0,0.0,0.0,4.651162790697675,0.0,0.09090909090909091,0.0,0.0,0.0,0.0
d0357_t013,frontier,gpt5,late,Number,32.0,117.0,0.0,1.2966666666666669,0.0,0.0,0.0,9.375,0.0,0.0,0.0,0.0,0.0,0.0
d0000_t015,frontier,gpt5,late,Algebra,7.0,15.0,0.0,-2.2299999999999986,0.0,0.0,0.0,0.0,0.0,0.0,0.0,0.0,1.0,0.0
d0312_t009,frontier,gpt5,middle,Algebra,71.0,252.0,0.0,6.337021276595745,0.0,0.0,0.0,5.633802816901408,0.0,0.0,0.0,0.0,0.0,0.0
d0131_t034,frontier,gpt5,late,Number,38.0,147.0,0.0,4.090370370370373,0.0,0.0,0.0,5.2631578947368425,0.0,0.0,0.0,0.0,0.0,0.0
d0278_t042,frontier,gpt5,late,Number,26.0,85.0,0.0,5.5238095238095255,0.0,0.0,0.0,7.6923076923076925,0.0,0.0,0.0,0.0,0.0,3.8461538461538463
d0200_t023,frontier,gpt5,late,Number,33.0,115.0,0.0,5.825434782608696,0.0,0.0,0.0,9.090909090909092,0.0,0.0,0.0,0.0,0.0,6.0606060606060606
d0354_t020,frontier,gpt5,late,Number,27.0,106.0,0.0,-0.07789473684210435,0.0,0.0,0.0,3.7037037037037037,0.0,0.0,0.0,0.0,0.0,0.0
d0042_t019,frontier,gpt5,late,Data and Statistics,41.0,177.0,0.0,3.668214285714285,0.0,4.878048780487805,0.0,7.317073170731708,0.0,0.0,1.0,0.0,0.0,0.0
d0238_t021,frontier,gpt5,late,Geometry and Measure,29.0,90.0,0.0,1.1571052631578986,0.0,0.0,0.0,3.4482758620689653,0.0,0.2,0.0,0.0,0.0,0.0
d0091_t014,frontier,gpt5,late,Geometry and Measure,73.0,318.0,0.0,4.252413793103447,0.0,0.0,0.0,4.109589041095891,1.36986301369863,0.0,1.0,0.0,0.0,2.73972602739726
d0222_t019,frontier,gpt5,late,Algebra,59.0,157.0,0.0,4.026666666666667,0.0,0.0,0.0,3.389830508474576,0.0,0.0,0.0,0.0,0.0,0.0
d0093_t015,frontier,gpt5,late,Geometry and Measure,29.0,82.0,0.0,-0.1388888888888875,0.0,0.0,0.0,0.0,0.0,0.2,0.0,0.0,0.0,3.4482758620689653
d0020_t013,frontier,gpt5,late,Number,15.0,52.0,0.0,2.645454545454548,0.0,0.0,0.0,6.666666666666667,0.0,0.0,0.0,0.0,0.0,0.0
d0124_t013,frontier,gpt5,late,Number,35.0,129.0,0.0,2.766923076923078,0.0,2.857142857142857,0.0,5.714285714285714,0.0,0.0,0.0,0.0,1.0,2.857142857142857
d0009_t025,frontier,gpt5,late,Number,32.0,100.0,0.0,0.06380952380952642,0.0,0.0,0.0,3.125,3.125,0.0,1.0,0.0,0.0,0.0
d0315_t013,frontier,gpt5,late,Data and Statistics,61.0,288.0,0.0,8.123676470588236,0.0,0.0,0.0,3.278688524590164,0.0,0.15384615384615385,1.0,0.0,0.0,0.0
d0331_t033,frontier,gpt5,late,Number,52.0,143.0,0.0,1.405384615384616,0.0,0.0,1.9230769230769231,3.8461538461538463,0.0,0.0,0.0,0.0,0.0,1.9230769230769231
d0372_t013,frontier,gpt5,late,Algebra,20.0,58.0,0.0,2.5128571428571433,0.0,0.0,0.0,5.0,0.0,0.0,0.0,0.0,0.0,0.0
d0110_t017,frontier,gpt5,late,Number,80.0,310.0,0.0,5.089038461538461,1.25,0.0,0.0,3.75,1.25,0.0,1.0,0.0,0.0,1.25
d0136_t021,frontier,gpt5,late,Number,14.0,36.0,0.0,0.6257142857142846,0.0,0.0,0.0,0.0,0.0,0.0,0.0,0.0,1.0,0.0
d0267_t017,frontier,gpt5,late,Number,10.0,32.0,0.0,3.997142857142858,0.0,0.0,0.0,10.0,0.0,0.0,0.0,0.0,0.0,0.0
d0278_t050,frontier,gpt5,late,Number,28.0,98.0,0.0,6.085714285714285,0.0,0.0,0.0,7.142857142857143,0.0,0.0,0.0,0.0,0.0,3.5714285714285716
d0295_t019,frontier,gpt5,late,Number,19.0,63.0,0.0,4.003076923076925,0.0,0.0,0.0,5.2631578947368425,0.0,0.0,0.0,0.0,1.0,0.0
d0001_t020,frontier,gpt5,late,Algebra,8.0,28.0,0.0,0.5166666666666693,0.0,0.0,0.0,0.0,0.0,0.0,0.0,0.0,0.0,0.0
d0210_t019,frontier,gpt5,late,Algebra,30.0,95.0,0.0,1.0363636363636353,0.0,0.0,0.0,0.0,0.0,0.0,0.0,0.0,0.0,0.0
d0077_t027,frontier,gpt5,late,Number,20.0,72.0,0.0,2.4833333333333343,0.0,0.0,0.0,0.0,0.0,0.0,0.0,0.0,0.0,0.0
d0055_t017,frontier,gpt5,late,Geometry and Measure,48.0,174.0,0.0,3.3200000000000003,0.0,0.0,0.0,4.166666666666667,0.0,0.0,1.0,0.0,0.0,2.0833333333333335
d0217_t012,frontier,gpt5,late,Algebra,19.0,51.0,0.0,-1.6449999999999996,0.0,0.0,0.0,5.2631578947368425,0.0,0.0,0.0,0.0,0.0,0.0
d0289_t013,frontier,gpt5,late,Algebra,26.0,103.0,0.0,6.085714285714285,0.0,0.0,0.0,11.538461538461538,0.0,0.0,0.0,0.0,0.0,7.6923076923076925
d0258_t013,frontier,gpt5,late,Data and Statistics,28.0,103.0,0.0,6.71913043478261,0.0,0.0,0.0,0.0,0.0,0.0,0.0,0.0,0.0,0.0
d0291_t013,frontier,gpt5,late,Number,13.0,49.0,0.0,2.4700000000000024,0.0,0.0,0.0,0.0,0.0,0.0,0.0,0.0,0.0,0.0
d0240_t019,frontier,gpt5,late,Data and Statistics,34.0,102.0,0.0,1.6073529411764724,0.0,0.0,0.0,0.0,0.0,0.14285714285714285,0.0,5.882352941176471,0.0,0.0
d0086_t019,frontier,gpt5,late,Algebra,26.0,68.0,0.0,0.06750000000000256,0.0,0.0,0.0,0.0,0.0,0.25,0.0,0.0,0.0,0.0
d0060_t013,frontier,gpt5,late,Number,34.0,114.0,0.0,0.8760000000000048,0.0,2.9411764705882355,0.0,5.882352941176471,0.0,0.125,1.0,0.0,0.0,2.9411764705882355
d0130_t017,frontier,gpt5,late,Number,34.0,109.0,0.0,2.3649999999999984,0.0,0.0,0.0,5.882352941176471,0.0,0.0,0.0,0.0,0.0,0.0
d0117_t031,frontier,gpt5,late,Number,36.0,139.0,0.0,1.027685185185188,0.0,0.0,0.0,5.555555555555555,0.0,0.0,0.0,0.0,0.0,2.7777777777777777
d0259_t024,frontier,gpt5,late,Data and Statistics,18.0,63.0,0.0,4.420000000000002,0.0,0.0,0.0,0.0,0.0,0.0,0.0,0.0,0.0,0.0
d0037_t026,frontier,gpt5,late,Data and Statistics,25.0,82.0,0.0,-0.7944444444444443,0.0,0.0,4.0,4.0,0.0,0.0,0.0,0.0,0.0,0.0
d0372_t017,frontier,gpt5,late,Algebra,26.0,68.0,0.0,-0.47499999999999964,0.0,0.0,0.0,3.8461538461538463,0.0,0.0,0.0,0.0,0.0,0.0
d0379_t036,frontier,gpt5,late,Algebra,46.0,170.0,0.0,3.6897058823529427,0.0,2.1739130434782608,0.0,2.1739130434782608,0.0,0.2727272727272727,1.0,0.0,0.0,4.3478260869565215
d0162_t023,frontier,gpt5,late,Number,34.0,129.0,0.0,4.433636363636364,0.0,0.0,0.0,5.882352941176471,0.0,0.0,0.0,0.0,0.0,8.823529411764707
d0344_t019,frontier,gpt5,late,Algebra,26.0,86.0,0.0,6.310588235294119,0.0,0.0,0.0,0.0,0.0,0.0,0.0,0.0,0.0,0.0
d0027_t017,frontier,gpt5,late,Geometry and Measure,23.0,70.0,0.0,3.355714285714285,0.0,0.0,0.0,0.0,0.0,0.0,0.0,0.0,0.0,0.0
d0023_t019,frontier,gpt5,late,Number,51.0,168.0,0.0,0.7550806451612928,1.9607843137254901,0.0,0.0,1.9607843137254901,0.0,0.0,0.0,0.0,0.0,0.0
d0290_t012,frontier,gpt5,late,Algebra,19.0,48.0,0.0,0.5166666666666693,0.0,0.0,0.0,5.2631578947368425,0.0,0.0,0.0,0.0,0.0,0.0
d0153_t019,frontier,gpt5,late,Number,35.0,135.0,0.0,5.120172413793107,0.0,0.0,5.714285714285714,0.0,0.0,0.0,0.0,0.0,1.0,0.0
d0093_t017,frontier,gpt5,late,Geometry and Measure,14.0,31.0,0.0,-1.0599999999999987,0.0,0.0,0.0,0.0,0.0,0.0,0.0,0.0,1.0,0.0
d0223_t095,frontier,gpt5,late,Number,18.0,58.0,0.0,1.0500000000000007,0.0,0.0,0.0,0.0,0.0,0.0,0.0,0.0,1.0,11.11111111111111
d0243_t014,frontier,gpt5,late,Data and Statistics,22.0,63.0,0.0,-0.2171428571428553,0.0,0.0,0.0,4.545454545454546,0.0,0.25,0.0,0.0,0.0,0.0
d0279_t015,frontier,gpt5,late,Number,8.0,34.0,0.0,2.4833333333333343,0.0,0.0,0.0,0.0,0.0,0.0,0.0,0.0,1.0,25.0
d0054_t021,frontier,gpt5,late,Geometry and Measure,29.0,96.0,0.0,6.507777777777779,0.0,0.0,0.0,0.0,0.0,0.0,0.0,0.0,0.0,0.0
d0088_t027,frontier,gpt5,late,Algebra,40.0,127.0,0.0,2.3490740740740783,0.0,0.0,0.0,2.5,0.0,0.0,0.0,0.0,0.0,0.0
d0116_t012,frontier,gpt5,late,Number,21.0,59.0,0.0,-1.4499999999999993,0.0,0.0,0.0,0.0,0.0,0.0,0.0,0.0,0.0,0.0
d0094_t005,frontier,llama33_70b,early,Number,24.0,107.0,0.0,4.240000000000002,0.0,0.0,0.0,0.0,0.0,0.0,1.0,4.166666666666667,1.0,0.0
d0007_t003,frontier,llama33_70b,early,Number,34.0,123.0,0.0,4.003076923076925,0.0,2.9411764705882355,0.0,0.0,2.9411764705882355,0.0,0.0,0.0,0.0,0.0
d0270_t001,frontier,llama33_70b,early,Number,43.0,181.0,0.0,1.9825000000000017,0.0,0.0,0.0,2.3255813953488373,0.0,0.0,1.0,6.976744186046512,0.0,2.3255813953488373
d0065_t001,frontier,llama33_70b,early,Number,70.0,330.0,0.0,7.203387096774197,1.4285714285714286,0.0,0.0,2.857142857142857,0.0,0.125,1.0,4.285714285714286,0.0,0.0
d0068_t003,frontier,llama33_70b,early,Number,35.0,159.0,0.0,5.188387096774196,0.0,0.0,0.0,0.0,0.0,0.125,1.0,2.857142857142857,0.0,0.0
d0239_t002,frontier,llama33_70b,early,Geometry and Measure,40.0,179.0,0.0,6.935909090909089,0.0,0.0,0.0,2.5,0.0,0.0,1.0,5.0,0.0,5.0
d0301_t000,frontier,llama33_70b,early,Algebra,46.0,215.0,0.0,9.457777777777778,0.0,0.0,0.0,0.0,0.0,0.2,1.0,2.1739130434782608,0.0,0.0
d0314_t003,frontier,llama33_70b,early,Data and Statistics,55.0,271.0,0.0,9.707272727272727,0.0,0.0,0.0,0.0,0.0,0.08333333333333333,1.0,3.6363636363636362,0.0,0.0
d0150_t005,frontier,llama33_70b,early,Number,4.0,9.0,0.0,-3.01,0.0,0.0,0.0,0.0,0.0,0.0,0.0,25.0,0.0,0.0
d0165_t001,frontier,llama33_70b,early,Number,54.0,217.0,0.0,3.4193333333333342,1.8518518518518519,0.0,0.0,1.8518518518518519,0.0,0.3333333333333333,1.0,5.555555555555555,0.0,0.0
d0017_t013,frontier,llama33_70b,early,Number,1.0,3.0,0.0,-3.3999999999999986,0.0,0.0,0.0,0.0,0.0,0.0,0.0,0.0,0.0,0.0
d0160_t001,frontier,llama33_70b,early,Number,48.0,182.0,0.0,1.7310135135135134,2.0833333333333335,0.0,0.0,0.0,0.0,0.1111111111111111,1.0,6.25,0.0,0.0
d0117_t005,frontier,llama33_70b,early,Number,30.0,137.0,0.0,5.333000000000002,0.0,0.0,0.0,0.0,0.0,0.25,1.0,6.666666666666667,0.0,0.0
d0360_t001,frontier,llama33_70b,early,Number,51.0,256.0,0.0,7.609761904761903,0.0,0.0,0.0,1.9607843137254901,0.0,0.2222222222222222,1.0,5.882352941176471,0.0,3.9215686274509802
d0132_t005,frontier,llama33_70b,early,Number,12.0,48.0,0.0,0.5872222222222234,0.0,8.333333333333334,0.0,8.333333333333334,0.0,0.0,1.0,0.0,0.0,0.0
d0054_t005,frontier,llama33_70b,early,Geometry and Measure,33.0,129.0,0.0,4.097222222222225,6.0606060606060606,3.0303030303030303,0.0,3.0303030303030303,0.0,0.0,1.0,6.0606060606060606,0.0,0.0
d0122_t004,frontier,llama33_70b,early,Number,55.0,224.0,0.0,3.3031382978723443,0.0,0.0,1.8181818181818181,5.454545454545454,0.0,0.25,1.0,3.6363636363636362,0.0,0.0
d0319_t001,frontier,llama33_70b,early,Number,40.0,149.0,0.0,3.3200000000000003,2.5,0.0,0.0,2.5,0.0,0.0,1.0,5.0,0.0,0.0
d0253_t002,frontier,llama33_70b,early,Number,45.0,198.0,0.0,5.186842105263157,0.0,0.0,0.0,0.0,0.0,0.0,1.0,2.2222222222222223,0.0,0.0
d0092_t003,frontier,llama33_70b,early,Geometry and Measure,31.0,138.0,0.0,5.364615384615387,0.0,0.0,0.0,3.225806451612903,0.0,0.0,1.0,3.225806451612903,0.0,0.0
d0279_t005,frontier,llama33_70b,early,Number,56.0,219.0,0.0,3.7181818181818187,1.7857142857142858,1.7857142857142858,0.0,3.5714285714285716,0.0,0.2,1.0,5.357142857142857,0.0,0.0
d0267_t003,frontier,llama33_70b,early,Number,27.0,112.0,0.0,3.7181818181818187,0.0,0.0,0.0,0.0,0.0,0.0,1.0,7.407407407407407,0.0,0.0
d0284_t005,frontier,llama33_70b,early,Number,25.0,98.0,0.0,1.2154545454545485,0.0,0.0,0.0,12.0,0.0,0.0,1.0,0.0,1.0,0.0
d0186_t001,frontier,llama33_70b,early,Number,45.0,191.0,0.0,2.2851891891891896,0.0,0.0,0.0,2.2222222222222223,0.0,0.0,1.0,6.666666666666667,0.0,0.0
d0070_t005,frontier,llama33_70b,early,Number,35.0,156.0,0.0,3.642068965517243,2.857142857142857,0.0,0.0,2.857142857142857,0.0,0.5,1.0,5.714285714285714,0.0,2.857142857142857
d0131_t010,frontier,llama33_70b,early,Number,7.0,20.0,0.0,0.5199999999999996,0.0,0.0,0.0,0.0,0.0,0.0,0.0,0.0,1.0,0.0
d0034_t002,frontier,llama33_70b,early,Data and Statistics,50.0,198.0,0.0,3.0381410256410284,0.0,0.0,0.0,4.0,0.0,0.0,1.0,4.0,0.0,2.0
d0201_t003,frontier,llama33_70b,early,Number,16.0,62.0,0.0,1.468076923076925,0.0,6.25,0.0,6.25,0.0,0.0,1.0,0.0,0.0,0.0
d0131_t004,frontier,llama33_70b,early,Number,30.0,127.0,0.0,5.818461538461541,0.0,3.3333333333333335,0.0,6.666666666666667,0.0,0.0,1.0,0.0,0.0,3.3333333333333335
d0067_t003,frontier,llama33_70b,early,Number,36.0,174.0,0.0,8.023703703703706,0.0,5.555555555555555,0.0,5.555555555555555,0.0,0.5,1.0,2.7777777777777777,1.0,5.555555555555555
d0372_t001,frontier,llama33_70b,early,Algebra,70.0,322.0,0.0,4.612000000000002,1.4285714285714286,0.0,0.0,0.0,1.4285714285714286,0.08333333333333333,1.0,7.142857142857143,0.0,0.0
d0027_t005,frontier,llama33_70b,early,Geometry and Measure,11.0,55.0,0.0,10.73,0.0,0.0,0.0,9.090909090909092,0.0,0.0,0.0,0.0,0.0,9.090909090909092
d0321_t002,frontier,llama33_70b,early,Algebra,60.0,254.0,0.0,5.055277777777778,0.0,0.0,0.0,3.3333333333333335,1.6666666666666667,0.1111111111111111,1.0,3.3333333333333335,0.0,0.0
d0126_t002,frontier,llama33_70b,early,Number,43.0,191.0,0.0,2.049932432432435,0.0,0.0,0.0,0.0,0.0,0.25,1.0,4.651162790697675,0.0,0.0
d0367_t005,frontier,llama33_70b,early,Number,37.0,166.0,0.0,6.442096774193548,0.0,0.0,0.0,0.0,0.0,0.16666666666666666,1.0,5.405405405405405,0.0,2.7027027027027026
d0182_t003,frontier,llama33_70b,early,Number,59.0,258.0,0.0,4.897276595744682,1.694915254237288,5.084745762711864,0.0,3.389830508474576,0.0,0.0,1.0,1.694915254237288,0.0,1.694915254237288
d0031_t005,frontier,llama33_70b,early,Number,57.0,256.0,0.0,2.056000000000001,0.0,0.0,1.7543859649122806,1.7543859649122806,0.0,0.0,1.0,3.508771929824561,0.0,5.2631578947368425
d0176_t003,frontier,llama33_70b,early,Number,39.0,178.0,0.0,3.79006060606061,2.5641025641025643,0.0,0.0,5.128205128205129,0.0,0.4,1.0,5.128205128205129,0.0,0.0
d0071_t002,frontier,llama33_70b,early,Number,41.0,174.0,0.0,4.447647058823531,0.0,0.0,0.0,2.4390243902439024,0.0,0.4,1.0,4.878048780487805,0.0,2.4390243902439024
d0302_t003,frontier,llama33_70b,early,Geometry and Measure,52.0,212.0,0.0,3.895555555555557,1.9230769230769231,0.0,0.0,0.0,0.0,0.0,1.0,3.8461538461538463,0.0,1.9230769230769231
d0011_t000,frontier,llama33_70b,early,Number,65.0,292.0,0.0,3.4583333333333357,1.5384615384615385,0.0,1.5384615384615385,1.5384615384615385,0.0,0.0,1.0,4.615384615384615,0.0,0.0
d0211_t006,frontier,llama33_70b,early,Algebra,32.0,127.0,0.0,4.306379310344827,3.125,0.0,0.0,6.25,0.0,0.25,1.0,0.0,0.0,0.0
d0158_t002,frontier,llama33_70b,early,Number,39.0,173.0,0.0,4.433333333333334,0.0,0.0,0.0,0.0,0.0,0.0,1.0,7.6923076923076925,0.0,2.5641025641025643
d0223_t035,frontier,llama33_70b,early,Number,62.0,237.0,0.0,5.33276595744681,1.6129032258064515,0.0,0.0,1.6129032258064515,0.0,0.14285714285714285,1.0,4.838709677419355,0.0,0.0
d0072_t001,frontier,llama33_70b,early,Number,46.0,202.0,0.0,3.653333333333336,2.1739130434782608,0.0,0.0,2.1739130434782608,0.0,0.2857142857142857,1.0,8.695652173913043,0.0,0.0
d0376_t003,frontier,llama33_70b,early,Algebra,22.0,82.0,0.0,1.1571052631578986,0.0,0.0,0.0,4.545454545454546,0.0,0.5,1.0,0.0,0.0,0.0
d0005_t003,frontier,llama33_70b,early,Number,47.0,197.0,0.0,5.932948717948719,2.127659574468085,0.0,0.0,2.127659574468085,6.382978723404255,0.0,1.0,2.127659574468085,0.0,2.127659574468085
d0355_t003,frontier,llama33_70b,early,Number,18.0,64.0,0.0,2.8466666666666676,0.0,0.0,0.0,0.0,11.11111111111111,0.0,1.0,0.0,0.0,0.0
d0172_t007,frontier,llama33_70b,early,Number,39.0,151.0,0.0,5.0312500000000036,2.5641025641025643,0.0,0.0,2.5641025641025643,0.0,0.0,1.0,7.6923076923076925,0.0,2.5641025641025643
d0071_t008,frontier,llama33_70b,early,Number,28.0,102.0,0.0,3.0202631578947354,0.0,3.5714285714285716,0.0,3.5714285714285716,0.0,0.0,1.0,3.5714285714285716,0.0,0.0
d0329_t007,frontier,llama33_70b,early,Number,39.0,139.0,0.0,4.538870967741939,2.5641025641025643,0.0,0.0,2.5641025641025643,2.5641025641025643,1.0,1.0,2.5641025641025643,0.0,0.0
d0158_t000,frontier,llama33_70b,early,Number,53.0,222.0,0.0,5.33276595744681,3.7735849056603774,0.0,0.0,3.7735849056603774,0.0,0.14285714285714285,1.0,3.7735849056603774,0.0,3.7735849056603774
d0169_t001,frontier,llama33_70b,early,Number,26.0,93.0,0.0,0.502352941176472,0.0,0.0,0.0,0.0,0.0,0.0,1.0,7.6923076923076925,0.0,0.0
d0214_t003,frontier,llama33_70b,early,Algebra,51.0,215.0,0.0,5.093023255813957,1.9607843137254901,0.0,0.0,0.0,0.0,0.0,1.0,7.8431372549019605,0.0,1.9607843137254901
d0258_t001,frontier,llama33_70b,early,Data and Statistics,15.0,54.0,0.0,2.5128571428571433,0.0,0.0,0.0,0.0,0.0,0.0,0.0,0.0,0.0,0.0
d0081_t005,frontier,llama33_70b,early,Algebra,43.0,162.0,0.0,4.1005882352941185,0.0,0.0,0.0,4.651162790697675,0.0,0.2,1.0,0.0,0.0,0.0
d0031_t009,frontier,llama33_70b,early,Number,1.0,4.0,0.0,-3.3999999999999986,0.0,0.0,0.0,0.0,0.0,0.0,0.0,0.0,0.0,0.0
d0088_t009,frontier,llama33_70b,early,Algebra,1.0,2.0,0.0,-3.3999999999999986,0.0,0.0,0.0,0.0,0.0,0.0,0.0,0.0,0.0,0.0
d0211_t004,frontier,llama33_70b,early,Algebra,42.0,145.0,0.0,1.85923076923077,0.0,0.0,0.0,0.0,0.0,0.1111111111111111,1.0,4.761904761904762,0.0,0.0
d0291_t001,frontier,llama33_70b,early,Number,44.0,206.0,0.0,6.2212121212121225,0.0,0.0,0.0,2.272727272727273,0.0,0.25,1.0,4.545454545454546,0.0,0.0
d0206_t003,frontier,llama33_70b,early,Algebra,35.0,150.0,0.0,5.680806451612906,0.0,0.0,0.0,5.714285714285714,0.0,0.0,1.0,2.857142857142857,1.0,0.0
d0129_t003,frontier,llama33_70b,early,Number,37.0,147.0,0.0,2.5238709677419386,5.405405405405405,0.0,0.0,2.7027027027027026,0.0,0.3333333333333333,1.0,2.7027027027027026,0.0,0.0
d0289_t003,frontier,llama33_70b,early,Algebra,26.0,80.0,0.0,1.2900000000000027,0.0,3.8461538461538463,3.8461538461538463,0.0,3.8461538461538463,0.0,1.0,0.0,0.0,0.0
d0260_t001,frontier,llama33_70b,early,Data and Statistics,58.0,264.0,0.0,6.079215686274509,0.0,0.0,0.0,0.0,1.7241379310344827,0.0,1.0,3.4482758620689653,0.0,0.0
d0029_t001,frontier,llama33_70b,early,Geometry and Measure,65.0,290.0,0.0,3.968280701754388,0.0,0.0,0.0,4.615384615384615,0.0,0.15384615384615385,1.0,1.5384615384615385,0.0,0.0
d0129_t001,frontier,llama33_70b,early,Number,28.0,141.0,0.0,7.8776086956521745,0.0,0.0,0.0,0.0,0.0,0.25,0.0,3.5714285714285716,0.0,3.5714285714285716
d0328_t001,frontier,llama33_70b,early,Number,27.0,121.0,0.0,5.863636363636363,0.0,0.0,0.0,0.0,0.0,0.0,1.0,7.407407407407407,0.0,0.0
d0290_t004,frontier,llama33_70b,early,Algebra,15.0,44.0,0.0,-0.7238888888888866,0.0,6.666666666666667,0.0,0.0,0.0,0.3333333333333333,1.0,0.0,0.0,0.0
d0070_t007,frontier,llama33_70b,early,Number,57.0,273.0,0.0,6.790000000000003,1.7543859649122806,1.7543859649122806,0.0,0.0,0.0,0.2222222222222222,1.0,5.2631578947368425,0.0,1.7543859649122806
d0309_t002,frontier,llama33_70b,early,Data and Statistics,43.0,197.0,0.0,5.806666666666668,0.0,2.3255813953488373,0.0,0.0,0.0,0.1111111111111111,1.0,6.976744186046512,0.0,2.3255813953488373
d0045_t004,frontier,llama33_70b,early,Number,22.0,95.0,0.0,4.262368421052631,0.0,0.0,0.0,4.545454545454546,0.0,0.5,1.0,4.545454545454546,0.0,0.0
d0314_t001,frontier,llama33_70b,early,Data and Statistics,30.0,133.0,0.0,5.805,0.0,0.0,0.0,0.0,0.0,0.0,1.0,6.666666666666667,0.0,0.0
d0170_t001,frontier,llama33_70b,early,Number,64.0,256.0,0.0,3.1288888888888913,0.0,0.0,0.0,4.6875,0.0,0.1,1.0,3.125,0.0,0.0
d0326_t001,frontier,llama33_70b,early,Number,88.0,302.0,0.0,5.1125454545454545,0.0,0.0,0.0,4.545454545454546,0.0,0.0,1.0,0.0,0.0,3.409090909090909
d0300_t001,frontier,llama33_70b,early,Number,47.0,183.0,0.0,2.648529411764706,0.0,0.0,0.0,0.0,0.0,0.0,1.0,6.382978723404255,0.0,2.127659574468085
d0123_t005,frontier,llama33_70b,early,Number,12.0,48.0,0.0,4.830000000000002,0.0,0.0,0.0,0.0,8.333333333333334,0.0,0.0,0.0,0.0,0.0
d0049_t001,frontier,llama33_70b,early,Geometry and Measure,48.0,191.0,0.0,5.186842105263157,0.0,0.0,0.0,2.0833333333333335,0.0,0.09090909090909091,1.0,2.0833333333333335,0.0,0.0
d0221_t009,frontier,llama33_70b,early,Algebra,20.0,73.0,0.0,2.280000000000001,0.0,5.0,0.0,5.0,0.0,0.0,1.0,5.0,0.0,0.0
d0331_t003,frontier,llama33_70b,early,Number,52.0,187.0,0.0,5.016785714285717,1.9230769230769231,0.0,0.0,7.6923076923076925,0.0,0.5,1.0,5.769230769230769,0.0,1.9230769230769231
d0185_t003,frontier,llama33_70b,early,Number,37.0,148.0,0.0,2.076666666666668,2.7027027027027026,0.0,2.7027027027027026,0.0,2.7027027027027026,0.0,1.0,5.405405405405405,0.0,2.7027027027027026
d0333_t001,frontier,llama33_70b,early,Number,46.0,199.0,0.0,3.0381410256410284,0.0,0.0,0.0,2.1739130434782608,0.0,0.0,1.0,6.521739130434782,0.0,4.3478260869565215
d0360_t003,frontier,llama33_70b,early,Number,26.0,117.0,0.0,6.244761904761905,0.0,0.0,0.0,0.0,0.0,0.2,1.0,7.6923076923076925,0.0,3.8461538461538463
d0192_t003,frontier,llama33_70b,early,Number,59.0,287.0,0.0,6.4992307692307705,0.0,0.0,0.0,1.694915254237288,0.0,0.2727272727272727,1.0,5.084745762711864,0.0,0.0
d0025_t001,frontier,llama33_70b,early,Geometry and Measure,41.0,184.0,0.0,4.131428571428572,0.0,2.4390243902439024,0.0,0.0,0.0,0.3333333333333333,1.0,4.878048780487805,0.0,2.4390243902439024
d0221_t005,frontier,llama33_70b,early,Algebra,14.0,51.0,0.0,0.5,0.0,7.142857142857143,0.0,0.0,0.0,0.0,0.0,14.285714285714286,1.0,0.0
d0079_t003,frontier,llama33_70b,early,Number,64.0,243.0,0.0,3.9170000000000016,0.0,3.125,0.0,1.5625,0.0,0.0,1.0,9.375,0.0,0.0
d0080_t009,frontier,llama33_70b,early,Number,6.0,13.0,0.0,-2.619999999999999,0.0,0.0,0.0,0.0,0.0,0.0,0.0,0.0,0.0,0.0
d0015_t005,frontier,llama33_70b,early,Geometry and Measure,1.0,5.0,0.0,-3.3999999999999986,0.0,0.0,0.0,0.0,0.0,0.0,0.0,0.0,0.0,0.0
d0072_t005,frontier,llama33_70b,early,Number,38.0,148.0,0.0,4.057500000000001,0.0,0.0,0.0,7.894736842105263,0.0,0.3333333333333333,1.0,0.0,0.0,2.6315789473684212
d0248_t007,frontier,llama33_70b,early,Number,32.0,144.0,0.0,5.845370370370372,0.0,3.125,3.125,0.0,0.0,0.25,1.0,3.125,1.0,0.0
d0105_t005,frontier,llama33_70b,early,Geometry and Measure,32.0,129.0,0.0,6.298333333333332,0.0,0.0,0.0,3.125,0.0,0.0,1.0,0.0,0.0,0.0
d0221_t007,frontier,llama33_70b,early,Algebra,35.0,145.0,0.0,3.633333333333333,0.0,0.0,0.0,0.0,0.0,0.14285714285714285,1.0,2.857142857142857,0.0,0.0
d0347_t003,frontier,llama33_70b,early,Number,34.0,99.0,0.0,0.37555555555555564,0.0,0.0,0.0,2.9411764705882355,0.0,0.0,1.0,0.0,0.0,0.0
d0161_t001,frontier,llama33_70b,early,Number,18.0,68.0,0.0,1.5,0.0,0.0,0.0,0.0,0.0,0.0,1.0,11.11111111111111,0.0,0.0
d0290_t002,frontier,llama33_70b,early,Algebra,48.0,203.0,0.0,4.572894736842105,0.0,0.0,0.0,0.0,0.0,0.14285714285714285,1.0,6.25,0.0,2.0833333333333335
d0235_t003,frontier,llama33_70b,early,Algebra,38.0,155.0,0.0,0.5002272727272725,5.2631578947368425,0.0,0.0,5.2631578947368425,0.0,0.0,1.0,5.2631578947368425,0.0,2.6315789473684212
d0368_t000,frontier,llama33_70b,early,Number,36.0,178.0,0.0,7.293484848484848,0.0,0.0,0.0,5.555555555555555,0.0,0.0,1.0,2.7777777777777777,0.0,5.555555555555555
d0247_t003,frontier,llama33_70b,early,Number,38.0,135.0,0.0,4.534259259259262,2.6315789473684212,2.6315789473684212,0.0,7.894736842105263,0.0,0.0,1.0,7.894736842105263,0.0,5.2631578947368425
d0047_t001,frontier,llama33_70b,early,Geometry and Measure,65.0,280.0,0.0,5.884285714285717,0.0,0.0,0.0,0.0,0.0,0.0,1.0,4.615384615384615,0.0,0.0
d0136_t015,frontier,llama33_70b,middle,Number,30.0,109.0,0.0,2.764000000000003,0.0,0.0,0.0,0.0,0.0,0.0,1.0,3.3333333333333335,0.0,3.3333333333333335
d0294_t013,frontier,llama33_70b,middle,Number,58.0,179.0,0.0,1.6465243902439042,1.7241379310344827,1.7241379310344827,0.0,3.4482758620689653,0.0,0.0,1.0,1.7241379310344827,0.0,1.7241379310344827
d0201_t011,frontier,llama33_70b,middle,Number,37.0,130.0,0.0,3.549230769230771,2.7027027027027026,0.0,0.0,2.7027027027027026,5.405405405405405,0.0,1.0,2.7027027027027026,0.0,2.7027027027027026
d0324_t020,frontier,llama33_70b,middle,Algebra,18.0,65.0,0.0,3.9250000000000007,0.0,0.0,0.0,0.0,0.0,0.0,1.0,0.0,1.0,0.0
d0333_t009,frontier,llama33_70b,middle,Number,17.0,48.0,0.0,0.8900000000000006,0.0,0.0,0.0,17.647058823529413,5.882352941176471,0.0,1.0,5.882352941176471,1.0,0.0
d0093_t011,frontier,llama33_70b,middle,Geometry and Measure,17.0,51.0,0.0,-2.4899999999999984,0.0,0.0,0.0,5.882352941176471,5.882352941176471,0.0,1.0,11.764705882352942,1.0,0.0
d0255_t031,frontier,llama33_70b,middle,Geometry and Measure,44.0,172.0,0.0,3.323684210526313,2.272727272727273,0.0,0.0,4.545454545454546,0.0,0.0,1.0,4.545454545454546,0.0,0.0
d0238_t009,frontier,llama33_70b,middle,Geometry and Measure,55.0,207.0,0.0,2.0478191489361706,1.8181818181818181,0.0,1.8181818181818181,0.0,1.8181818181818181,0.0,1.0,3.6363636363636362,0.0,0.0
d0223_t051,frontier,llama33_70b,middle,Number,22.0,77.0,0.0,4.420000000000002,4.545454545454546,0.0,0.0,9.090909090909092,0.0,0.0,1.0,0.0,0.0,0.0
d0271_t005,frontier,llama33_70b,middle,Number,8.0,28.0,0.0,2.3114285714285714,0.0,0.0,0.0,12.5,0.0,0.0,0.0,0.0,0.0,12.5
d0139_t005,frontier,llama33_70b,middle,Number,16.0,72.0,0.0,3.4666666666666686,6.25,6.25,0.0,0.0,0.0,0.0,1.0,0.0,1.0,0.0
d0195_t005,frontier,llama33_70b,middle,Number,14.0,43.0,0.0,1.0311111111111124,0.0,0.0,0.0,0.0,0.0,0.0,1.0,7.142857142857143,0.0,0.0
d0227_t012,frontier,llama33_70b,middle,Algebra,21.0,60.0,0.0,-1.0599999999999987,0.0,0.0,0.0,4.761904761904762,4.761904761904762,0.0,1.0,0.0,1.0,0.0
d0232_t007,frontier,llama33_70b,middle,Data and Statistics,30.0,112.0,0.0,1.788333333333334,0.0,3.3333333333333335,0.0,6.666666666666667,0.0,0.0,1.0,0.0,0.0,0.0
d0246_t011,frontier,llama33_70b,middle,Geometry and Measure,58.0,222.0,0.0,4.029782608695651,1.7241379310344827,0.0,0.0,3.4482758620689653,0.0,0.0,1.0,6.896551724137931,0.0,0.0
d0086_t015,frontier,llama33_70b,middle,Algebra,33.0,108.0,0.0,2.934285714285714,0.0,3.0303030303030303,0.0,12.121212121212121,0.0,0.5,0.0,0.0,0.0,0.0
d0162_t003,frontier,llama33_70b,early,Number,48.0,199.0,0.0,0.22338414634146275,2.0833333333333335,4.166666666666667,0.0,8.333333333333334,0.0,0.0,1.0,0.0,0.0,0.0
d0246_t007,frontier,llama33_70b,middle,Geometry and Measure,36.0,120.0,0.0,10.434615384615388,0.0,0.0,0.0,0.0,5.555555555555555,0.0,1.0,5.555555555555555,1.0,0.0
d0005_t009,frontier,llama33_70b,middle,Number,18.0,63.0,0.0,-0.2171428571428553,0.0,0.0,0.0,5.555555555555555,16.666666666666668,0.0,1.0,0.0,0.0,0.0
d0176_t009,frontier,llama33_70b,middle,Number,30.0,115.0,0.0,3.069891304347827,3.3333333333333335,0.0,0.0,10.0,0.0,0.0,1.0,3.3333333333333335,0.0,3.3333333333333335
d0374_t015,frontier,llama33_70b,middle,Algebra,57.0,214.0,0.0,3.4819444444444443,3.508771929824561,0.0,0.0,5.2631578947368425,0.0,0.0,1.0,5.2631578947368425,0.0,0.0
d0296_t023,frontier,llama33_70b,middle,Number,2.0,6.0,0.0,-3.01,0.0,0.0,0.0,0.0,0.0,0.0,0.0,0.0,1.0,0.0
d0316_t009,frontier,llama33_70b,middle,Data and Statistics,44.0,199.0,0.0,8.527702702702705,2.272727272727273,0.0,0.0,0.0,0.0,0.0,1.0,6.818181818181818,0.0,2.272727272727273
d0203_t009,frontier,llama33_70b,middle,Algebra,46.0,176.0,0.0,1.182142857142857,2.1739130434782608,0.0,0.0,2.1739130434782608,2.1739130434782608,0.0,1.0,2.1739130434782608,0.0,2.1739130434782608
d0236_t009,frontier,llama33_70b,middle,Data and Statistics,31.0,122.0,0.0,1.3480000000000025,0.0,0.0,0.0,6.451612903225806,3.225806451612903,0.0,1.0,0.0,0.0,0.0
d0140_t011,frontier,llama33_70b,middle,Number,6.0,23.0,0.0,2.4833333333333343,0.0,0.0,0.0,16.666666666666668,0.0,0.0,0.0,0.0,1.0,0.0
d0183_t013,frontier,llama33_70b,middle,Number,13.0,75.0,0.0,12.3,0.0,0.0,0.0,0.0,0.0,0.0,0.0,0.0,1.0,7.6923076923076925
d0294_t015,frontier,llama33_70b,middle,Number,70.0,221.0,0.0,2.187692307692309,1.4285714285714286,0.0,0.0,7.142857142857143,0.0,0.0,1.0,0.0,0.0,0.0
d0250_t007,frontier,llama33_70b,middle,Number,23.0,76.0,0.0,2.342222222222226,0.0,0.0,0.0,13.043478260869565,0.0,0.0,1.0,0.0,0.0,4.3478260869565215
d0230_t011,frontier,llama33_70b,middle,Data and Statistics,20.0,72.0,0.0,3.9250000000000007,0.0,0.0,0.0,10.0,0.0,0.0,0.0,0.0,0.0,0.0
d0293_t015,frontier,llama33_70b,middle,Number,36.0,142.0,0.0,2.4833333333333343,2.7777777777777777,0.0,0.0,2.7777777777777777,0.0,0.2,1.0,0.0,0.0,0.0
d0112_t005,frontier,llama33_70b,middle,Number,16.0,56.0,0.0,2.8566666666666656,0.0,0.0,0.0,6.25,0.0,0.0,0.0,0.0,0.0,0.0
d0041_t015,frontier,llama33_70b,middle,Data and Statistics,27.0,98.0,0.0,1.778157894736843,0.0,0.0,0.0,0.0,3.7037037037037037,0.0,1.0,11.11111111111111,0.0,0.0
d0221_t015,frontier,llama33_70b,middle,Algebra,56.0,206.0,0.0,1.2105116279069783,1.7857142857142858,1.7857142857142858,0.0,0.0,1.7857142857142858,0.0,1.0,3.5714285714285716,0.0,0.0
d0369_t009,frontier,llama33_70b,middle,Data and Statistics,37.0,155.0,0.0,4.862758620689654,0.0,0.0,0.0,5.405405405405405,0.0,0.0,1.0,2.7027027027027026,0.0,2.7027027027027026
d0272_t019,frontier,llama33_70b,middle,Number,6.0,24.0,0.0,0.7199999999999989,0.0,0.0,0.0,0.0,0.0,0.0,1.0,16.666666666666668,0.0,0.0
d0137_t011,frontier,llama33_70b,middle,Number,2.0,7.0,0.0,-3.01,0.0,0.0,0.0,0.0,0.0,0.0,0.0,0.0,1.0,0.0
d0203_t011,frontier,llama33_70b,middle,Algebra,50.0,187.0,0.0,1.0095135135135145,2.0,0.0,0.0,4.0,2.0,0.0,1.0,2.0,0.0,2.0
d0078_t006,frontier,llama33_70b,middle,Number,13.0,34.0,0.0,-2.2299999999999986,0.0,7.6923076923076925,0.0,7.6923076923076925,0.0,0.0,1.0,0.0,1.0,0.0
d0021_t013,frontier,llama33_70b,middle,Number,40.0,177.0,0.0,4.790909090909089,0.0,0.0,0.0,5.0,0.0,0.0,1.0,0.0,0.0,0.0
d0280_t009,frontier,llama33_70b,middle,Number,154.0,631.0,0.0,4.081066666666668,0.6493506493506493,0.0,0.0,2.5974025974025974,2.5974025974025974,0.0,1.0,1.948051948051948,0.0,0.0
d0277_t011,frontier,llama33_70b,middle,Number,1.0,3.0,0.0,-3.3999999999999986,0.0,0.0,0.0,0.0,0.0,0.0,0.0,0.0,0.0,0.0
d0068_t015,frontier,llama33_70b,middle,Number,6.0,24.0,0.0,3.6700000000000017,0.0,0.0,0.0,0.0,0.0,0.0,0.0,16.666666666666668,1.0,0.0
d0263_t009,frontier,llama33_70b,middle,Number,15.0,57.0,0.0,3.355714285714285,0.0,0.0,0.0,0.0,13.333333333333334,0.0,0.0,0.0,1.0,0.0
d0284_t023,frontier,llama33_70b,middle,Number,9.0,35.0,0.0,2.280000000000001,11.11111111111111,0.0,0.0,0.0,11.11111111111111,0.0,1.0,0.0,0.0,0.0
d0150_t011,frontier,llama33_70b,middle,Number,1.0,1.0,0.0,-3.3999999999999986,0.0,0.0,0.0,0.0,0.0,0.0,0.0,0.0,0.0,0.0
d0048_t013,frontier,llama33_70b,middle,Geometry and Measure,40.0,175.0,0.0,7.570945945945947,0.0,0.0,0.0,7.5,0.0,0.0,1.0,0.0,0.0,0.0
d0341_t016,frontier,llama33_70b,middle,Number,49.0,240.0,0.0,7.837209302325583,4.081632653061225,0.0,0.0,4.081632653061225,0.0,0.2857142857142857,1.0,4.081632653061225,0.0,2.0408163265306123
d0039_t028,frontier,llama33_70b,middle,Algebra,23.0,68.0,0.0,-0.07789473684210435,0.0,0.0,0.0,13.043478260869565,0.0,0.0,1.0,0.0,1.0,0.0
d0346_t013,frontier,llama33_70b,middle,Number,85.0,310.0,0.0,2.6134615384615394,2.3529411764705883,1.1764705882352942,0.0,2.3529411764705883,0.0,0.0,1.0,2.3529411764705883,0.0,0.0
d0047_t011,frontier,llama33_70b,middle,Geometry and Measure,29.0,115.0,0.0,3.7550000000000026,0.0,0.0,0.0,10.344827586206897,0.0,0.0,1.0,0.0,0.0,0.0
d0264_t007,frontier,llama33_70b,middle,Number,18.0,63.0,0.0,0.7083333333333321,0.0,0.0,0.0,0.0,0.0,0.0,1.0,0.0,0.0,0.0
d0272_t027,frontier,llama33_70b,middle,Number,28.0,99.0,0.0,-0.178333333333331,3.5714285714285716,0.0,0.0,3.5714285714285716,3.5714285714285716,0.0,1.0,0.0,0.0,0.0
d0348_t014,frontier,llama33_70b,middle,Number,40.0,160.0,0.0,1.8900000000000006,0.0,0.0,0.0,0.0,0.0,0.0,1.0,0.0,0.0,0.0
d0270_t013,frontier,llama33_70b,middle,Number,22.0,99.0,0.0,1.1964705882352966,4.545454545454546,0.0,0.0,4.545454545454546,0.0,0.0,1.0,4.545454545454546,0.0,0.0
d0143_t012,frontier,llama33_70b,middle,Number,30.0,82.0,0.0,4.400000000000002,0.0,0.0,0.0,10.0,3.3333333333333335,0.0,1.0,3.3333333333333335,1.0,0.0
d0378_t005,frontier,llama33_70b,middle,Algebra,56.0,222.0,0.0,4.420000000000002,0.0,1.7857142857142858,0.0,3.5714285714285716,0.0,0.125,1.0,1.7857142857142858,0.0,1.7857142857142858
d0305_t010,frontier,llama33_70b,middle,Number,26.0,77.0,0.0,-0.1388888888888875,0.0,0.0,0.0,0.0,3.8461538461538463,0.0,1.0,0.0,0.0,0.0
d0023_t009,frontier,llama33_70b,middle,Number,64.0,246.0,0.0,-0.3522256097560952,0.0,0.0,1.5625,1.5625,0.0,0.0,1.0,1.5625,0.0,0.0
d0360_t011,frontier,llama33_70b,middle,Number,1.0,2.0,0.0,-3.3999999999999986,0.0,0.0,0.0,0.0,0.0,0.0,0.0,0.0,0.0,0.0
d0192_t015,frontier,llama33_70b,middle,Number,37.0,171.0,0.0,6.506250000000001,2.7027027027027026,0.0,0.0,0.0,0.0,0.3333333333333333,1.0,2.7027027027027026,1.0,2.7027027027027026
d0122_t012,frontier,llama33_70b,middle,Number,29.0,99.0,0.0,0.6257142857142846,3.4482758620689653,0.0,0.0,10.344827586206897,0.0,0.25,1.0,0.0,0.0,0.0
d0174_t007,frontier,llama33_70b,middle,Number,30.0,129.0,0.0,8.488148148148152,0.0,0.0,0.0,10.0,0.0,0.0,1.0,0.0,0.0,0.0
d0018_t009,frontier,llama33_70b,middle,Number,31.0,114.0,0.0,1.0083333333333329,3.225806451612903,0.0,0.0,3.225806451612903,0.0,0.0,1.0,0.0,0.0,3.225806451612903
d0076_t007,frontier,llama33_70b,middle,Number,35.0,124.0,0.0,0.6257142857142846,0.0,2.857142857142857,0.0,8.571428571428571,0.0,0.0,1.0,0.0,1.0,5.714285714285714
d0279_t009,frontier,llama33_70b,middle,Number,21.0,91.0,0.0,3.641315789473687,0.0,0.0,0.0,9.523809523809524,0.0,0.0,1.0,0.0,0.0,0.0
d0210_t011,frontier,llama33_70b,middle,Algebra,41.0,154.0,0.0,4.86888888888889,2.4390243902439024,0.0,0.0,2.4390243902439024,2.4390243902439024,0.0,1.0,2.4390243902439024,0.0,0.0
d0360_t007,frontier,llama33_70b,middle,Number,1.0,3.0,0.0,-3.3999999999999986,0.0,0.0,0.0,0.0,0.0,0.0,0.0,0.0,0.0,0.0
d0248_t029,frontier,llama33_70b,middle,Number,1.0,3.0,0.0,-3.3999999999999986,0.0,0.0,0.0,0.0,0.0,0.0,0.0,0.0,0.0,0.0
d0123_t007,frontier,llama33_70b,middle,Number,1.0,3.0,0.0,-3.3999999999999986,0.0,0.0,0.0,0.0,0.0,0.0,0.0,0.0,0.0,0.0
d0293_t009,frontier,llama33_70b,middle,Number,54.0,229.0,0.0,3.80526595744681,3.7037037037037037,0.0,0.0,5.555555555555555,0.0,0.0,1.0,5.555555555555555,0.0,0.0
d0340_t009,frontier,llama33_70b,middle,Number,28.0,102.0,0.0,-0.5722727272727273,3.5714285714285716,0.0,0.0,7.142857142857143,0.0,0.0,1.0,0.0,0.0,0.0
d0168_t012,frontier,llama33_70b,middle,Number,54.0,210.0,0.0,2.8635714285714293,0.0,0.0,0.0,3.7037037037037037,0.0,0.14285714285714285,1.0,5.555555555555555,0.0,1.8518518518518519
d0296_t013,frontier,llama33_70b,middle,Number,49.0,195.0,0.0,7.0830487804878075,2.0408163265306123,0.0,0.0,4.081632653061225,4.081632653061225,0.0,1.0,2.0408163265306123,0.0,0.0
d0105_t011,frontier,llama33_70b,middle,Geometry and Measure,48.0,153.0,0.0,1.8851282051282077,0.0,0.0,0.0,12.5,0.0,0.0,1.0,0.0,0.0,0.0
d0100_t021,frontier,llama33_70b,middle,Number,25.0,99.0,0.0,0.5004545454545486,4.0,0.0,0.0,4.0,0.0,0.5,1.0,0.0,0.0,4.0
d0095_t011,frontier,llama33_70b,middle,Number,23.0,71.0,0.0,-0.47499999999999964,0.0,0.0,0.0,8.695652173913043,0.0,0.0,1.0,8.695652173913043,0.0,0.0
d0364_t005,frontier,llama33_70b,middle,Data and Statistics,42.0,166.0,0.0,2.201111111111114,0.0,0.0,0.0,2.380952380952381,7.142857142857143,0.0,1.0,0.0,0.0,0.0
d0292_t011,frontier,llama33_70b,middle,Data and Statistics,20.0,83.0,0.0,4.92235294117647,0.0,0.0,0.0,0.0,0.0,0.0,1.0,0.0,0.0,0.0
d0007_t007,frontier,llama33_70b,middle,Number,4.0,16.0,0.0,0.7199999999999989,0.0,0.0,0.0,25.0,0.0,0.0,0.0,0.0,1.0,0.0
d0198_t007,frontier,llama33_70b,middle,Number,17.0,57.0,0.0,3.7181818181818187,0.0,0.0,0.0,5.882352941176471,0.0,0.0,1.0,5.882352941176471,0.0,0.0
d0166_t013,frontier,llama33_70b,middle,Number,14.0,57.0,0.0,2.645454545454548,0.0,0.0,0.0,7.142857142857143,0.0,0.0,1.0,0.0,1.0,0.0
d0279_t011,frontier,llama33_70b,middle,Number,16.0,55.0,0.0,0.8900000000000006,6.25,0.0,0.0,0.0,0.0,0.0,1.0,6.25,0.0,0.0
d0191_t006,frontier,llama33_70b,middle,Number,12.0,49.0,0.0,4.964444444444446,0.0,0.0,0.0,8.333333333333334,0.0,0.0,1.0,0.0,1.0,0.0
d0193_t013,frontier,llama33_70b,middle,Number,44.0,186.0,0.0,4.495555555555558,2.272727272727273,0.0,0.0,4.545454545454546,0.0,0.0,1.0,4.545454545454546,0.0,0.0
d0042_t009,frontier,llama33_70b,middle,Data and Statistics,42.0,170.0,0.0,5.963529411764707,4.761904761904762,0.0,0.0,2.380952380952381,0.0,0.0,1.0,11.904761904761905,0.0,2.380952380952381
d0022_t013,frontier,llama33_70b,middle,Number,43.0,185.0,0.0,4.255263157894735,2.3255813953488373,0.0,0.0,4.651162790697675,0.0,0.0,1.0,0.0,0.0,0.0
d0166_t015,frontier,llama33_70b,middle,Number,32.0,126.0,0.0,0.9225714285714304,3.125,0.0,0.0,3.125,0.0,1.0,1.0,0.0,0.0,0.0
d0018_t007,frontier,llama33_70b,middle,Number,34.0,118.0,0.0,2.645454545454548,0.0,0.0,0.0,0.0,0.0,0.0,0.0,5.882352941176471,0.0,14.705882352941176
d0348_t012,frontier,llama33_70b,middle,Number,1.0,4.0,0.0,-3.3999999999999986,0.0,0.0,0.0,0.0,0.0,0.0,0.0,0.0,0.0,0.0
d0010_t017,frontier,llama33_70b,middle,Algebra,36.0,111.0,0.0,-0.019999999999999574,0.0,0.0,0.0,8.333333333333334,2.7777777777777777,0.0,1.0,0.0,1.0,0.0
d0181_t013,frontier,llama33_70b,middle,Number,28.0,92.0,0.0,-1.4499999999999993,0.0,0.0,0.0,0.0,3.5714285714285716,0.0,1.0,3.5714285714285716,0.0,0.0
d0117_t019,frontier,llama33_70b,middle,Number,59.0,214.0,0.0,4.265714285714285,0.0,0.0,0.0,3.389830508474576,0.0,0.2857142857142857,1.0,1.694915254237288,0.0,0.0
d0112_t007,frontier,llama33_70b,middle,Number,46.0,173.0,0.0,6.725263157894737,0.0,0.0,0.0,2.1739130434782608,2.1739130434782608,0.0,0.0,6.521739130434782,0.0,2.1739130434782608
d0313_t012,frontier,llama33_70b,middle,Number,54.0,186.0,0.0,1.9112500000000026,0.0,0.0,0.0,5.555555555555555,0.0,0.14285714285714285,1.0,3.7037037037037037,0.0,0.0
d0312_t009,frontier,llama33_70b,middle,Algebra,78.0,289.0,0.0,6.104210526315793,1.2820512820512822,0.0,0.0,5.128205128205129,2.5641025641025643,0.0,1.0,0.0,0.0,0.0
d0125_t015,frontier,llama33_70b,middle,Number,22.0,99.0,0.0,3.7944444444444443,0.0,0.0,0.0,0.0,4.545454545454546,0.5,1.0,0.0,0.0,0.0
d0374_t013,frontier,llama33_70b,middle,Algebra,99.0,443.0,0.0,3.2162962962962993,1.0101010101010102,3.0303030303030303,0.0,3.0303030303030303,1.0101010101010102,0.14285714285714285,1.0,2.0202020202020203,0.0,0.0
d0030_t017,frontier,llama33_70b,late,Geometry and Measure,5.0,11.0,0.0,-1.8399999999999999,0.0,0.0,0.0,20.0,0.0,0.0,0.0,0.0,1.0,0.0
d0206_t019,frontier,llama33_70b,late,Algebra,38.0,144.0,0.0,5.884285714285717,2.6315789473684212,2.6315789473684212,0.0,5.2631578947368425,0.0,0.0,1.0,2.6315789473684212,0.0,2.6315789473684212
d0164_t013,frontier,llama33_70b,late,Number,35.0,112.0,0.0,-1.6461538461538456,2.857142857142857,0.0,0.0,8.571428571428571,0.0,0.0,1.0,0.0,0.0,0.0
d0149_t053,frontier,llama33_70b,late,Number,23.0,88.0,0.0,7.967368421052633,4.3478260869565215,0.0,0.0,8.695652173913043,0.0,0.0,1.0,0.0,0.0,0.0
d0317_t015,frontier,llama33_70b,late,Data and Statistics,32.0,123.0,0.0,3.355714285714285,0.0,0.0,0.0,6.25,0.0,0.0,1.0,0.0,0.0,0.0
d0077_t029,frontier,llama33_70b,late,Number,18.0,79.0,0.0,6.8750000000000036,0.0,0.0,0.0,0.0,0.0,0.0,0.0,0.0,0.0,11.11111111111111
d0196_t011,frontier,llama33_70b,middle,Number,28.0,112.0,0.0,3.7732608695652203,0.0,0.0,0.0,3.5714285714285716,0.0,0.0,1.0,0.0,0.0,0.0
d0039_t022,frontier,llama33_70b,middle,Algebra,17.0,48.0,0.0,1.2800000000000011,5.882352941176471,0.0,0.0,0.0,0.0,0.0,0.0,5.882352941176471,0.0,0.0
d0104_t009,frontier,llama33_70b,middle,Geometry and Measure,28.0,74.0,0.0,0.11000000000000121,3.5714285714285716,0.0,0.0,3.5714285714285716,0.0,0.0,1.0,3.5714285714285716,0.0,0.0
d0330_t023,frontier,llama33_70b,late,Number,15.0,69.0,0.0,4.791363636363638,0.0,0.0,0.0,0.0,0.0,0.5,0.0,13.333333333333334,0.0,0.0
d0127_t009,frontier,llama33_70b,late,Number,3.0,11.0,0.0,-3.01,0.0,0.0,0.0,0.0,0.0,0.0,0.0,0.0,0.0,0.0
d0028_t015,frontier,llama33_70b,late,Number,9.0,26.0,0.0,-1.4499999999999993,11.11111111111111,0.0,0.0,0.0,0.0,0.0,0.0,0.0,0.0,0.0
d0042_t023,frontier,llama33_70b,late,Data and Statistics,108.0,492.0,0.0,8.098181818181818,0.9259259259259259,0.0,0.0,3.7037037037037037,0.0,0.05263157894736842,1.0,2.7777777777777777,0.0,2.7777777777777777
d0039_t048,frontier,llama33_70b,late,Algebra,37.0,143.0,0.0,5.462857142857143,0.0,0.0,2.7027027027027026,5.405405405405405,0.0,0.0,1.0,2.7027027027027026,0.0,0.0
d0286_t015,frontier,llama33_70b,late,Number,20.0,85.0,0.0,2.301470588235297,5.0,0.0,0.0,15.0,0.0,0.3333333333333333,1.0,0.0,0.0,5.0
d0174_t015,frontier,llama33_70b,late,Number,52.0,223.0,0.0,3.5167391304347824,0.0,1.9230769230769231,5.769230769230769,1.9230769230769231,0.0,0.0,1.0,1.9230769230769231,0.0,0.0
d0098_t019,frontier,llama33_70b,late,Geometry and Measure,51.0,220.0,0.0,4.093025641025644,1.9607843137254901,0.0,0.0,1.9607843137254901,0.0,0.0,1.0,3.9215686274509802,0.0,7.8431372549019605
d0346_t021,frontier,llama33_70b,late,Number,30.0,86.0,0.0,1.6866666666666674,0.0,0.0,0.0,10.0,0.0,0.0,1.0,0.0,0.0,0.0
d0363_t015,frontier,llama33_70b,late,Geometry and Measure,56.0,191.0,0.0,3.11452380952381,1.7857142857142858,0.0,0.0,5.357142857142857,1.7857142857142858,0.0,1.0,0.0,0.0,0.0
d0137_t017,frontier,llama33_70b,late,Number,71.0,325.0,0.0,4.547692307692309,1.408450704225352,0.0,1.408450704225352,2.816901408450704,0.0,0.0625,1.0,0.0,0.0,2.816901408450704
d0030_t013,frontier,llama33_70b,late,Geometry and Measure,52.0,170.0,0.0,1.5192727272727318,0.0,0.0,0.0,7.6923076923076925,0.0,0.0,1.0,1.9230769230769231,0.0,0.0
d0315_t015,frontier,llama33_70b,late,Data and Statistics,30.0,136.0,0.0,5.818461538461541,3.3333333333333335,0.0,0.0,6.666666666666667,0.0,0.14285714285714285,1.0,3.3333333333333335,0.0,0.0
d0009_t023,frontier,llama33_70b,late,Number,72.0,247.0,0.0,1.405384615384616,0.0,0.0,0.0,0.0,1.3888888888888888,0.25,1.0,4.166666666666667,0.0,0.0
d0172_t033,frontier,llama33_70b,late,Number,26.0,113.0,0.0,4.254545454545454,3.8461538461538463,0.0,0.0,3.8461538461538463,0.0,0.5,0.0,3.8461538461538463,0.0,0.0
d0088_t027,frontier,llama33_70b,late,Algebra,50.0,191.0,0.0,2.5099390243902455,2.0,0.0,2.0,0.0,4.0,0.0,1.0,2.0,0.0,0.0
d0367_t029,frontier,llama33_70b,late,Number,86.0,361.0,0.0,5.9232222222222255,1.1627906976744187,0.0,0.0,10.465116279069768,0.0,0.0,1.0,2.3255813953488373,0.0,8.13953488372093
d0361_t019,frontier,llama33_70b,late,Number,26.0,102.0,0.0,2.3114285714285714,0.0,0.0,0.0,15.384615384615385,0.0,0.0,1.0,0.0,0.0,0.0
d0298_t023,frontier,llama33_70b,late,Number,55.0,207.0,0.0,2.54994680851064,0.0,0.0,0.0,0.0,5.454545454545454,0.0,1.0,0.0,0.0,1.8181818181818181
d0121_t021,frontier,llama33_70b,late,Number,27.0,105.0,0.0,3.4352380952380983,0.0,3.7037037037037037,0.0,3.7037037037037037,0.0,0.0,0.0,7.407407407407407,0.0,3.7037037037037037
d0276_t022,frontier,llama33_70b,late,Number,28.0,112.0,0.0,1.7518181818181837,3.5714285714285716,0.0,0.0,10.714285714285714,0.0,0.0,1.0,3.5714285714285716,0.0,0.0
d0122_t022,frontier,llama33_70b,late,Number,33.0,147.0,0.0,6.8515384615384605,0.0,0.0,0.0,0.0,3.0303030303030303,0.2,1.0,0.0,0.0,6.0606060606060606
d0194_t019,frontier,llama33_70b,late,Number,5.0,11.0,0.0,-2.2299999999999986,0.0,0.0,0.0,0.0,0.0,0.0,0.0,0.0,1.0,0.0
d0295_t017,frontier,llama33_70b,late,Number,1.0,4.0,0.0,-3.3999999999999986,0.0,0.0,0.0,0.0,0.0,0.0,0.0,0.0,0.0,0.0
d0215_t019,frontier,llama33_70b,late,Algebra,60.0,212.0,0.0,0.25222591362126323,1.6666666666666667,0.0,0.0,3.3333333333333335,0.0,0.16666666666666666,1.0,0.0,0.0,0.0
d0242_t013,frontier,llama33_70b,late,Data and Statistics,35.0,136.0,0.0,2.076666666666668,0.0,0.0,0.0,2.857142857142857,0.0,0.125,1.0,0.0,0.0,0.0
d0278_t038,frontier,llama33_70b,late,Number,10.0,30.0,0.0,2.3114285714285714,0.0,0.0,0.0,0.0,0.0,0.0,1.0,10.0,1.0,0.0
d0002_t021,frontier,llama33_70b,late,Algebra,47.0,203.0,0.0,2.5099390243902455,2.127659574468085,0.0,0.0,0.0,0.0,0.1,1.0,4.25531914893617,0.0,0.0
d0215_t017,frontier,llama33_70b,late,Algebra,30.0,90.0,0.0,-1.316447368421052,3.3333333333333335,3.3333333333333335,0.0,3.3333333333333335,0.0,0.0,1.0,3.3333333333333335,0.0,0.0
d0374_t021,frontier,llama33_70b,late,Algebra,47.0,205.0,0.0,5.041428571428572,2.127659574468085,0.0,2.127659574468085,4.25531914893617,0.0,0.16666666666666666,1.0,4.25531914893617,0.0,2.127659574468085
d0161_t023,frontier,llama33_70b,late,Number,,,,,,,,,,,,,,
d0004_t015,frontier,llama33_70b,late,Number,19.0,67.0,0.0,-0.07833333333333137,0.0,0.0,5.2631578947368425,10.526315789473685,0.0,1.0,1.0,0.0,0.0,0.0
d0131_t034,frontier,llama33_70b,late,Number,49.0,216.0,0.0,5.815000000000001,2.0408163265306123,0.0,0.0,8.16326530612245,0.0,0.0,1.0,6.122448979591836,0.0,2.0408163265306123
d0169_t017,frontier,llama33_70b,late,Number,44.0,155.0,0.0,14.465000000000003,0.0,0.0,0.0,4.545454545454546,0.0,0.0,0.0,0.0,1.0,0.0
d0201_t013,frontier,llama33_70b,late,Number,39.0,144.0,0.0,1.4685714285714297,0.0,7.6923076923076925,0.0,5.128205128205129,0.0,0.0,1.0,2.5641025641025643,0.0,0.0
d0348_t020,frontier,llama33_70b,late,Number,50.0,187.0,0.0,1.36994871794872,2.0,0.0,0.0,4.0,2.0,0.0,1.0,2.0,0.0,0.0
d0277_t023,frontier,llama33_70b,late,Number,1.0,5.0,0.0,-3.3999999999999986,0.0,0.0,0.0,0.0,0.0,0.0,0.0,0.0,0.0,0.0
d0371_t018,frontier,llama33_70b,late,Algebra,49.0,188.0,0.0,3.2668292682926854,2.0408163265306123,0.0,0.0,2.0408163265306123,4.081632653061225,0.0,1.0,0.0,0.0,0.0
d0278_t048,frontier,llama33_70b,late,Number,44.0,154.0,0.0,2.782857142857143,2.272727272727273,0.0,0.0,4.545454545454546,0.0,0.0,1.0,2.272727272727273,0.0,0.0
d0000_t015,frontier,llama33_70b,late,Algebra,18.0,76.0,0.0,6.215000000000003,0.0,0.0,0.0,5.555555555555555,0.0,0.0,1.0,0.0,0.0,0.0
d0278_t042,frontier,llama33_70b,late,Number,1.0,1.0,0.0,-3.3999999999999986,0.0,0.0,0.0,0.0,0.0,0.0,0.0,0.0,0.0,0.0
d0170_t013,frontier,llama33_70b,late,Number,35.0,144.0,0.0,4.645000000000003,0.0,2.857142857142857,0.0,2.857142857142857,0.0,0.42857142857142855,1.0,8.571428571428571,0.0,0.0
d0237_t031,frontier,llama33_70b,late,Geometry and Measure,43.0,179.0,0.0,4.73088235294118,2.3255813953488373,0.0,0.0,11.627906976744185,0.0,0.0,1.0,2.3255813953488373,0.0,0.0
d0147_t015,frontier,llama33_70b,late,Number,17.0,74.0,0.0,5.993333333333336,5.882352941176471,0.0,0.0,11.764705882352942,0.0,0.0,0.0,0.0,0.0,5.882352941176471
d0200_t023,frontier,llama33_70b,late,Number,53.0,218.0,0.0,5.641860465116281,1.8867924528301887,0.0,0.0,7.547169811320755,0.0,0.0,1.0,5.660377358490566,0.0,9.433962264150944
d0222_t019,frontier,llama33_70b,late,Algebra,43.0,150.0,0.0,3.5341176470588245,2.3255813953488373,0.0,0.0,6.976744186046512,0.0,0.0,0.0,2.3255813953488373,0.0,0.0
d0238_t021,frontier,llama33_70b,late,Geometry and Measure,41.0,176.0,0.0,4.167777777777776,0.0,0.0,0.0,2.4390243902439024,0.0,0.0,1.0,2.4390243902439024,0.0,0.0
d0354_t020,frontier,llama33_70b,late,Number,50.0,237.0,0.0,6.305000000000003,0.0,0.0,0.0,2.0,2.0,0.25,1.0,8.0,0.0,0.0
d0042_t019,frontier,llama33_70b,late,Data and Statistics,65.0,266.0,0.0,6.373846153846156,1.5384615384615385,3.076923076923077,0.0,3.076923076923077,0.0,0.0,1.0,3.076923076923077,0.0,3.076923076923077
d0357_t013,frontier,llama33_70b,late,Number,73.0,310.0,0.0,7.173333333333336,1.36986301369863,0.0,0.0,6.8493150684931505,0.0,0.0,1.0,4.109589041095891,0.0,0.0
d0020_t013,frontier,llama33_70b,late,Number,32.0,150.0,0.0,12.629999999999999,0.0,0.0,0.0,3.125,0.0,0.0,1.0,0.0,0.0,3.125
d0091_t014,frontier,llama33_70b,late,Geometry and Measure,64.0,288.0,0.0,7.163333333333334,3.125,0.0,0.0,3.125,1.5625,0.0,1.0,3.125,0.0,3.125
d0093_t015,frontier,llama33_70b,late,Geometry and Measure,25.0,93.0,0.0,1.879999999999999,4.0,0.0,0.0,4.0,0.0,0.0,1.0,4.0,0.0,0.0
d0009_t025,frontier,llama33_70b,late,Number,34.0,124.0,0.0,1.468148148148149,0.0,0.0,0.0,0.0,0.0,0.3333333333333333,1.0,8.823529411764707,0.0,0.0
d0315_t013,frontier,llama33_70b,late,Data and Statistics,44.0,196.0,0.0,5.497368421052631,0.0,0.0,2.272727272727273,6.818181818181818,0.0,0.4,1.0,2.272727272727273,0.0,0.0
d0110_t017,frontier,llama33_70b,late,Number,62.0,235.0,0.0,3.6364795918367356,1.6129032258064515,0.0,0.0,3.225806451612903,0.0,0.0,1.0,6.451612903225806,0.0,0.0
d0153_t019,frontier,llama33_70b,late,Number,31.0,116.0,0.0,2.786111111111115,3.225806451612903,0.0,3.225806451612903,0.0,0.0,0.0,1.0,0.0,0.0,0.0
d0136_t021,frontier,llama33_70b,late,Number,32.0,102.0,0.0,0.04384615384615387,3.125,0.0,3.125,6.25,0.0,0.0,1.0,3.125,0.0,0.0
d0116_t012,frontier,llama33_70b,late,Number,42.0,145.0,0.0,2.201111111111114,2.380952380952381,0.0,0.0,7.142857142857143,0.0,0.0,1.0,0.0,0.0,0.0
d0001_t020,frontier,llama33_70b,late,Algebra,1.0,3.0,0.0,-3.3999999999999986,0.0,0.0,0.0,0.0,0.0,0.0,0.0,0.0,0.0,0.0
d0372_t013,frontier,llama33_70b,late,Algebra,46.0,148.0,0.0,3.372142857142858,0.0,0.0,0.0,2.1739130434782608,6.521739130434782,0.0,1.0,0.0,0.0,0.0
d0295_t019,frontier,llama33_70b,late,Number,1.0,4.0,0.0,-3.3999999999999986,0.0,0.0,0.0,0.0,0.0,0.0,0.0,0.0,0.0,0.0
d0331_t033,frontier,llama33_70b,late,Number,47.0,229.0,0.0,7.671052631578949,2.127659574468085,0.0,2.127659574468085,12.76595744680851,0.0,0.5454545454545454,1.0,4.25531914893617,0.0,6.382978723404255
d0055_t017,frontier,llama33_70b,late,Geometry and Measure,32.0,137.0,0.0,9.23714285714286,0.0,0.0,0.0,6.25,0.0,0.0,1.0,3.125,0.0,0.0
d0278_t050,frontier,llama33_70b,late,Number,41.0,144.0,0.0,1.9303030303030297,2.4390243902439024,0.0,0.0,4.878048780487805,0.0,0.0,1.0,0.0,0.0,0.0
d0124_t013,frontier,llama33_70b,late,Number,65.0,280.0,0.0,5.462857142857143,1.5384615384615385,1.5384615384615385,3.076923076923077,1.5384615384615385,0.0,0.0,1.0,1.5384615384615385,0.0,4.615384615384615
d0210_t019,frontier,llama33_70b,late,Algebra,29.0,109.0,0.0,3.4450000000000003,3.4482758620689653,0.0,0.0,10.344827586206897,0.0,0.3333333333333333,1.0,0.0,0.0,0.0
d0086_t019,frontier,llama33_70b,late,Algebra,40.0,176.0,0.0,4.131428571428572,0.0,0.0,2.5,0.0,0.0,0.0,1.0,2.5,0.0,2.5
d0077_t027,frontier,llama33_70b,late,Number,53.0,243.0,0.0,7.063913043478262,1.8867924528301887,0.0,0.0,7.547169811320755,1.8867924528301887,0.0,1.0,0.0,0.0,7.547169811320755
d0267_t017,frontier,llama33_70b,late,Number,58.0,233.0,0.0,3.885061224489796,1.7241379310344827,0.0,0.0,5.172413793103448,0.0,0.0,1.0,3.4482758620689653,0.0,1.7241379310344827
d0217_t012,frontier,llama33_70b,late,Algebra,24.0,111.0,0.0,8.008181818181821,4.166666666666667,0.0,0.0,4.166666666666667,0.0,0.0,1.0,0.0,0.0,0.0
d0060_t013,frontier,llama33_70b,late,Number,16.0,54.0,0.0,2.5128571428571433,0.0,0.0,0.0,0.0,0.0,0.0,1.0,0.0,0.0,0.0
d0289_t013,frontier,llama33_70b,late,Algebra,74.0,335.0,0.0,7.203387096774197,0.0,0.0,0.0,6.756756756756757,1.3513513513513513,0.07142857142857142,0.0,0.0,0.0,4.054054054054054
d0291_t013,frontier,llama33_70b,late,Number,24.0,101.0,0.0,3.650000000000002,4.166666666666667,0.0,0.0,12.5,0.0,0.0,1.0,0.0,0.0,4.166666666666667
d0240_t019,frontier,llama33_70b,late,Data and Statistics,34.0,156.0,0.0,4.436666666666671,2.9411764705882355,0.0,0.0,8.823529411764707,2.9411764705882355,0.4,1.0,0.0,0.0,0.0
d0259_t024,frontier,llama33_70b,late,Data and Statistics,7.0,21.0,0.0,0.5166666666666693,0.0,0.0,0.0,14.285714285714286,0.0,0.0,0.0,0.0,1.0,0.0
d0070_t033,frontier,llama33_70b,late,Number,18.0,56.0,0.0,2.187692307692309,0.0,0.0,0.0,11.11111111111111,0.0,0.0,0.0,0.0,1.0,0.0
d0182_t013,frontier,llama33_70b,late,Number,45.0,193.0,0.0,4.974750000000004,0.0,0.0,0.0,13.333333333333334,0.0,0.0,0.0,6.666666666666667,0.0,0.0
d0258_t013,frontier,llama33_70b,late,Data and Statistics,59.0,221.0,0.0,2.029,1.694915254237288,0.0,0.0,5.084745762711864,3.389830508474576,0.0,1.0,1.694915254237288,0.0,3.389830508474576
d0037_t026,frontier,llama33_70b,late,Data and Statistics,21.0,74.0,0.0,-0.07833333333333137,4.761904761904762,0.0,0.0,9.523809523809524,0.0,0.0,1.0,4.761904761904762,0.0,0.0
d0130_t017,frontier,llama33_70b,late,Number,60.0,247.0,0.0,8.925185185185189,1.6666666666666667,0.0,0.0,6.666666666666667,0.0,0.0,0.0,0.0,0.0,0.0
d0223_t095,frontier,llama33_70b,late,Number,1.0,1.0,0.0,-3.3999999999999986,0.0,0.0,0.0,0.0,0.0,0.0,0.0,0.0,0.0,0.0
d0027_t017,frontier,llama33_70b,late,Geometry and Measure,37.0,155.0,0.0,12.246470588235294,0.0,0.0,0.0,2.7027027027027026,0.0,0.0,1.0,0.0,0.0,2.7027027027027026
d0372_t017,frontier,llama33_70b,late,Algebra,60.0,225.0,0.0,1.884510638297872,1.6666666666666667,0.0,0.0,3.3333333333333335,0.0,0.16666666666666666,1.0,1.6666666666666667,0.0,0.0
d0379_t036,frontier,llama33_70b,late,Algebra,26.0,129.0,0.0,5.312391304347827,0.0,0.0,0.0,3.8461538461538463,0.0,0.0,1.0,3.8461538461538463,0.0,0.0
d0344_t019,frontier,llama33_70b,late,Algebra,44.0,156.0,0.0,3.2851612903225806,2.272727272727273,0.0,0.0,2.272727272727273,0.0,0.25,1.0,2.272727272727273,0.0,2.272727272727273
d0279_t015,frontier,llama33_70b,late,Number,11.0,39.0,0.0,0.8049999999999997,0.0,0.0,0.0,9.090909090909092,0.0,0.0,1.0,0.0,1.0,9.090909090909092
d0093_t017,frontier,llama33_70b,late,Geometry and Measure,20.0,74.0,0.0,1.4685714285714297,0.0,0.0,0.0,0.0,0.0,0.0,1.0,0.0,0.0,5.0
d0243_t014,frontier,llama33_70b,late,Data and Statistics,12.0,38.0,0.0,0.8049999999999997,0.0,0.0,0.0,8.333333333333334,0.0,0.0,1.0,8.333333333333334,1.0,0.0
d0162_t023,frontier,llama33_70b,late,Number,45.0,194.0,0.0,1.1663513513513522,2.2222222222222223,0.0,0.0,6.666666666666667,0.0,0.25,1.0,0.0,0.0,4.444444444444445
d0290_t012,frontier,llama33_70b,late,Algebra,14.0,36.0,0.0,-2.2299999999999986,7.142857142857143,0.0,0.0,7.142857142857143,0.0,0.0,1.0,7.142857142857143,0.0,0.0
d0054_t021,frontier,llama33_70b,late,Geometry and Measure,24.0,101.0,0.0,4.383823529411767,4.166666666666667,0.0,0.0,0.0,0.0,0.6666666666666666,0.0,12.5,0.0,0.0
d0023_t019,frontier,llama33_70b,late,Number,85.0,360.0,0.0,3.8943529411764715,1.1764705882352942,0.0,0.0,3.5294117647058822,0.0,0.0,1.0,1.1764705882352942,0.0,1.1764705882352942
d0117_t031,frontier,llama33_70b,late,Number,47.0,214.0,0.0,5.419999999999998,0.0,0.0,0.0,4.25531914893617,0.0,0.14285714285714285,1.0,2.127659574468085,0.0,0.0
d0270_t001,frontier,opus47,early,Number,3.0,5.0,0.0,-3.3999999999999986,0.0,0.0,0.0,0.0,0.0,0.0,0.0,0.0,0.0,0.0
d0360_t001,frontier,opus47,early,Number,17.0,59.0,0.0,0.5004545454545486,0.0,0.0,0.0,0.0,0.0,0.0,0.0,5.882352941176471,0.0,0.0
d0122_t004,frontier,opus47,early,Number,41.0,162.0,0.0,4.541111111111114,0.0,4.878048780487805,0.0,2.4390243902439024,0.0,0.0,0.0,4.878048780487805,0.0,0.0
d0239_t002,frontier,opus47,early,Geometry and Measure,11.0,37.0,0.0,0.11000000000000121,0.0,0.0,0.0,9.090909090909092,0.0,0.0,1.0,0.0,1.0,0.0
d0007_t003,frontier,opus47,early,Number,8.0,40.0,0.0,3.997142857142858,0.0,0.0,0.0,0.0,0.0,0.0,0.0,0.0,0.0,0.0
d0094_t005,frontier,opus47,early,Number,12.0,37.0,0.0,-0.7238888888888866,0.0,0.0,0.0,8.333333333333334,0.0,0.0,1.0,8.333333333333334,1.0,0.0
d0065_t001,frontier,opus47,early,Number,59.0,242.0,0.0,6.220909090909089,6.779661016949152,0.0,0.0,1.694915254237288,0.0,0.2222222222222222,0.0,6.779661016949152,0.0,0.0
d0165_t001,frontier,opus47,early,Number,31.0,114.0,0.0,1.7518181818181837,0.0,0.0,0.0,0.0,0.0,0.0,1.0,3.225806451612903,0.0,3.225806451612903
d0068_t003,frontier,opus47,early,Number,17.0,77.0,0.0,3.7550000000000026,0.0,17.647058823529413,0.0,0.0,0.0,0.0,0.0,0.0,1.0,0.0
d0160_t001,frontier,opus47,early,Number,36.0,129.0,0.0,0.025000000000000355,0.0,0.0,0.0,5.555555555555555,0.0,0.25,0.0,0.0,0.0,0.0
d0150_t005,frontier,opus47,early,Number,1.0,1.0,0.0,-3.3999999999999986,0.0,0.0,0.0,0.0,0.0,0.0,0.0,0.0,0.0,0.0
d0301_t000,frontier,opus47,early,Algebra,32.0,126.0,0.0,1.8200000000000003,0.0,0.0,0.0,0.0,0.0,0.3333333333333333,1.0,3.125,0.0,0.0
d0054_t005,frontier,opus47,early,Geometry and Measure,13.0,44.0,0.0,2.342222222222226,0.0,15.384615384615385,0.0,7.6923076923076925,0.0,0.0,1.0,0.0,1.0,7.6923076923076925
d0314_t003,frontier,opus47,early,Data and Statistics,50.0,209.0,0.0,5.857073170731713,2.0,0.0,0.0,2.0,0.0,0.2,1.0,2.0,0.0,0.0
d0017_t013,frontier,opus47,early,Number,1.0,3.0,0.0,-3.3999999999999986,0.0,0.0,0.0,0.0,0.0,0.0,0.0,0.0,0.0,0.0
d0117_t005,frontier,opus47,early,Number,10.0,35.0,0.0,2.280000000000001,0.0,10.0,0.0,10.0,0.0,0.0,1.0,0.0,1.0,0.0
d0132_t005,frontier,opus47,early,Number,3.0,11.0,0.0,-3.01,0.0,0.0,0.0,0.0,0.0,0.0,0.0,0.0,0.0,0.0
d0131_t004,frontier,opus47,early,Number,10.0,38.0,0.0,6.705000000000002,0.0,0.0,0.0,10.0,0.0,0.0,1.0,0.0,0.0,0.0
d0279_t005,frontier,opus47,early,Number,16.0,56.0,0.0,3.355714285714285,0.0,0.0,0.0,12.5,0.0,0.0,1.0,0.0,0.0,0.0
d0092_t003,frontier,opus47,early,Geometry and Measure,12.0,56.0,0.0,4.830000000000002,0.0,0.0,0.0,8.333333333333334,0.0,0.0,0.0,8.333333333333334,1.0,0.0
d0186_t001,frontier,opus47,early,Number,11.0,43.0,0.0,3.653333333333336,0.0,0.0,0.0,9.090909090909092,0.0,0.0,1.0,0.0,0.0,0.0
d0319_t001,frontier,opus47,early,Number,26.0,97.0,0.0,3.11452380952381,3.8461538461538463,0.0,0.0,3.8461538461538463,0.0,0.0,0.0,0.0,0.0,0.0
d0284_t005,frontier,opus47,early,Number,1.0,2.0,0.0,-3.3999999999999986,0.0,0.0,0.0,0.0,0.0,0.0,0.0,0.0,0.0,0.0
d0267_t003,frontier,opus47,early,Number,1.0,2.0,0.0,-3.3999999999999986,0.0,0.0,0.0,0.0,0.0,0.0,0.0,0.0,0.0,0.0
d0070_t005,frontier,opus47,early,Number,19.0,74.0,0.0,2.2816666666666663,5.2631578947368425,5.2631578947368425,0.0,5.2631578947368425,0.0,0.5,0.0,5.2631578947368425,1.0,0.0
d0253_t002,frontier,opus47,early,Number,44.0,184.0,0.0,3.9447368421052644,0.0,0.0,0.0,0.0,0.0,0.0,1.0,0.0,0.0,0.0
d0182_t003,frontier,opus47,early,Number,15.0,67.0,0.0,4.791363636363638,6.666666666666667,0.0,0.0,0.0,0.0,0.0,1.0,6.666666666666667,0.0,0.0
d0034_t002,frontier,opus47,early,Data and Statistics,35.0,128.0,0.0,1.9051851851851858,0.0,0.0,0.0,2.857142857142857,0.0,0.0,1.0,0.0,1.0,2.857142857142857
d0131_t010,frontier,opus47,early,Number,3.0,5.0,0.0,-3.01,0.0,0.0,0.0,0.0,0.0,0.0,0.0,0.0,0.0,0.0
d0372_t001,frontier,opus47,early,Algebra,40.0,174.0,0.0,3.7535294117647062,0.0,0.0,0.0,0.0,2.5,0.125,1.0,2.5,0.0,0.0
d0321_t002,frontier,opus47,early,Algebra,15.0,60.0,0.0,-0.4666666666666668,6.666666666666667,0.0,0.0,0.0,0.0,1.0,1.0,13.333333333333334,1.0,0.0
d0067_t003,frontier,opus47,early,Number,17.0,73.0,0.0,1.4685714285714297,0.0,11.764705882352942,0.0,5.882352941176471,0.0,0.0,1.0,5.882352941176471,1.0,0.0
d0126_t002,frontier,opus47,early,Number,31.0,125.0,0.0,1.468148148148149,0.0,0.0,0.0,3.225806451612903,0.0,0.25,0.0,0.0,0.0,0.0
d0201_t003,frontier,opus47,early,Number,9.0,33.0,0.0,-1.0599999999999987,0.0,0.0,0.0,0.0,0.0,0.0,1.0,0.0,1.0,0.0
d0176_t003,frontier,opus47,early,Number,8.0,23.0,0.0,0.5166666666666693,0.0,0.0,0.0,25.0,0.0,0.0,1.0,0.0,1.0,0.0
d0027_t005,frontier,opus47,early,Geometry and Measure,5.0,14.0,0.0,-2.2299999999999986,0.0,0.0,0.0,20.0,0.0,0.0,1.0,0.0,1.0,0.0
d0031_t005,frontier,opus47,early,Number,6.0,23.0,0.0,2.879999999999999,0.0,0.0,0.0,0.0,0.0,0.0,0.0,0.0,1.0,0.0
d0223_t035,frontier,opus47,early,Number,9.0,19.0,0.0,0.5199999999999996,0.0,11.11111111111111,0.0,0.0,0.0,0.0,1.0,0.0,1.0,0.0
d0011_t000,frontier,opus47,early,Number,16.0,59.0,0.0,0.5166666666666693,0.0,0.0,0.0,0.0,0.0,0.0,1.0,6.25,0.0,0.0
d0367_t005,frontier,opus47,early,Number,19.0,81.0,0.0,3.1542857142857166,0.0,0.0,0.0,0.0,0.0,0.0,1.0,5.2631578947368425,0.0,0.0
d0072_t001,frontier,opus47,early,Number,3.0,5.0,0.0,-3.3999999999999986,0.0,0.0,0.0,0.0,0.0,0.0,0.0,0.0,0.0,0.0
d0071_t002,frontier,opus47,early,Number,38.0,156.0,0.0,3.2851612903225806,0.0,2.6315789473684212,0.0,0.0,0.0,0.0,1.0,5.2631578947368425,0.0,2.6315789473684212
d0005_t003,frontier,opus47,early,Number,5.0,24.0,0.0,0.5199999999999996,20.0,0.0,0.0,0.0,0.0,0.0,0.0,0.0,1.0,0.0
d0211_t006,frontier,opus47,early,Algebra,7.0,20.0,0.0,0.5199999999999996,0.0,14.285714285714286,0.0,14.285714285714286,0.0,0.0,1.0,0.0,0.0,0.0
d0158_t002,frontier,opus47,early,Number,12.0,45.0,0.0,2.4700000000000024,0.0,0.0,0.0,8.333333333333334,8.333333333333334,0.0,1.0,0.0,0.0,0.0
d0214_t003,frontier,opus47,early,Algebra,17.0,55.0,0.0,0.5166666666666693,5.882352941176471,11.764705882352942,0.0,0.0,0.0,0.0,1.0,0.0,1.0,0.0
d0129_t003,frontier,opus47,early,Number,25.0,82.0,0.0,1.2900000000000027,4.0,4.0,0.0,4.0,0.0,0.0,1.0,0.0,0.0,4.0
d0302_t003,frontier,opus47,early,Geometry and Measure,24.0,105.0,0.0,4.238333333333333,0.0,0.0,4.166666666666667,4.166666666666667,0.0,0.5,0.0,0.0,0.0,0.0
d0376_t003,frontier,opus47,early,Algebra,4.0,9.0,0.0,-2.619999999999999,0.0,0.0,0.0,0.0,0.0,0.0,1.0,0.0,1.0,0.0
d0172_t007,frontier,opus47,early,Number,9.0,34.0,0.0,2.4833333333333343,0.0,0.0,0.0,0.0,0.0,0.0,1.0,11.11111111111111,0.0,11.11111111111111
d0329_t007,frontier,opus47,early,Number,15.0,56.0,0.0,4.91076923076923,0.0,6.666666666666667,0.0,6.666666666666667,0.0,0.0,1.0,0.0,0.0,0.0
d0081_t005,frontier,opus47,early,Algebra,12.0,45.0,0.0,2.4700000000000024,0.0,0.0,0.0,0.0,0.0,0.0,1.0,0.0,1.0,0.0
d0071_t008,frontier,opus47,early,Number,1.0,2.0,0.0,-3.3999999999999986,0.0,0.0,0.0,0.0,0.0,0.0,0.0,0.0,0.0,0.0
d0158_t000,frontier,opus47,early,Number,13.0,47.0,0.0,2.4700000000000024,0.0,0.0,0.0,0.0,0.0,0.0,0.0,7.6923076923076925,0.0,0.0
d0355_t003,frontier,opus47,early,Number,8.0,23.0,0.0,0.6257142857142846,0.0,0.0,0.0,12.5,0.0,0.0,1.0,0.0,0.0,0.0
d0211_t004,frontier,opus47,early,Algebra,6.0,19.0,0.0,0.7199999999999989,0.0,0.0,0.0,0.0,0.0,0.0,0.0,0.0,0.0,0.0
d0328_t001,frontier,opus47,early,Number,3.0,5.0,0.0,-3.3999999999999986,0.0,0.0,0.0,0.0,0.0,0.0,0.0,0.0,0.0,0.0
d0169_t001,frontier,opus47,early,Number,3.0,5.0,0.0,-3.3999999999999986,0.0,0.0,0.0,0.0,0.0,0.0,0.0,0.0,0.0,0.0
d0258_t001,frontier,opus47,early,Data and Statistics,5.0,14.0,0.0,-2.2299999999999986,0.0,0.0,0.0,0.0,0.0,0.0,0.0,0.0,0.0,0.0
d0031_t009,frontier,opus47,early,Number,1.0,4.0,0.0,-3.3999999999999986,0.0,0.0,0.0,0.0,0.0,0.0,0.0,0.0,0.0,0.0
d0088_t009,frontier,opus47,early,Algebra,1.0,2.0,0.0,-3.3999999999999986,0.0,0.0,0.0,0.0,0.0,0.0,0.0,0.0,0.0,0.0
d0291_t001,frontier,opus47,early,Number,13.0,49.0,0.0,3.7181818181818187,0.0,0.0,0.0,7.6923076923076925,7.6923076923076925,0.0,1.0,0.0,0.0,0.0
d0289_t003,frontier,opus47,early,Algebra,7.0,23.0,0.0,-1.4499999999999993,0.0,0.0,0.0,14.285714285714286,0.0,0.0,1.0,0.0,0.0,0.0
d0260_t001,frontier,opus47,early,Data and Statistics,50.0,205.0,0.0,4.54418604651163,0.0,0.0,0.0,0.0,2.0,0.0,0.0,4.0,0.0,0.0
d0206_t003,frontier,opus47,early,Algebra,5.0,17.0,0.0,-2.619999999999999,0.0,20.0,0.0,0.0,0.0,0.0,0.0,20.0,1.0,0.0
d0029_t001,frontier,opus47,early,Geometry and Measure,40.0,162.0,0.0,3.360606060606063,2.5,0.0,0.0,5.0,0.0,0.0,0.0,2.5,0.0,0.0
d0290_t002,frontier,opus47,early,Algebra,37.0,144.0,0.0,2.9045161290322596,2.7027027027027026,0.0,0.0,2.7027027027027026,0.0,0.0,1.0,2.7027027027027026,1.0,2.7027027027027026
d0290_t004,frontier,opus47,early,Algebra,6.0,10.0,0.0,-2.619999999999999,0.0,0.0,0.0,16.666666666666668,0.0,0.0,1.0,0.0,1.0,0.0
d0300_t001,frontier,opus47,early,Number,28.0,94.0,0.0,0.5800000000000018,0.0,0.0,0.0,0.0,0.0,0.0,1.0,7.142857142857143,0.0,0.0
d0129_t001,frontier,opus47,early,Number,14.0,51.0,0.0,1.572727272727274,0.0,0.0,0.0,7.142857142857143,0.0,0.0,0.0,7.142857142857143,0.0,0.0
d0326_t001,frontier,opus47,early,Number,48.0,157.0,0.0,0.9628571428571426,2.0833333333333335,0.0,0.0,0.0,0.0,0.0,1.0,0.0,0.0,2.0833333333333335
d0170_t001,frontier,opus47,early,Number,56.0,242.0,0.0,3.389304347826087,1.7857142857142858,0.0,0.0,0.0,0.0,0.1111111111111111,1.0,7.142857142857143,0.0,0.0
d0070_t007,frontier,opus47,early,Number,40.0,162.0,0.0,5.600000000000001,2.5,2.5,2.5,2.5,0.0,0.3333333333333333,1.0,7.5,0.0,0.0
d0314_t001,frontier,opus47,early,Data and Statistics,10.0,38.0,0.0,2.280000000000001,0.0,0.0,0.0,0.0,10.0,0.0,1.0,0.0,0.0,0.0
d0309_t002,frontier,opus47,early,Data and Statistics,17.0,68.0,0.0,4.420000000000002,5.882352941176471,0.0,0.0,0.0,0.0,0.0,0.0,5.882352941176471,1.0,0.0
d0045_t004,frontier,opus47,early,Number,1.0,2.0,0.0,8.400000000000002,0.0,0.0,0.0,0.0,0.0,0.0,0.0,0.0,1.0,0.0
d0192_t003,frontier,opus47,early,Number,28.0,122.0,0.0,1.3480000000000025,0.0,0.0,0.0,0.0,0.0,0.3333333333333333,1.0,3.5714285714285716,0.0,0.0
d0185_t003,frontier,opus47,early,Number,5.0,12.0,0.0,-2.2299999999999986,0.0,0.0,0.0,20.0,0.0,0.0,1.0,0.0,1.0,0.0
d0123_t005,frontier,opus47,early,Number,2.0,2.0,0.0,-3.3999999999999986,0.0,0.0,0.0,0.0,0.0,0.0,1.0,0.0,0.0,0.0
d0221_t009,frontier,opus47,early,Algebra,5.0,18.0,0.0,0.7199999999999989,0.0,0.0,0.0,0.0,0.0,0.0,1.0,0.0,1.0,0.0
d0333_t001,frontier,opus47,early,Number,31.0,119.0,0.0,2.8566666666666656,0.0,0.0,0.0,6.451612903225806,0.0,0.5,1.0,0.0,0.0,3.225806451612903
d0331_t003,frontier,opus47,early,Number,17.0,67.0,0.0,0.7083333333333321,0.0,5.882352941176471,0.0,11.764705882352942,0.0,0.0,1.0,0.0,0.0,0.0
d0049_t001,frontier,opus47,early,Geometry and Measure,57.0,221.0,0.0,4.240000000000002,0.0,0.0,0.0,1.7543859649122806,0.0,0.25,1.0,1.7543859649122806,0.0,1.7543859649122806
d0079_t003,frontier,opus47,early,Number,64.0,224.0,0.0,0.7624999999999993,0.0,1.5625,0.0,3.125,0.0,0.0,1.0,6.25,1.0,1.5625
d0072_t005,frontier,opus47,early,Number,3.0,21.0,0.0,20.590000000000007,0.0,0.0,0.0,0.0,0.0,1.0,0.0,0.0,0.0,33.333333333333336
d0025_t001,frontier,opus47,early,Geometry and Measure,15.0,59.0,0.0,2.8566666666666656,0.0,0.0,0.0,0.0,0.0,0.0,0.0,6.666666666666667,0.0,0.0
d0047_t001,frontier,opus47,early,Geometry and Measure,9.0,34.0,0.0,2.3114285714285714,0.0,0.0,0.0,0.0,0.0,0.0,1.0,0.0,0.0,0.0
d0221_t005,frontier,opus47,early,Algebra,4.0,14.0,0.0,1.3133333333333361,0.0,25.0,0.0,0.0,0.0,0.0,0.0,25.0,1.0,0.0
d0360_t003,frontier,opus47,early,Number,39.0,172.0,0.0,5.703467741935487,0.0,0.0,0.0,5.128205128205129,0.0,0.0,1.0,0.0,1.0,0.0
d0161_t001,frontier,opus47,early,Number,3.0,5.0,0.0,-3.3999999999999986,0.0,0.0,0.0,0.0,0.0,0.0,0.0,0.0,0.0,0.0
d0235_t003,frontier,opus47,early,Algebra,23.0,104.0,0.0,1.7495238095238115,4.3478260869565215,4.3478260869565215,4.3478260869565215,4.3478260869565215,0.0,0.0,1.0,0.0,1.0,0.0
d0080_t009,frontier,opus47,early,Number,4.0,10.0,0.0,-2.619999999999999,0.0,0.0,0.0,0.0,0.0,0.0,1.0,0.0,1.0,0.0
d0015_t005,frontier,opus47,early,Geometry and Measure,2.0,6.0,0.0,-3.3999999999999986,0.0,0.0,0.0,0.0,0.0,0.0,1.0,0.0,0.0,0.0
d0248_t007,frontier,opus47,early,Number,13.0,56.0,0.0,3.84,7.6923076923076925,7.6923076923076925,0.0,7.6923076923076925,0.0,0.0,0.0,7.6923076923076925,1.0,0.0
d0105_t005,frontier,opus47,early,Geometry and Measure,7.0,27.0,0.0,-1.4499999999999993,0.0,14.285714285714286,0.0,14.285714285714286,0.0,0.0,1.0,0.0,1.0,0.0
d0221_t007,frontier,opus47,early,Algebra,6.0,18.0,0.0,0.5166666666666693,0.0,0.0,0.0,33.333333333333336,0.0,0.0,0.0,0.0,1.0,0.0
d0201_t011,frontier,opus47,middle,Number,1.0,1.0,0.0,-3.3999999999999986,0.0,0.0,0.0,0.0,0.0,0.0,0.0,0.0,0.0,0.0
d0347_t003,frontier,opus47,early,Number,23.0,62.0,0.0,1.8733333333333313,0.0,0.0,0.0,0.0,0.0,0.0,0.0,4.3478260869565215,1.0,0.0
d0247_t003,frontier,opus47,early,Number,5.0,18.0,0.0,-1.8399999999999999,0.0,40.0,0.0,0.0,0.0,0.0,0.0,0.0,1.0,0.0
d0368_t000,frontier,opus47,early,Number,23.0,97.0,0.0,4.964444444444446,0.0,0.0,0.0,0.0,0.0,0.0,1.0,8.695652173913043,0.0,0.0
d0246_t011,frontier,opus47,middle,Geometry and Measure,10.0,29.0,0.0,-1.4499999999999993,0.0,10.0,0.0,0.0,0.0,0.0,0.0,0.0,1.0,0.0
d0294_t013,frontier,opus47,middle,Number,9.0,18.0,0.0,-1.8399999999999999,0.0,0.0,0.0,0.0,0.0,0.0,0.0,0.0,0.0,0.0
d0227_t012,frontier,opus47,middle,Algebra,6.0,13.0,0.0,-2.619999999999999,0.0,0.0,0.0,0.0,0.0,0.0,1.0,0.0,0.0,0.0
d0162_t003,frontier,opus47,early,Number,28.0,111.0,0.0,0.6078181818181818,0.0,0.0,0.0,7.142857142857143,0.0,0.0,1.0,0.0,1.0,0.0
d0333_t009,frontier,opus47,middle,Number,5.0,21.0,0.0,-2.619999999999999,0.0,0.0,0.0,0.0,0.0,0.0,0.0,0.0,1.0,0.0
d0255_t031,frontier,opus47,middle,Geometry and Measure,3.0,13.0,0.0,8.790000000000003,0.0,0.0,0.0,0.0,0.0,0.0,0.0,33.333333333333336,0.0,0.0
d0136_t015,frontier,opus47,middle,Number,5.0,10.0,0.0,-2.2299999999999986,0.0,0.0,0.0,0.0,0.0,0.0,1.0,0.0,1.0,0.0
d0324_t020,frontier,opus47,middle,Algebra,2.0,2.0,0.0,-3.3999999999999986,0.0,0.0,0.0,0.0,0.0,0.0,1.0,0.0,0.0,0.0
d0139_t005,frontier,opus47,middle,Number,7.0,38.0,0.0,2.3114285714285714,0.0,28.571428571428573,0.0,0.0,0.0,0.0,0.0,0.0,1.0,14.285714285714286
d0086_t015,frontier,opus47,middle,Algebra,7.0,27.0,0.0,0.6257142857142846,0.0,0.0,0.0,0.0,0.0,0.0,0.0,0.0,1.0,0.0
d0195_t005,frontier,opus47,middle,Number,9.0,27.0,0.0,-1.8399999999999999,0.0,0.0,0.0,0.0,0.0,0.0,1.0,0.0,1.0,0.0
d0093_t011,frontier,opus47,middle,Geometry and Measure,3.0,8.0,0.0,-3.01,0.0,0.0,0.0,0.0,0.0,0.0,0.0,0.0,1.0,0.0
d0223_t051,frontier,opus47,middle,Number,5.0,23.0,0.0,0.5199999999999996,0.0,0.0,0.0,0.0,0.0,0.0,0.0,0.0,1.0,20.0
d0294_t015,frontier,opus47,middle,Number,12.0,32.0,0.0,-0.6699999999999982,0.0,8.333333333333334,0.0,0.0,0.0,0.0,0.0,0.0,1.0,0.0
d0271_t005,frontier,opus47,middle,Number,1.0,1.0,0.0,-3.3999999999999986,0.0,0.0,0.0,0.0,0.0,0.0,0.0,0.0,0.0,0.0
d0316_t009,frontier,opus47,middle,Data and Statistics,2.0,12.0,0.0,43.8,0.0,0.0,0.0,0.0,0.0,0.0,1.0,0.0,1.0,0.0
d0203_t009,frontier,opus47,middle,Algebra,11.0,33.0,0.0,-0.6699999999999982,0.0,9.090909090909092,0.0,0.0,9.090909090909092,0.0,1.0,0.0,1.0,0.0
d0238_t009,frontier,opus47,middle,Geometry and Measure,8.0,32.0,0.0,2.280000000000001,0.0,0.0,0.0,12.5,0.0,0.0,0.0,0.0,1.0,0.0
d0246_t007,frontier,opus47,middle,Geometry and Measure,1.0,2.0,0.0,-3.3999999999999986,0.0,0.0,0.0,0.0,0.0,0.0,0.0,0.0,0.0,0.0
d0232_t007,frontier,opus47,middle,Data and Statistics,34.0,122.0,0.0,-1.1574999999999989,0.0,0.0,0.0,5.882352941176471,8.823529411764707,0.0,1.0,0.0,0.0,0.0
d0005_t009,frontier,opus47,middle,Number,6.0,15.0,0.0,-2.2299999999999986,0.0,0.0,0.0,0.0,0.0,0.0,1.0,0.0,0.0,0.0
d0374_t015,frontier,opus47,middle,Algebra,10.0,51.0,0.0,3.650000000000002,0.0,0.0,0.0,10.0,0.0,0.0,0.0,0.0,1.0,0.0
d0176_t009,frontier,opus47,middle,Number,11.0,40.0,0.0,2.1950000000000003,0.0,9.090909090909092,0.0,0.0,0.0,0.0,0.0,9.090909090909092,1.0,0.0
d0280_t009,frontier,opus47,middle,Number,25.0,107.0,0.0,2.4700000000000024,0.0,8.0,0.0,0.0,0.0,0.0,1.0,4.0,1.0,4.0
d0250_t007,frontier,opus47,middle,Number,8.0,15.0,0.0,-1.8399999999999999,0.0,0.0,0.0,0.0,0.0,0.0,0.0,0.0,1.0,0.0
d0183_t013,frontier,opus47,middle,Number,6.0,15.0,0.0,-2.2299999999999986,0.0,16.666666666666668,0.0,16.666666666666668,0.0,0.0,1.0,0.0,1.0,0.0
d0140_t011,frontier,opus47,middle,Number,2.0,3.0,0.0,-3.3999999999999986,0.0,0.0,0.0,0.0,0.0,0.0,1.0,0.0,0.0,0.0
d0236_t009,frontier,opus47,middle,Data and Statistics,12.0,41.0,0.0,-1.6449999999999996,0.0,0.0,0.0,8.333333333333334,8.333333333333334,0.0,1.0,0.0,1.0,0.0
d0296_t023,frontier,opus47,middle,Number,2.0,6.0,0.0,-3.01,0.0,0.0,0.0,0.0,0.0,0.0,0.0,0.0,1.0,0.0
d0341_t016,frontier,opus47,middle,Number,4.0,19.0,0.0,5.246666666666666,0.0,0.0,0.0,0.0,0.0,0.0,0.0,0.0,1.0,0.0
d0369_t009,frontier,opus47,middle,Data and Statistics,5.0,16.0,0.0,-1.8399999999999999,0.0,0.0,0.0,0.0,0.0,0.0,0.0,0.0,0.0,0.0
d0041_t015,frontier,opus47,middle,Data and Statistics,13.0,56.0,0.0,2.8566666666666656,0.0,0.0,0.0,0.0,0.0,0.0,0.0,0.0,1.0,0.0
d0230_t011,frontier,opus47,middle,Data and Statistics,1.0,2.0,0.0,-3.3999999999999986,0.0,0.0,0.0,0.0,0.0,0.0,0.0,0.0,0.0,0.0
d0112_t005,frontier,opus47,middle,Number,7.0,16.0,0.0,-2.2299999999999986,0.0,0.0,0.0,0.0,0.0,0.0,0.0,0.0,0.0,0.0
d0293_t015,frontier,opus47,middle,Number,29.0,95.0,0.0,-0.008369565217391184,3.4482758620689653,0.0,3.4482758620689653,3.4482758620689653,0.0,0.0,0.0,0.0,0.0,0.0
d0221_t015,frontier,opus47,middle,Algebra,21.0,48.0,0.0,0.8900000000000006,0.0,0.0,0.0,0.0,0.0,0.0,1.0,0.0,1.0,0.0
d0078_t006,frontier,opus47,middle,Number,9.0,17.0,0.0,-1.8399999999999999,0.0,11.11111111111111,0.0,0.0,0.0,0.0,1.0,0.0,1.0,0.0
d0137_t011,frontier,opus47,middle,Number,2.0,7.0,0.0,-3.01,0.0,0.0,0.0,0.0,0.0,0.0,0.0,0.0,1.0,0.0
d0272_t019,frontier,opus47,middle,Number,8.0,25.0,0.0,0.5199999999999996,0.0,12.5,0.0,0.0,0.0,0.0,1.0,0.0,0.0,0.0
d0203_t011,frontier,opus47,middle,Algebra,8.0,24.0,0.0,-0.7392857142857139,0.0,0.0,0.0,0.0,0.0,0.0,1.0,0.0,1.0,0.0
d0021_t013,frontier,opus47,middle,Number,6.0,27.0,0.0,0.5199999999999996,0.0,0.0,0.0,0.0,0.0,0.0,1.0,0.0,1.0,0.0
d0210_t011,frontier,opus47,middle,Algebra,11.0,43.0,0.0,2.645454545454548,0.0,0.0,0.0,0.0,0.0,0.0,0.0,0.0,1.0,0.0
d0277_t011,frontier,opus47,middle,Number,1.0,3.0,0.0,-3.3999999999999986,0.0,0.0,0.0,0.0,0.0,0.0,0.0,0.0,0.0,0.0
d0068_t015,frontier,opus47,middle,Number,5.0,18.0,0.0,-2.2299999999999986,0.0,0.0,0.0,20.0,0.0,0.0,1.0,0.0,1.0,0.0
d0346_t013,frontier,opus47,middle,Number,14.0,58.0,0.0,2.8566666666666656,0.0,14.285714285714286,0.0,0.0,0.0,0.0,1.0,0.0,0.0,0.0
d0284_t023,frontier,opus47,middle,Number,4.0,15.0,0.0,5.246666666666666,0.0,0.0,0.0,0.0,0.0,0.0,1.0,0.0,1.0,0.0
d0263_t009,frontier,opus47,middle,Number,11.0,43.0,0.0,1.2900000000000027,0.0,0.0,9.090909090909092,0.0,9.090909090909092,0.0,0.0,0.0,1.0,0.0
d0048_t013,frontier,opus47,middle,Geometry and Measure,10.0,39.0,0.0,3.653333333333336,0.0,0.0,0.0,0.0,0.0,0.0,1.0,0.0,1.0,0.0
d0150_t011,frontier,opus47,middle,Number,1.0,1.0,0.0,-3.3999999999999986,0.0,0.0,0.0,0.0,0.0,0.0,0.0,0.0,0.0,0.0
d0023_t009,frontier,opus47,middle,Number,56.0,194.0,0.0,-1.2874242424242421,0.0,0.0,0.0,0.0,0.0,0.0,0.0,1.7857142857142858,0.0,0.0
d0047_t011,frontier,opus47,middle,Geometry and Measure,1.0,2.0,0.0,-3.3999999999999986,0.0,0.0,0.0,0.0,0.0,0.0,0.0,0.0,0.0,0.0
d0039_t028,frontier,opus47,middle,Algebra,3.0,13.0,0.0,5.246666666666666,0.0,0.0,0.0,0.0,0.0,0.0,0.0,0.0,1.0,0.0
d0272_t027,frontier,opus47,middle,Number,7.0,17.0,0.0,-2.2299999999999986,0.0,0.0,0.0,0.0,0.0,0.0,1.0,0.0,0.0,0.0
d0270_t013,frontier,opus47,middle,Number,3.0,10.0,0.0,-3.01,0.0,0.0,0.0,0.0,0.0,0.0,0.0,0.0,0.0,0.0
d0340_t009,frontier,opus47,middle,Number,12.0,47.0,0.0,1.572727272727274,0.0,8.333333333333334,0.0,8.333333333333334,0.0,0.0,1.0,0.0,1.0,0.0
d0264_t007,frontier,opus47,middle,Number,7.0,24.0,0.0,0.5199999999999996,0.0,14.285714285714286,0.0,14.285714285714286,0.0,0.0,1.0,0.0,0.0,0.0
d0348_t014,frontier,opus47,middle,Number,21.0,70.0,0.0,-1.053333333333331,0.0,4.761904761904762,0.0,0.0,0.0,0.0,1.0,0.0,1.0,0.0
d0305_t010,frontier,opus47,middle,Number,7.0,24.0,0.0,2.879999999999999,0.0,0.0,0.0,0.0,0.0,0.0,1.0,0.0,1.0,0.0
d0143_t012,frontier,opus47,middle,Number,7.0,17.0,0.0,-1.8399999999999999,0.0,0.0,0.0,14.285714285714286,0.0,0.0,1.0,0.0,1.0,0.0
d0192_t015,frontier,opus47,middle,Number,2.0,4.0,0.0,-3.01,0.0,0.0,0.0,0.0,0.0,0.0,0.0,0.0,1.0,0.0
d0360_t011,frontier,opus47,middle,Number,2.0,3.0,0.0,-3.3999999999999986,0.0,0.0,0.0,0.0,0.0,0.0,1.0,0.0,0.0,0.0
d0378_t005,frontier,opus47,middle,Algebra,17.0,74.0,0.0,5.884285714285717,0.0,5.882352941176471,0.0,0.0,0.0,0.0,1.0,5.882352941176471,0.0,5.882352941176471
d0122_t012,frontier,opus47,middle,Number,7.0,19.0,0.0,-2.2299999999999986,0.0,0.0,0.0,14.285714285714286,0.0,0.0,1.0,0.0,0.0,0.0
d0279_t009,frontier,opus47,middle,Number,5.0,18.0,0.0,0.5199999999999996,0.0,0.0,0.0,20.0,0.0,0.0,0.0,0.0,1.0,0.0
d0168_t012,frontier,opus47,middle,Number,16.0,61.0,0.0,4.003076923076925,0.0,6.25,0.0,0.0,0.0,0.5,1.0,0.0,1.0,6.25
d0174_t007,frontier,opus47,middle,Number,10.0,33.0,0.0,2.342222222222226,0.0,0.0,0.0,10.0,0.0,0.0,1.0,0.0,0.0,0.0
d0018_t009,frontier,opus47,middle,Number,10.0,26.0,0.0,-1.4499999999999993,0.0,10.0,0.0,0.0,0.0,0.0,1.0,0.0,1.0,0.0
d0364_t005,frontier,opus47,middle,Data and Statistics,10.0,40.0,0.0,2.4700000000000024,0.0,0.0,0.0,20.0,0.0,0.0,0.0,0.0,1.0,0.0
d0360_t007,frontier,opus47,middle,Number,1.0,3.0,0.0,-3.3999999999999986,0.0,0.0,0.0,0.0,0.0,0.0,0.0,0.0,0.0,0.0
d0076_t007,frontier,opus47,middle,Number,5.0,20.0,0.0,0.7199999999999989,0.0,20.0,0.0,0.0,0.0,0.0,1.0,0.0,1.0,20.0
d0105_t011,frontier,opus47,middle,Geometry and Measure,9.0,17.0,0.0,-1.8399999999999999,0.0,0.0,0.0,0.0,0.0,0.0,0.0,0.0,1.0,0.0
d0123_t007,frontier,opus47,middle,Number,1.0,3.0,0.0,-3.3999999999999986,0.0,0.0,0.0,0.0,0.0,0.0,0.0,0.0,0.0,0.0
d0293_t009,frontier,opus47,middle,Number,16.0,57.0,0.0,0.6257142857142846,0.0,6.25,0.0,0.0,0.0,0.0,1.0,0.0,0.0,0.0
d0100_t021,frontier,opus47,middle,Number,16.0,50.0,0.0,-1.2466666666666661,0.0,0.0,0.0,0.0,0.0,0.0,0.0,0.0,0.0,0.0
d0198_t007,frontier,opus47,middle,Number,10.0,33.0,0.0,-0.6699999999999982,0.0,0.0,0.0,10.0,0.0,0.0,0.0,10.0,1.0,0.0
d0296_t013,frontier,opus47,middle,Number,10.0,39.0,0.0,-0.6699999999999982,0.0,0.0,0.0,10.0,0.0,0.0,0.0,0.0,1.0,0.0
d0292_t011,frontier,opus47,middle,Data and Statistics,12.0,42.0,0.0,3.7550000000000026,0.0,0.0,0.0,8.333333333333334,0.0,0.0,0.0,0.0,0.0,0.0
d0193_t013,frontier,opus47,middle,Number,12.0,38.0,0.0,0.11000000000000121,0.0,0.0,0.0,0.0,0.0,0.0,0.0,0.0,1.0,0.0
d0279_t011,frontier,opus47,middle,Number,11.0,31.0,0.0,-0.27999999999999936,0.0,0.0,0.0,0.0,0.0,0.0,1.0,0.0,1.0,0.0
d0166_t013,frontier,opus47,middle,Number,7.0,22.0,0.0,-1.8399999999999999,0.0,14.285714285714286,0.0,0.0,14.285714285714286,0.0,1.0,0.0,0.0,0.0
d0248_t029,frontier,opus47,middle,Number,4.0,16.0,0.0,5.246666666666666,0.0,0.0,0.0,0.0,0.0,0.0,1.0,0.0,1.0,0.0
d0104_t009,frontier,opus47,middle,Geometry and Measure,18.0,40.0,0.0,1.2800000000000011,0.0,0.0,0.0,0.0,0.0,0.0,0.0,0.0,1.0,0.0
d0010_t017,frontier,opus47,middle,Algebra,11.0,29.0,0.0,-1.4499999999999993,0.0,0.0,0.0,0.0,0.0,0.0,0.0,0.0,1.0,0.0
d0095_t011,frontier,opus47,middle,Number,2.0,3.0,0.0,-3.3999999999999986,0.0,0.0,0.0,0.0,0.0,0.0,1.0,0.0,0.0,0.0
d0166_t015,frontier,opus47,middle,Number,13.0,50.0,0.0,0.5004545454545486,0.0,7.6923076923076925,0.0,0.0,7.6923076923076925,0.0,1.0,0.0,0.0,0.0
d0022_t013,frontier,opus47,middle,Number,4.0,11.0,0.0,-2.619999999999999,0.0,0.0,0.0,0.0,0.0,0.0,0.0,0.0,1.0,25.0
d0018_t007,frontier,opus47,middle,Number,2.0,3.0,0.0,-3.3999999999999986,0.0,0.0,0.0,0.0,0.0,0.0,0.0,0.0,0.0,0.0
d0042_t009,frontier,opus47,middle,Data and Statistics,17.0,74.0,0.0,3.068333333333335,5.882352941176471,5.882352941176471,0.0,0.0,0.0,0.0,1.0,0.0,1.0,0.0
d0007_t007,frontier,opus47,middle,Number,7.0,22.0,0.0,0.5199999999999996,0.0,14.285714285714286,0.0,14.285714285714286,0.0,0.0,0.0,0.0,0.0,0.0
d0312_t009,frontier,opus47,middle,Algebra,10.0,48.0,0.0,2.342222222222226,0.0,0.0,0.0,0.0,0.0,0.0,1.0,0.0,1.0,10.0
d0181_t013,frontier,opus47,middle,Number,4.0,20.0,0.0,-2.2299999999999986,0.0,0.0,0.0,0.0,0.0,0.0,0.0,0.0,0.0,0.0
d0112_t007,frontier,opus47,middle,Number,18.0,59.0,0.0,4.19857142857143,0.0,0.0,0.0,5.555555555555555,0.0,0.0,0.0,5.555555555555555,0.0,0.0
d0196_t011,frontier,opus47,middle,Number,1.0,2.0,0.0,-3.3999999999999986,0.0,0.0,0.0,0.0,0.0,0.0,0.0,0.0,0.0,0.0
d0117_t019,frontier,opus47,middle,Number,10.0,30.0,0.0,-0.754999999999999,0.0,0.0,0.0,10.0,0.0,0.0,1.0,0.0,1.0,0.0
d0348_t012,frontier,opus47,middle,Number,1.0,4.0,0.0,-3.3999999999999986,0.0,0.0,0.0,0.0,0.0,0.0,0.0,0.0,0.0,0.0
d0191_t006,frontier,opus47,middle,Number,6.0,14.0,0.0,-2.2299999999999986,0.0,16.666666666666668,0.0,16.666666666666668,0.0,0.0,1.0,0.0,0.0,0.0
d0039_t022,frontier,opus47,middle,Algebra,5.0,11.0,0.0,-2.2299999999999986,0.0,0.0,0.0,0.0,0.0,0.0,0.0,0.0,1.0,0.0
d0125_t015,frontier,opus47,middle,Number,1.0,5.0,0.0,-3.3999999999999986,0.0,0.0,0.0,0.0,0.0,0.0,0.0,0.0,0.0,0.0
d0164_t013,frontier,opus47,late,Number,8.0,31.0,0.0,2.3114285714285714,0.0,0.0,0.0,12.5,0.0,0.0,1.0,0.0,0.0,12.5
d0313_t012,frontier,opus47,middle,Number,25.0,77.0,0.0,0.06750000000000256,0.0,0.0,4.0,4.0,0.0,0.0,0.0,4.0,0.0,0.0
d0030_t017,frontier,opus47,late,Geometry and Measure,2.0,3.0,0.0,-3.3999999999999986,0.0,0.0,0.0,0.0,0.0,0.0,1.0,0.0,0.0,0.0
d0317_t015,frontier,opus47,late,Data and Statistics,6.0,20.0,0.0,0.5199999999999996,0.0,16.666666666666668,0.0,16.666666666666668,0.0,0.0,1.0,0.0,1.0,0.0
d0149_t053,frontier,opus47,late,Number,8.0,40.0,0.0,0.946428571428573,0.0,0.0,0.0,0.0,0.0,0.0,0.0,0.0,1.0,12.5
d0077_t029,frontier,opus47,late,Number,1.0,1.0,0.0,-3.3999999999999986,0.0,0.0,0.0,0.0,0.0,0.0,0.0,0.0,0.0,0.0
d0206_t019,frontier,opus47,late,Algebra,16.0,59.0,0.0,1.6700000000000017,6.25,0.0,0.0,6.25,0.0,0.0,0.0,0.0,1.0,0.0
d0137_t017,frontier,opus47,late,Number,8.0,31.0,0.0,-1.4499999999999993,0.0,0.0,0.0,0.0,0.0,0.0,0.0,0.0,0.0,0.0
d0374_t013,frontier,opus47,middle,Algebra,23.0,78.0,0.0,0.5,0.0,4.3478260869565215,0.0,4.3478260869565215,0.0,0.0,1.0,0.0,1.0,0.0
d0028_t015,frontier,opus47,late,Number,4.0,8.0,0.0,-2.619999999999999,0.0,0.0,0.0,0.0,0.0,0.0,1.0,0.0,1.0,0.0
d0127_t009,frontier,opus47,late,Number,1.0,4.0,0.0,-3.3999999999999986,0.0,0.0,0.0,0.0,0.0,0.0,0.0,0.0,0.0,0.0
d0182_t013,frontier,opus47,late,Number,20.0,78.0,0.0,2.280000000000001,0.0,0.0,0.0,15.0,0.0,0.0,0.0,0.0,0.0,0.0
d0330_t023,frontier,opus47,late,Number,3.0,10.0,0.0,2.890000000000004,0.0,0.0,0.0,0.0,0.0,0.0,0.0,0.0,1.0,0.0
d0042_t023,frontier,opus47,late,Data and Statistics,16.0,68.0,0.0,-0.07833333333333137,0.0,0.0,0.0,6.25,0.0,0.0,0.0,0.0,1.0,6.25
d0070_t033,frontier,opus47,late,Number,5.0,13.0,0.0,-2.619999999999999,0.0,0.0,0.0,0.0,0.0,0.0,0.0,0.0,0.0,0.0
d0174_t015,frontier,opus47,late,Number,24.0,88.0,0.0,-0.1388888888888875,0.0,0.0,0.0,0.0,4.166666666666667,0.0,0.0,4.166666666666667,0.0,4.166666666666667
d0098_t019,frontier,opus47,late,Geometry and Measure,5.0,17.0,0.0,5.246666666666666,0.0,0.0,0.0,0.0,0.0,0.0,1.0,0.0,1.0,0.0
d0286_t015,frontier,opus47,late,Number,8.0,24.0,0.0,-1.4499999999999993,0.0,0.0,0.0,12.5,0.0,0.0,0.0,0.0,1.0,0.0
d0088_t027,frontier,opus47,late,Algebra,4.0,12.0,0.0,0.7199999999999989,0.0,0.0,0.0,0.0,0.0,0.0,0.0,0.0,1.0,0.0
d0363_t015,frontier,opus47,late,Geometry and Measure,12.0,39.0,0.0,3.7550000000000026,0.0,0.0,0.0,8.333333333333334,0.0,0.0,0.0,0.0,1.0,0.0
d0215_t019,frontier,opus47,late,Algebra,6.0,22.0,0.0,-2.2299999999999986,0.0,0.0,0.0,0.0,0.0,0.0,0.0,0.0,0.0,0.0
d0039_t048,frontier,opus47,late,Algebra,50.0,181.0,0.0,3.2524324324324354,2.0,0.0,0.0,4.0,0.0,0.0,0.0,2.0,0.0,0.0
d0346_t021,frontier,opus47,late,Number,13.0,42.0,0.0,-0.7238888888888866,0.0,0.0,0.0,0.0,7.6923076923076925,0.0,1.0,0.0,0.0,0.0
d0315_t015,frontier,opus47,late,Data and Statistics,5.0,22.0,0.0,0.5199999999999996,0.0,0.0,0.0,0.0,0.0,0.0,0.0,0.0,0.0,0.0
d0172_t033,frontier,opus47,late,Number,10.0,32.0,0.0,-0.6699999999999982,10.0,0.0,0.0,10.0,0.0,0.0,0.0,0.0,0.0,0.0
d0030_t013,frontier,opus47,late,Geometry and Measure,10.0,43.0,0.0,4.830000000000002,0.0,0.0,0.0,0.0,0.0,0.0,0.0,0.0,1.0,0.0
d0009_t023,frontier,opus47,late,Number,5.0,15.0,0.0,0.7199999999999989,0.0,0.0,0.0,0.0,0.0,0.0,1.0,0.0,1.0,0.0
d0298_t023,frontier,opus47,late,Number,4.0,11.0,0.0,-2.619999999999999,0.0,0.0,0.0,0.0,0.0,0.0,1.0,0.0,1.0,0.0
d0367_t029,frontier,opus47,late,Number,9.0,30.0,0.0,2.3114285714285714,0.0,0.0,0.0,11.11111111111111,0.0,0.0,0.0,0.0,1.0,0.0
d0194_t019,frontier,opus47,late,Number,2.0,3.0,0.0,-3.3999999999999986,0.0,0.0,0.0,0.0,0.0,0.0,1.0,0.0,0.0,0.0
d0121_t021,frontier,opus47,late,Number,5.0,23.0,0.0,-1.8399999999999999,0.0,0.0,0.0,0.0,0.0,0.0,0.0,0.0,1.0,0.0
d0361_t019,frontier,opus47,late,Number,17.0,63.0,0.0,0.6257142857142846,0.0,0.0,0.0,17.647058823529413,0.0,0.0,0.0,0.0,1.0,0.0
d0276_t022,frontier,opus47,late,Number,7.0,28.0,0.0,0.6257142857142846,0.0,14.285714285714286,0.0,14.285714285714286,0.0,0.0,0.0,0.0,1.0,0.0
d0122_t022,frontier,opus47,late,Number,21.0,64.0,0.0,-0.6699999999999982,9.523809523809524,4.761904761904762,0.0,9.523809523809524,0.0,0.0,1.0,4.761904761904762,0.0,0.0
d0169_t017,frontier,opus47,late,Number,1.0,1.0,0.0,-3.3999999999999986,0.0,0.0,0.0,0.0,0.0,0.0,0.0,0.0,0.0,0.0
d0374_t021,frontier,opus47,late,Algebra,12.0,46.0,0.0,1.2900000000000027,0.0,0.0,0.0,8.333333333333334,8.333333333333334,0.0,0.0,0.0,1.0,0.0
d0295_t017,frontier,opus47,late,Number,1.0,4.0,0.0,-3.3999999999999986,0.0,0.0,0.0,0.0,0.0,0.0,0.0,0.0,0.0,0.0
d0215_t017,frontier,opus47,late,Algebra,4.0,8.0,0.0,-2.619999999999999,0.0,0.0,0.0,25.0,0.0,0.0,1.0,0.0,0.0,0.0
d0004_t015,frontier,opus47,late,Number,5.0,18.0,0.0,0.7199999999999989,0.0,0.0,0.0,20.0,0.0,0.0,0.0,0.0,0.0,0.0
d0278_t038,frontier,opus47,late,Number,1.0,1.0,0.0,-3.3999999999999986,0.0,0.0,0.0,0.0,0.0,0.0,0.0,0.0,0.0,0.0
d0371_t018,frontier,opus47,late,Algebra,1.0,2.0,0.0,-3.3999999999999986,0.0,0.0,0.0,0.0,0.0,0.0,0.0,0.0,0.0,0.0
d0242_t013,frontier,opus47,late,Data and Statistics,7.0,22.0,0.0,-1.0599999999999987,0.0,0.0,0.0,0.0,0.0,0.0,0.0,0.0,1.0,0.0
d0002_t021,frontier,opus47,late,Algebra,7.0,21.0,0.0,1.3133333333333361,0.0,0.0,0.0,0.0,0.0,0.0,0.0,0.0,0.0,0.0
d0131_t034,frontier,opus47,late,Number,7.0,28.0,0.0,6.416666666666668,0.0,0.0,0.0,0.0,0.0,0.0,0.0,0.0,1.0,14.285714285714286
d0161_t023,frontier,opus47,late,Number,10.0,38.0,0.0,-0.6699999999999982,0.0,0.0,0.0,0.0,0.0,0.0,0.0,0.0,0.0,0.0
d0277_t023,frontier,opus47,late,Number,1.0,5.0,0.0,-3.3999999999999986,0.0,0.0,0.0,0.0,0.0,0.0,0.0,0.0,0.0,0.0
d0348_t020,frontier,opus47,late,Number,10.0,39.0,0.0,2.280000000000001,0.0,0.0,0.0,10.0,0.0,0.0,0.0,0.0,1.0,0.0
d0147_t015,frontier,opus47,late,Number,5.0,21.0,0.0,-2.2299999999999986,0.0,0.0,0.0,0.0,0.0,0.0,0.0,0.0,1.0,0.0
d0201_t013,frontier,opus47,late,Number,10.0,36.0,0.0,-1.0599999999999987,0.0,0.0,0.0,10.0,0.0,0.0,0.0,0.0,0.0,0.0
d0278_t048,frontier,opus47,late,Number,21.0,68.0,0.0,3.5341176470588245,0.0,0.0,0.0,14.285714285714286,0.0,0.0,0.0,0.0,0.0,4.761904761904762
d0237_t031,frontier,opus47,late,Geometry and Measure,19.0,83.0,0.0,1.5425000000000004,0.0,0.0,0.0,5.2631578947368425,0.0,0.0,0.0,0.0,1.0,0.0
d0000_t015,frontier,opus47,late,Algebra,5.0,14.0,0.0,-1.8399999999999999,0.0,0.0,0.0,20.0,0.0,0.0,0.0,0.0,1.0,0.0
d0170_t013,frontier,opus47,late,Number,15.0,53.0,0.0,1.5731818181818191,0.0,0.0,0.0,6.666666666666667,0.0,0.0,1.0,0.0,1.0,0.0
d0278_t042,frontier,opus47,late,Number,2.0,2.0,0.0,-3.3999999999999986,0.0,0.0,0.0,0.0,0.0,0.0,1.0,0.0,0.0,0.0
d0042_t019,frontier,opus47,late,Data and Statistics,11.0,46.0,0.0,3.653333333333336,0.0,0.0,0.0,9.090909090909092,0.0,0.0,1.0,0.0,1.0,0.0
d0354_t020,frontier,opus47,late,Number,8.0,27.0,0.0,-1.8399999999999999,0.0,0.0,0.0,0.0,0.0,0.0,0.0,0.0,0.0,0.0
d0357_t013,frontier,opus47,late,Number,14.0,56.0,0.0,-0.4666666666666668,0.0,0.0,0.0,14.285714285714286,0.0,0.0,0.0,0.0,1.0,0.0
d0222_t019,frontier,opus47,late,Algebra,12.0,45.0,0.0,3.650000000000002,0.0,0.0,0.0,8.333333333333334,0.0,0.0,1.0,0.0,0.0,0.0
d0091_t014,frontier,opus47,late,Geometry and Measure,14.0,74.0,0.0,5.041428571428572,0.0,0.0,0.0,7.142857142857143,0.0,0.0,0.0,0.0,1.0,7.142857142857143
d0238_t021,frontier,opus47,late,Geometry and Measure,9.0,31.0,0.0,-1.4499999999999993,0.0,0.0,0.0,0.0,0.0,0.0,0.0,0.0,1.0,0.0
d0020_t013,frontier,opus47,late,Number,7.0,19.0,0.0,-2.2299999999999986,0.0,0.0,0.0,0.0,0.0,0.0,1.0,0.0,1.0,0.0
d0110_t017,frontier,opus47,late,Number,18.0,73.0,0.0,6.137499999999999,0.0,5.555555555555555,0.0,11.11111111111111,0.0,0.0,1.0,0.0,0.0,0.0
d0093_t015,frontier,opus47,late,Geometry and Measure,4.0,9.0,0.0,-2.619999999999999,0.0,0.0,0.0,25.0,0.0,0.0,1.0,0.0,1.0,0.0
d0009_t025,frontier,opus47,late,Number,6.0,17.0,0.0,0.5199999999999996,0.0,0.0,0.0,0.0,0.0,0.0,0.0,0.0,1.0,0.0
d0315_t013,frontier,opus47,late,Data and Statistics,10.0,44.0,0.0,6.705000000000002,10.0,0.0,0.0,0.0,0.0,0.0,0.0,10.0,1.0,0.0
d0153_t019,frontier,opus47,late,Number,12.0,28.0,0.0,-1.0599999999999987,0.0,8.333333333333334,0.0,0.0,0.0,0.0,1.0,8.333333333333334,0.0,0.0
d0331_t033,frontier,opus47,late,Number,6.0,26.0,0.0,3.6700000000000017,0.0,0.0,0.0,0.0,0.0,0.0,0.0,0.0,0.0,0.0
d0116_t012,frontier,opus47,late,Number,11.0,36.0,0.0,1.0311111111111124,0.0,0.0,0.0,9.090909090909092,0.0,0.0,0.0,0.0,0.0,0.0
d0200_t023,frontier,opus47,late,Number,15.0,59.0,0.0,2.375769230769233,0.0,0.0,0.0,20.0,0.0,0.0,0.0,0.0,0.0,6.666666666666667
d0372_t013,frontier,opus47,late,Algebra,4.0,9.0,0.0,-2.619999999999999,0.0,0.0,0.0,0.0,0.0,0.0,0.0,0.0,1.0,0.0
d0124_t013,frontier,opus47,late,Number,5.0,22.0,0.0,-1.8399999999999999,20.0,20.0,0.0,0.0,0.0,0.0,0.0,0.0,1.0,0.0
d0136_t021,frontier,opus47,late,Number,29.0,94.0,0.0,0.8669047619047632,0.0,0.0,0.0,0.0,0.0,0.0,1.0,3.4482758620689653,1.0,0.0
d0267_t017,frontier,opus47,late,Number,17.0,54.0,0.0,1.5,0.0,0.0,0.0,11.764705882352942,0.0,0.0,0.0,5.882352941176471,1.0,0.0
d0278_t050,frontier,opus47,late,Number,11.0,37.0,0.0,2.280000000000001,0.0,0.0,0.0,9.090909090909092,0.0,0.0,0.0,0.0,0.0,18.181818181818183
d0055_t017,frontier,opus47,late,Geometry and Measure,13.0,40.0,0.0,-1.6449999999999996,0.0,0.0,0.0,0.0,0.0,0.0,1.0,0.0,0.0,7.6923076923076925
d0289_t013,frontier,opus47,late,Algebra,13.0,47.0,0.0,-0.27999999999999936,0.0,0.0,0.0,7.6923076923076925,0.0,0.0,0.0,0.0,0.0,0.0
d0295_t019,frontier,opus47,late,Number,1.0,4.0,0.0,-3.3999999999999986,0.0,0.0,0.0,0.0,0.0,0.0,0.0,0.0,0.0,0.0
d0086_t019,frontier,opus47,late,Algebra,5.0,15.0,0.0,-2.2299999999999986,0.0,0.0,0.0,0.0,0.0,0.0,1.0,0.0,1.0,0.0
d0210_t019,frontier,opus47,late,Algebra,21.0,78.0,0.0,2.301470588235297,0.0,0.0,0.0,0.0,0.0,0.0,0.0,0.0,0.0,0.0
d0077_t027,frontier,opus47,late,Number,9.0,32.0,0.0,2.3114285714285714,0.0,0.0,0.0,11.11111111111111,0.0,0.0,0.0,0.0,0.0,0.0
d0291_t013,frontier,opus47,late,Number,3.0,8.0,0.0,-3.01,0.0,0.0,0.0,0.0,0.0,0.0,0.0,0.0,0.0,0.0
d0217_t012,frontier,opus47,late,Algebra,8.0,27.0,0.0,-1.8399999999999999,0.0,0.0,0.0,0.0,0.0,0.0,0.0,0.0,0.0,0.0
d0060_t013,frontier,opus47,late,Number,11.0,28.0,0.0,0.6257142857142846,0.0,9.090909090909092,0.0,9.090909090909092,0.0,0.0,1.0,0.0,0.0,0.0
d0258_t013,frontier,opus47,late,Data and Statistics,10.0,33.0,0.0,0.8049999999999997,0.0,20.0,0.0,0.0,10.0,0.0,0.0,0.0,1.0,0.0
d0130_t017,frontier,opus47,late,Number,,,,,,,,,,,,,,
d0240_t019,frontier,opus47,late,Data and Statistics,16.0,67.0,0.0,0.560384615384617,0.0,0.0,0.0,6.25,0.0,0.3333333333333333,0.0,0.0,0.0,0.0
d0259_t024,frontier,opus47,late,Data and Statistics,4.0,6.0,0.0,-3.01,0.0,25.0,0.0,0.0,0.0,0.0,0.0,0.0,0.0,0.0
d0001_t020,frontier,opus47,late,Algebra,1.0,3.0,0.0,-3.3999999999999986,0.0,0.0,0.0,0.0,0.0,0.0,0.0,0.0,0.0,0.0
d0117_t031,frontier,opus47,late,Number,7.0,26.0,0.0,0.5199999999999996,0.0,0.0,0.0,14.285714285714286,0.0,0.0,0.0,0.0,1.0,0.0
d0037_t026,frontier,opus47,late,Data and Statistics,11.0,33.0,0.0,-0.27999999999999936,0.0,0.0,0.0,9.090909090909092,0.0,0.0,0.0,9.090909090909092,0.0,9.090909090909092
d0379_t036,frontier,opus47,late,Algebra,7.0,32.0,0.0,0.6257142857142846,0.0,28.571428571428573,0.0,14.285714285714286,0.0,0.0,0.0,0.0,1.0,0.0
d0344_t019,frontier,opus47,late,Algebra,10.0,44.0,0.0,-2.2299999999999986,0.0,0.0,0.0,10.0,0.0,0.0,0.0,0.0,0.0,0.0
d0027_t017,frontier,opus47,late,Geometry and Measure,6.0,16.0,0.0,-2.2299999999999986,0.0,0.0,0.0,16.666666666666668,0.0,0.0,1.0,0.0,1.0,0.0
d0023_t019,frontier,opus47,late,Number,17.0,61.0,0.0,3.633333333333333,0.0,5.882352941176471,0.0,0.0,0.0,0.0,1.0,0.0,0.0,0.0
d0372_t017,frontier,opus47,late,Algebra,18.0,66.0,0.0,-0.2171428571428553,0.0,0.0,0.0,5.555555555555555,0.0,0.0,0.0,0.0,0.0,5.555555555555555
d0223_t095,frontier,opus47,late,Number,4.0,8.0,0.0,1.3133333333333361,0.0,25.0,0.0,0.0,0.0,0.0,0.0,0.0,1.0,0.0
d0162_t023,frontier,opus47,late,Number,16.0,79.0,0.0,3.8550000000000004,0.0,6.25,0.0,6.25,0.0,0.0,0.0,0.0,1.0,6.25
d0290_t012,frontier,opus47,late,Algebra,9.0,15.0,0.0,-2.2299999999999986,0.0,0.0,0.0,0.0,0.0,0.0,0.0,11.11111111111111,1.0,0.0
d0093_t017,frontier,opus47,late,Geometry and Measure,4.0,9.0,0.0,-2.619999999999999,0.0,0.0,0.0,25.0,0.0,0.0,1.0,0.0,1.0,0.0
d0243_t014,frontier,opus47,late,Data and Statistics,7.0,20.0,0.0,-2.2299999999999986,0.0,14.285714285714286,0.0,0.0,0.0,0.0,1.0,0.0,1.0,0.0
d0054_t021,frontier,opus47,late,Geometry and Measure,5.0,21.0,0.0,9.180000000000003,0.0,0.0,0.0,0.0,0.0,0.0,0.0,0.0,1.0,0.0
d0279_t015,frontier,opus47,late,Number,6.0,25.0,0.0,0.5166666666666693,0.0,0.0,0.0,16.666666666666668,0.0,0.0,0.0,0.0,1.0,0.0
d0270_t001,frontier,sonnet46,early,Number,5.0,16.0,0.0,1.3133333333333361,0.0,0.0,0.0,0.0,0.0,0.0,0.0,0.0,0.0,0.0
d0094_t005,frontier,sonnet46,early,Number,14.0,60.0,0.0,3.0953846153846136,7.142857142857143,7.142857142857143,0.0,7.142857142857143,0.0,0.0,0.0,0.0,1.0,0.0
d0360_t001,frontier,sonnet46,early,Number,14.0,42.0,0.0,-0.754999999999999,0.0,0.0,0.0,7.142857142857143,0.0,0.0,1.0,7.142857142857143,0.0,0.0
d0068_t003,frontier,sonnet46,early,Number,30.0,126.0,0.0,3.653333333333336,0.0,13.333333333333334,0.0,0.0,0.0,0.14285714285714285,0.0,0.0,1.0,3.3333333333333335
d0122_t004,frontier,sonnet46,early,Number,16.0,79.0,0.0,5.993333333333336,0.0,6.25,0.0,6.25,0.0,1.0,0.0,6.25,0.0,0.0
d0239_t002,frontier,sonnet46,early,Geometry and Measure,38.0,149.0,0.0,1.762580645161293,0.0,2.6315789473684212,0.0,5.2631578947368425,0.0,0.0,1.0,5.2631578947368425,0.0,2.6315789473684212
d0165_t001,frontier,sonnet46,early,Number,40.0,155.0,0.0,1.1016666666666666,0.0,0.0,0.0,0.0,0.0,0.0,0.0,5.0,0.0,0.0
d0065_t001,frontier,sonnet46,early,Number,55.0,237.0,0.0,5.993333333333336,1.8181818181818181,0.0,0.0,1.8181818181818181,0.0,0.3,0.0,5.454545454545454,0.0,0.0
d0314_t003,frontier,sonnet46,early,Data and Statistics,31.0,146.0,0.0,12.106451612903225,0.0,3.225806451612903,0.0,3.225806451612903,0.0,0.125,0.0,0.0,1.0,0.0
d0301_t000,frontier,sonnet46,early,Algebra,18.0,71.0,0.0,3.068333333333335,5.555555555555555,0.0,0.0,5.555555555555555,0.0,0.25,1.0,0.0,0.0,0.0
d0150_t005,frontier,sonnet46,early,Number,6.0,22.0,0.0,2.4833333333333343,0.0,0.0,0.0,16.666666666666668,0.0,0.0,0.0,0.0,1.0,0.0
d0054_t005,frontier,sonnet46,early,Geometry and Measure,20.0,74.0,0.0,1.6073529411764724,0.0,5.0,0.0,10.0,0.0,0.0,1.0,0.0,1.0,5.0
d0131_t004,frontier,sonnet46,early,Number,20.0,86.0,0.0,2.995588235294118,0.0,15.0,0.0,5.0,0.0,0.5,1.0,0.0,0.0,0.0
d0132_t005,frontier,sonnet46,early,Number,8.0,31.0,0.0,2.4833333333333343,0.0,12.5,0.0,12.5,0.0,0.0,0.0,12.5,0.0,0.0
d0160_t001,frontier,sonnet46,early,Number,43.0,175.0,0.0,3.4064705882352975,2.3255813953488373,0.0,0.0,2.3255813953488373,0.0,0.0,0.0,4.651162790697675,0.0,2.3255813953488373
d0186_t001,frontier,sonnet46,early,Number,3.0,5.0,0.0,-3.3999999999999986,0.0,0.0,0.0,0.0,0.0,0.0,0.0,0.0,0.0,0.0
d0092_t003,frontier,sonnet46,early,Geometry and Measure,9.0,34.0,0.0,0.6257142857142846,0.0,11.11111111111111,0.0,0.0,0.0,0.0,0.0,11.11111111111111,0.0,0.0
d0007_t003,frontier,sonnet46,early,Number,8.0,40.0,0.0,3.997142857142858,0.0,0.0,0.0,0.0,0.0,0.0,0.0,0.0,0.0,0.0
d0279_t005,frontier,sonnet46,early,Number,15.0,71.0,0.0,5.884285714285717,0.0,0.0,0.0,6.666666666666667,0.0,0.5,1.0,0.0,0.0,0.0
d0117_t005,frontier,sonnet46,early,Number,5.0,20.0,0.0,0.5199999999999996,0.0,20.0,0.0,0.0,0.0,0.0,0.0,0.0,1.0,0.0
d0267_t003,frontier,sonnet46,early,Number,2.0,3.0,0.0,-3.3999999999999986,0.0,0.0,0.0,0.0,0.0,0.0,0.0,0.0,0.0,0.0
d0017_t013,frontier,sonnet46,early,Number,1.0,3.0,0.0,-3.3999999999999986,0.0,0.0,0.0,0.0,0.0,0.0,0.0,0.0,0.0,0.0
d0284_t005,frontier,sonnet46,early,Number,2.0,3.0,0.0,-3.3999999999999986,0.0,0.0,0.0,0.0,0.0,0.0,1.0,0.0,0.0,0.0
d0182_t003,frontier,sonnet46,early,Number,16.0,71.0,0.0,4.450000000000003,6.25,12.5,0.0,0.0,0.0,0.0,1.0,6.25,0.0,0.0
d0034_t002,frontier,sonnet46,early,Data and Statistics,18.0,89.0,0.0,6.310588235294119,0.0,0.0,0.0,0.0,0.0,0.0,0.0,0.0,0.0,5.555555555555555
d0070_t005,frontier,sonnet46,early,Number,35.0,170.0,0.0,8.666923076923077,0.0,5.714285714285714,0.0,8.571428571428571,0.0,0.45454545454545453,1.0,0.0,0.0,8.571428571428571
d0319_t001,frontier,sonnet46,early,Number,33.0,124.0,0.0,2.7792592592592626,0.0,0.0,0.0,6.0606060606060606,0.0,0.0,1.0,3.0303030303030303,0.0,0.0
d0253_t002,frontier,sonnet46,early,Number,63.0,264.0,0.0,3.0000000000000036,0.0,3.1746031746031744,0.0,1.5873015873015872,0.0,0.0,1.0,4.761904761904762,0.0,0.0
d0131_t010,frontier,sonnet46,early,Number,18.0,58.0,0.0,2.2816666666666663,0.0,0.0,0.0,11.11111111111111,0.0,0.0,1.0,0.0,1.0,0.0
d0321_t002,frontier,sonnet46,early,Algebra,53.0,219.0,0.0,4.24436046511628,1.8867924528301887,0.0,3.7735849056603774,0.0,0.0,0.0,1.0,5.660377358490566,0.0,0.0
d0372_t001,frontier,sonnet46,early,Algebra,67.0,281.0,0.0,6.932280701754387,0.0,0.0,0.0,1.492537313432836,2.985074626865672,0.0,0.0,2.985074626865672,0.0,0.0
d0027_t005,frontier,sonnet46,early,Geometry and Measure,5.0,14.0,0.0,-2.2299999999999986,0.0,20.0,0.0,20.0,0.0,0.0,1.0,0.0,1.0,0.0
d0067_t003,frontier,sonnet46,early,Number,22.0,93.0,0.0,-0.07789473684210435,4.545454545454546,13.636363636363637,0.0,9.090909090909092,0.0,0.0,1.0,0.0,1.0,0.0
d0201_t003,frontier,sonnet46,early,Number,21.0,61.0,0.0,-2.327499999999999,0.0,9.523809523809524,0.0,9.523809523809524,0.0,0.0,1.0,0.0,0.0,0.0
d0031_t005,frontier,sonnet46,early,Number,8.0,26.0,0.0,0.5166666666666693,0.0,0.0,0.0,12.5,0.0,0.0,1.0,0.0,1.0,0.0
d0126_t002,frontier,sonnet46,early,Number,38.0,143.0,0.0,3.77758064516129,0.0,2.6315789473684212,0.0,5.2631578947368425,0.0,0.3333333333333333,0.0,7.894736842105263,0.0,0.0
d0223_t035,frontier,sonnet46,early,Number,9.0,19.0,0.0,0.5199999999999996,0.0,11.11111111111111,0.0,0.0,0.0,0.0,1.0,0.0,1.0,0.0
d0367_t005,frontier,sonnet46,early,Number,21.0,84.0,0.0,3.017500000000002,4.761904761904762,0.0,0.0,0.0,0.0,0.0,1.0,4.761904761904762,0.0,0.0
d0176_t003,frontier,sonnet46,early,Number,18.0,82.0,0.0,6.8750000000000036,0.0,5.555555555555555,0.0,0.0,0.0,0.0,0.0,0.0,0.0,0.0
d0011_t000,frontier,sonnet46,early,Number,22.0,92.0,0.0,1.1722222222222243,0.0,0.0,0.0,4.545454545454546,0.0,0.0,1.0,0.0,0.0,0.0
d0072_t001,frontier,sonnet46,early,Number,5.0,15.0,0.0,-2.619999999999999,0.0,0.0,0.0,0.0,0.0,0.0,0.0,0.0,0.0,0.0
d0211_t006,frontier,sonnet46,early,Algebra,14.0,53.0,0.0,1.572727272727274,0.0,14.285714285714286,0.0,7.142857142857143,0.0,0.0,1.0,0.0,0.0,0.0
d0071_t002,frontier,sonnet46,early,Number,41.0,168.0,0.0,2.3652941176470605,2.4390243902439024,2.4390243902439024,0.0,0.0,0.0,0.0,1.0,2.4390243902439024,0.0,2.4390243902439024
d0302_t003,frontier,sonnet46,early,Geometry and Measure,16.0,71.0,0.0,3.283461538461541,6.25,6.25,0.0,0.0,0.0,0.0,1.0,0.0,0.0,0.0
d0005_t003,frontier,sonnet46,early,Number,10.0,42.0,0.0,2.280000000000001,10.0,0.0,0.0,0.0,0.0,0.0,1.0,0.0,0.0,0.0
d0129_t003,frontier,sonnet46,early,Number,27.0,112.0,0.0,3.7732608695652203,7.407407407407407,3.7037037037037037,0.0,0.0,0.0,0.5,1.0,3.7037037037037037,0.0,0.0
d0081_t005,frontier,sonnet46,early,Algebra,11.0,42.0,0.0,2.4700000000000024,0.0,0.0,0.0,0.0,0.0,0.0,1.0,0.0,1.0,0.0
d0158_t002,frontier,sonnet46,early,Number,23.0,90.0,0.0,2.399210526315791,0.0,0.0,0.0,0.0,0.0,0.0,1.0,4.3478260869565215,0.0,4.3478260869565215
d0214_t003,frontier,sonnet46,early,Algebra,34.0,120.0,0.0,0.15361111111111292,5.882352941176471,5.882352941176471,2.9411764705882355,2.9411764705882355,2.9411764705882355,0.0,1.0,2.9411764705882355,0.0,0.0
d0376_t003,frontier,sonnet46,early,Algebra,13.0,41.0,0.0,-0.7238888888888866,0.0,7.6923076923076925,0.0,0.0,0.0,0.0,1.0,0.0,1.0,0.0
d0172_t007,frontier,sonnet46,early,Number,12.0,47.0,0.0,2.280000000000001,0.0,8.333333333333334,0.0,0.0,0.0,0.0,1.0,8.333333333333334,0.0,0.0
d0071_t008,frontier,sonnet46,early,Number,1.0,2.0,0.0,-3.3999999999999986,0.0,0.0,0.0,0.0,0.0,0.0,0.0,0.0,0.0,0.0
d0258_t001,frontier,sonnet46,early,Data and Statistics,5.0,14.0,0.0,-2.2299999999999986,0.0,0.0,0.0,0.0,0.0,0.0,0.0,0.0,0.0,0.0
d0158_t000,frontier,sonnet46,early,Number,33.0,142.0,0.0,5.206666666666667,3.0303030303030303,0.0,0.0,9.090909090909092,0.0,0.0,1.0,0.0,0.0,9.090909090909092
d0329_t007,frontier,sonnet46,early,Number,19.0,70.0,0.0,2.280000000000001,0.0,5.2631578947368425,0.0,5.2631578947368425,0.0,0.0,1.0,0.0,0.0,0.0
d0355_t003,frontier,sonnet46,early,Number,18.0,62.0,0.0,-0.2666666666666657,0.0,11.11111111111111,0.0,0.0,0.0,0.0,1.0,0.0,0.0,0.0
d0211_t004,frontier,sonnet46,early,Algebra,29.0,110.0,0.0,3.1818181818181834,3.4482758620689653,0.0,0.0,3.4482758620689653,0.0,0.0,0.0,3.4482758620689653,1.0,0.0
d0169_t001,frontier,sonnet46,early,Number,3.0,5.0,0.0,-3.3999999999999986,0.0,0.0,0.0,0.0,0.0,0.0,0.0,0.0,0.0,0.0
d0328_t001,frontier,sonnet46,early,Number,3.0,5.0,0.0,-3.3999999999999986,0.0,0.0,0.0,0.0,0.0,0.0,0.0,0.0,0.0,0.0
d0291_t001,frontier,sonnet46,early,Number,3.0,5.0,0.0,-3.3999999999999986,0.0,0.0,0.0,0.0,0.0,0.0,0.0,0.0,0.0,0.0
d0088_t009,frontier,sonnet46,early,Algebra,1.0,2.0,0.0,-3.3999999999999986,0.0,0.0,0.0,0.0,0.0,0.0,0.0,0.0,0.0,0.0
d0031_t009,frontier,sonnet46,early,Number,1.0,4.0,0.0,-3.3999999999999986,0.0,0.0,0.0,0.0,0.0,0.0,0.0,0.0,0.0,0.0
d0206_t003,frontier,sonnet46,early,Algebra,8.0,18.0,0.0,-1.8399999999999999,0.0,25.0,0.0,12.5,0.0,0.0,1.0,0.0,1.0,0.0
d0289_t003,frontier,sonnet46,early,Algebra,9.0,28.0,0.0,-1.0599999999999987,0.0,11.11111111111111,0.0,11.11111111111111,0.0,0.0,1.0,0.0,0.0,0.0
d0290_t004,frontier,sonnet46,early,Algebra,12.0,32.0,0.0,-0.754999999999999,8.333333333333334,8.333333333333334,0.0,8.333333333333334,0.0,0.0,1.0,0.0,1.0,8.333333333333334
d0260_t001,frontier,sonnet46,early,Data and Statistics,60.0,258.0,0.0,4.8844607843137275,3.3333333333333335,0.0,0.0,0.0,0.0,0.0,1.0,5.0,0.0,0.0
d0029_t001,frontier,sonnet46,early,Geometry and Measure,44.0,186.0,0.0,3.644527027027028,0.0,0.0,0.0,2.272727272727273,0.0,0.0,0.0,2.272727272727273,0.0,0.0
d0129_t001,frontier,sonnet46,early,Number,27.0,117.0,0.0,1.7518181818181837,7.407407407407407,3.7037037037037037,0.0,3.7037037037037037,0.0,0.5,0.0,3.7037037037037037,0.0,0.0
d0290_t002,frontier,sonnet46,early,Algebra,50.0,195.0,0.0,4.655000000000001,4.0,0.0,0.0,2.0,0.0,0.2857142857142857,0.0,6.0,0.0,2.0
d0300_t001,frontier,sonnet46,early,Number,33.0,133.0,0.0,5.408333333333335,0.0,0.0,0.0,0.0,0.0,0.0,0.0,6.0606060606060606,0.0,0.0
d0070_t007,frontier,sonnet46,early,Number,51.0,236.0,0.0,5.605846153846155,1.9607843137254901,5.882352941176471,0.0,0.0,1.9607843137254901,0.2222222222222222,1.0,5.882352941176471,0.0,1.9607843137254901
d0170_t001,frontier,sonnet46,early,Number,42.0,185.0,0.0,5.148484848484848,0.0,2.380952380952381,0.0,2.380952380952381,0.0,0.5,1.0,4.761904761904762,0.0,0.0
d0326_t001,frontier,sonnet46,early,Number,17.0,60.0,0.0,1.4685714285714297,0.0,5.882352941176471,0.0,11.764705882352942,0.0,0.0,1.0,0.0,0.0,0.0
d0309_t002,frontier,sonnet46,early,Data and Statistics,24.0,115.0,0.0,8.73,0.0,4.166666666666667,0.0,4.166666666666667,0.0,0.4,0.0,12.5,0.0,4.166666666666667
d0314_t001,frontier,sonnet46,early,Data and Statistics,9.0,33.0,0.0,0.6257142857142846,0.0,0.0,0.0,0.0,0.0,0.0,0.0,0.0,0.0,0.0
d0192_t003,frontier,sonnet46,early,Number,15.0,73.0,0.0,5.041428571428572,0.0,0.0,0.0,0.0,0.0,0.0,0.0,6.666666666666667,1.0,0.0
d0185_t003,frontier,sonnet46,early,Number,7.0,19.0,0.0,-1.8399999999999999,0.0,14.285714285714286,0.0,14.285714285714286,0.0,0.0,1.0,0.0,1.0,0.0
d0123_t005,frontier,sonnet46,early,Number,2.0,2.0,0.0,-3.3999999999999986,0.0,0.0,0.0,0.0,0.0,0.0,1.0,0.0,0.0,0.0
d0221_t009,frontier,sonnet46,early,Algebra,5.0,18.0,0.0,0.7199999999999989,0.0,0.0,0.0,0.0,0.0,0.0,1.0,0.0,1.0,0.0
d0331_t003,frontier,sonnet46,early,Number,20.0,84.0,0.0,4.541111111111114,0.0,5.0,0.0,0.0,0.0,0.0,1.0,0.0,0.0,0.0
d0049_t001,frontier,sonnet46,early,Geometry and Measure,57.0,235.0,0.0,7.570000000000004,0.0,0.0,0.0,1.7543859649122806,0.0,0.08333333333333333,0.0,3.508771929824561,0.0,1.7543859649122806
d0025_t001,frontier,sonnet46,early,Geometry and Measure,21.0,81.0,0.0,0.2191176470588232,4.761904761904762,4.761904761904762,0.0,0.0,0.0,0.0,0.0,4.761904761904762,0.0,0.0
d0079_t003,frontier,sonnet46,early,Number,35.0,129.0,0.0,2.764000000000003,2.857142857142857,2.857142857142857,0.0,0.0,0.0,0.0,0.0,11.428571428571429,0.0,0.0
d0360_t003,frontier,sonnet46,early,Number,20.0,102.0,0.0,11.07263157894737,0.0,5.0,0.0,0.0,0.0,0.16666666666666666,0.0,0.0,1.0,5.0
d0333_t001,frontier,sonnet46,early,Number,56.0,232.0,0.0,3.2602173913043515,3.5714285714285716,1.7857142857142858,0.0,1.7857142857142858,0.0,0.0,1.0,5.357142857142857,0.0,3.5714285714285716
d0045_t004,frontier,sonnet46,early,Number,24.0,106.0,0.0,4.790909090909089,0.0,0.0,0.0,4.166666666666667,0.0,0.5,1.0,0.0,0.0,0.0
d0072_t005,frontier,sonnet46,early,Number,7.0,43.0,0.0,10.350000000000001,0.0,0.0,0.0,0.0,0.0,0.5,0.0,0.0,0.0,28.571428571428573
d0221_t005,frontier,sonnet46,early,Algebra,5.0,21.0,0.0,-2.2299999999999986,0.0,20.0,0.0,0.0,0.0,0.0,0.0,20.0,1.0,0.0
d0047_t001,frontier,sonnet46,early,Geometry and Measure,3.0,5.0,0.0,-3.3999999999999986,0.0,0.0,0.0,0.0,0.0,0.0,0.0,0.0,0.0,0.0
d0080_t009,frontier,sonnet46,early,Number,6.0,17.0,0.0,-2.2299999999999986,0.0,0.0,0.0,0.0,0.0,0.0,1.0,0.0,1.0,0.0
d0235_t003,frontier,sonnet46,early,Algebra,21.0,83.0,0.0,-0.1388888888888875,9.523809523809524,0.0,0.0,14.285714285714286,0.0,0.0,1.0,0.0,1.0,0.0
d0248_t007,frontier,sonnet46,early,Number,12.0,51.0,0.0,5.831666666666667,8.333333333333334,16.666666666666668,0.0,0.0,0.0,1.0,1.0,0.0,0.0,0.0
d0161_t001,frontier,sonnet46,early,Number,3.0,5.0,0.0,-3.3999999999999986,0.0,0.0,0.0,0.0,0.0,0.0,0.0,0.0,0.0,0.0
d0015_t005,frontier,sonnet46,early,Geometry and Measure,12.0,38.0,0.0,-2.2299999999999986,0.0,16.666666666666668,0.0,8.333333333333334,0.0,0.0,1.0,0.0,0.0,0.0
d0347_t003,frontier,sonnet46,early,Number,16.0,49.0,0.0,0.11000000000000121,0.0,12.5,0.0,0.0,0.0,0.0,0.0,0.0,1.0,0.0
d0105_t005,frontier,sonnet46,early,Geometry and Measure,9.0,36.0,0.0,-1.0599999999999987,0.0,11.11111111111111,0.0,11.11111111111111,0.0,0.0,1.0,0.0,1.0,0.0
d0221_t007,frontier,sonnet46,early,Algebra,44.0,155.0,0.0,4.538870967741939,2.272727272727273,0.0,0.0,6.818181818181818,0.0,0.25,1.0,0.0,0.0,0.0
d0247_t003,frontier,sonnet46,early,Number,6.0,19.0,0.0,-1.8399999999999999,0.0,33.333333333333336,0.0,0.0,0.0,0.0,1.0,0.0,1.0,0.0
d0201_t011,frontier,sonnet46,middle,Number,4.0,8.0,0.0,-2.619999999999999,0.0,0.0,0.0,0.0,0.0,0.0,0.0,0.0,1.0,0.0
d0294_t013,frontier,sonnet46,middle,Number,20.0,46.0,0.0,0.11000000000000121,0.0,0.0,0.0,0.0,0.0,0.0,0.0,0.0,0.0,0.0
d0227_t012,frontier,sonnet46,middle,Algebra,17.0,39.0,0.0,-2.2299999999999986,0.0,5.882352941176471,0.0,0.0,0.0,0.0,1.0,5.882352941176471,0.0,0.0
d0246_t011,frontier,sonnet46,middle,Geometry and Measure,31.0,116.0,0.0,2.2782608695652193,0.0,3.225806451612903,0.0,6.451612903225806,0.0,0.0,1.0,9.67741935483871,1.0,0.0
d0162_t003,frontier,sonnet46,early,Number,34.0,139.0,0.0,0.5011851851851858,0.0,2.9411764705882355,0.0,8.823529411764707,0.0,0.0,1.0,2.9411764705882355,0.0,0.0
d0139_t005,frontier,sonnet46,middle,Number,10.0,51.0,0.0,3.653333333333336,0.0,10.0,0.0,0.0,0.0,0.0,1.0,0.0,1.0,0.0
d0333_t009,frontier,sonnet46,middle,Number,9.0,25.0,0.0,-1.4499999999999993,0.0,0.0,0.0,0.0,0.0,0.0,1.0,0.0,1.0,0.0
d0368_t000,frontier,sonnet46,early,Number,61.0,244.0,0.0,4.30739361702128,1.639344262295082,1.639344262295082,0.0,1.639344262295082,0.0,0.09090909090909091,1.0,1.639344262295082,1.0,3.278688524590164
d0086_t015,frontier,sonnet46,middle,Algebra,1.0,1.0,0.0,-3.3999999999999986,0.0,0.0,0.0,0.0,0.0,0.0,0.0,0.0,0.0,0.0
d0136_t015,frontier,sonnet46,middle,Number,12.0,33.0,0.0,1.0311111111111124,0.0,0.0,0.0,8.333333333333334,0.0,0.0,0.0,0.0,1.0,0.0
d0093_t011,frontier,sonnet46,middle,Geometry and Measure,2.0,7.0,0.0,-3.01,0.0,0.0,0.0,0.0,0.0,0.0,0.0,0.0,1.0,0.0
d0324_t020,frontier,sonnet46,middle,Algebra,5.0,13.0,0.0,-2.619999999999999,0.0,40.0,0.0,0.0,0.0,0.0,1.0,0.0,1.0,0.0
d0238_t009,frontier,sonnet46,middle,Geometry and Measure,18.0,72.0,0.0,7.004705882352944,0.0,5.555555555555555,5.555555555555555,0.0,0.0,0.0,1.0,0.0,1.0,0.0
d0294_t015,frontier,sonnet46,middle,Number,4.0,9.0,0.0,-3.01,0.0,25.0,0.0,0.0,0.0,0.0,1.0,0.0,1.0,0.0
d0203_t009,frontier,sonnet46,middle,Algebra,14.0,40.0,0.0,-0.754999999999999,0.0,7.142857142857143,0.0,0.0,0.0,0.0,1.0,14.285714285714286,1.0,0.0
d0255_t031,frontier,sonnet46,middle,Geometry and Measure,12.0,49.0,0.0,2.879999999999999,0.0,0.0,8.333333333333334,0.0,0.0,0.0,0.0,8.333333333333334,0.0,0.0
d0195_t005,frontier,sonnet46,middle,Number,5.0,15.0,0.0,-2.619999999999999,0.0,20.0,0.0,0.0,0.0,0.0,1.0,0.0,1.0,0.0
d0223_t051,frontier,sonnet46,middle,Number,12.0,39.0,0.0,-0.754999999999999,0.0,8.333333333333334,0.0,0.0,0.0,0.0,0.0,0.0,1.0,0.0
d0271_t005,frontier,sonnet46,middle,Number,1.0,1.0,0.0,-3.3999999999999986,0.0,0.0,0.0,0.0,0.0,0.0,0.0,0.0,0.0,0.0
d0316_t009,frontier,sonnet46,middle,Data and Statistics,3.0,16.0,0.0,20.590000000000007,0.0,0.0,0.0,0.0,0.0,0.0,1.0,0.0,1.0,0.0
d0246_t007,frontier,sonnet46,middle,Geometry and Measure,6.0,20.0,0.0,-1.8399999999999999,0.0,16.666666666666668,0.0,0.0,16.666666666666668,0.0,0.0,0.0,1.0,0.0
d0232_t007,frontier,sonnet46,middle,Data and Statistics,27.0,111.0,0.0,3.84,3.7037037037037037,3.7037037037037037,0.0,0.0,0.0,0.2,1.0,0.0,0.0,3.7037037037037037
d0005_t009,frontier,sonnet46,middle,Number,9.0,27.0,0.0,0.6257142857142846,0.0,0.0,0.0,0.0,0.0,0.0,1.0,0.0,0.0,0.0
d0176_t009,frontier,sonnet46,middle,Number,11.0,40.0,0.0,2.1950000000000003,0.0,9.090909090909092,0.0,0.0,0.0,0.0,0.0,9.090909090909092,1.0,0.0
d0374_t015,frontier,sonnet46,middle,Algebra,11.0,52.0,0.0,3.650000000000002,0.0,0.0,0.0,9.090909090909092,0.0,0.0,1.0,0.0,1.0,0.0
d0250_t007,frontier,sonnet46,middle,Number,11.0,22.0,0.0,-1.4499999999999993,0.0,9.090909090909092,0.0,0.0,0.0,0.0,1.0,0.0,0.0,0.0
d0296_t023,frontier,sonnet46,middle,Number,2.0,6.0,0.0,-3.01,0.0,0.0,0.0,0.0,0.0,0.0,0.0,0.0,1.0,0.0
d0183_t013,frontier,sonnet46,middle,Number,2.0,2.0,0.0,-3.3999999999999986,0.0,0.0,0.0,0.0,0.0,0.0,1.0,0.0,0.0,0.0
d0341_t016,frontier,sonnet46,middle,Number,4.0,24.0,0.0,3.6700000000000017,0.0,25.0,0.0,0.0,0.0,0.0,0.0,0.0,1.0,0.0
d0280_t009,frontier,sonnet46,middle,Number,82.0,354.0,0.0,1.283736263736266,0.0,1.2195121951219512,0.0,1.2195121951219512,4.878048780487805,0.0,1.0,0.0,1.0,0.0
d0140_t011,frontier,sonnet46,middle,Number,2.0,3.0,0.0,-3.3999999999999986,0.0,0.0,0.0,0.0,0.0,0.0,1.0,0.0,0.0,0.0
d0369_t009,frontier,sonnet46,middle,Data and Statistics,6.0,17.0,0.0,-1.8399999999999999,0.0,0.0,0.0,0.0,0.0,0.0,1.0,0.0,0.0,0.0
d0230_t011,frontier,sonnet46,middle,Data and Statistics,16.0,63.0,0.0,0.6257142857142846,0.0,0.0,0.0,12.5,0.0,0.0,1.0,0.0,1.0,0.0
d0041_t015,frontier,sonnet46,middle,Data and Statistics,10.0,42.0,0.0,1.2900000000000027,0.0,0.0,0.0,10.0,0.0,0.0,0.0,0.0,1.0,0.0
d0236_t009,frontier,sonnet46,middle,Data and Statistics,12.0,40.0,0.0,0.5,0.0,8.333333333333334,0.0,8.333333333333334,8.333333333333334,0.0,0.0,0.0,1.0,0.0
d0293_t015,frontier,sonnet46,middle,Number,15.0,55.0,0.0,0.7199999999999989,0.0,6.666666666666667,0.0,6.666666666666667,0.0,0.0,1.0,0.0,0.0,0.0
d0221_t015,frontier,sonnet46,middle,Algebra,11.0,33.0,0.0,-0.6699999999999982,0.0,18.181818181818183,0.0,0.0,0.0,0.0,1.0,0.0,1.0,0.0
d0112_t005,frontier,sonnet46,middle,Number,10.0,24.0,0.0,-1.8399999999999999,0.0,0.0,0.0,0.0,0.0,0.0,1.0,0.0,0.0,0.0
d0078_t006,frontier,sonnet46,middle,Number,9.0,19.0,0.0,-1.8399999999999999,0.0,11.11111111111111,0.0,0.0,0.0,0.0,1.0,0.0,1.0,0.0
d0203_t011,frontier,sonnet46,middle,Algebra,11.0,38.0,0.0,-1.8399999999999999,0.0,18.181818181818183,0.0,0.0,0.0,0.0,1.0,0.0,1.0,0.0
d0137_t011,frontier,sonnet46,middle,Number,2.0,7.0,0.0,-3.01,0.0,0.0,0.0,0.0,0.0,0.0,0.0,0.0,1.0,0.0
d0272_t019,frontier,sonnet46,middle,Number,9.0,31.0,0.0,2.4833333333333343,0.0,11.11111111111111,0.0,0.0,0.0,0.0,1.0,11.11111111111111,0.0,0.0
d0021_t013,frontier,sonnet46,middle,Number,13.0,63.0,0.0,4.060000000000002,0.0,0.0,0.0,0.0,0.0,0.0,1.0,0.0,1.0,0.0
d0277_t011,frontier,sonnet46,middle,Number,1.0,3.0,0.0,-3.3999999999999986,0.0,0.0,0.0,0.0,0.0,0.0,0.0,0.0,0.0,0.0
d0210_t011,frontier,sonnet46,middle,Algebra,10.0,39.0,0.0,2.4700000000000024,0.0,0.0,0.0,0.0,0.0,0.0,0.0,0.0,1.0,0.0
d0346_t013,frontier,sonnet46,middle,Number,16.0,71.0,0.0,3.283461538461541,0.0,12.5,0.0,0.0,0.0,0.5,1.0,0.0,0.0,0.0
d0068_t015,frontier,sonnet46,middle,Number,21.0,84.0,0.0,0.5360526315789471,4.761904761904762,9.523809523809524,0.0,0.0,0.0,0.0,1.0,0.0,1.0,0.0
d0150_t011,frontier,sonnet46,middle,Number,1.0,1.0,0.0,-3.3999999999999986,0.0,0.0,0.0,0.0,0.0,0.0,0.0,0.0,0.0,0.0
d0263_t009,frontier,sonnet46,middle,Number,10.0,37.0,0.0,2.342222222222226,0.0,0.0,10.0,0.0,10.0,0.0,0.0,0.0,1.0,0.0
d0284_t023,frontier,sonnet46,middle,Number,5.0,18.0,0.0,3.6700000000000017,0.0,20.0,0.0,0.0,0.0,0.0,1.0,0.0,1.0,0.0
d0048_t013,frontier,sonnet46,middle,Geometry and Measure,9.0,38.0,0.0,6.2755555555555596,0.0,11.11111111111111,0.0,11.11111111111111,0.0,0.0,0.0,0.0,0.0,0.0
d0023_t009,frontier,sonnet46,middle,Number,40.0,172.0,0.0,2.5128571428571433,0.0,0.0,2.5,0.0,0.0,0.0,0.0,0.0,0.0,0.0
d0039_t028,frontier,sonnet46,middle,Algebra,6.0,19.0,0.0,0.5199999999999996,0.0,0.0,0.0,0.0,0.0,0.0,1.0,0.0,1.0,0.0
d0047_t011,frontier,sonnet46,middle,Geometry and Measure,9.0,24.0,0.0,-1.8399999999999999,0.0,0.0,0.0,0.0,0.0,0.0,1.0,11.11111111111111,0.0,0.0
d0272_t027,frontier,sonnet46,middle,Number,2.0,4.0,0.0,-3.3999999999999986,0.0,0.0,0.0,0.0,0.0,0.0,1.0,0.0,0.0,0.0
d0264_t007,frontier,sonnet46,middle,Number,7.0,24.0,0.0,0.5199999999999996,0.0,14.285714285714286,0.0,14.285714285714286,0.0,0.0,1.0,0.0,0.0,0.0
d0340_t009,frontier,sonnet46,middle,Number,9.0,32.0,0.0,0.6257142857142846,0.0,11.11111111111111,0.0,11.11111111111111,0.0,0.0,1.0,0.0,1.0,0.0
d0270_t013,frontier,sonnet46,middle,Number,4.0,11.0,0.0,-3.01,0.0,0.0,0.0,0.0,0.0,0.0,0.0,0.0,0.0,0.0
d0378_t005,frontier,sonnet46,middle,Algebra,17.0,74.0,0.0,5.884285714285717,0.0,11.764705882352942,0.0,0.0,0.0,0.0,1.0,5.882352941176471,0.0,5.882352941176471
d0348_t014,frontier,sonnet46,middle,Number,18.0,64.0,0.0,-0.2171428571428553,0.0,0.0,0.0,0.0,0.0,0.0,1.0,0.0,1.0,0.0
d0192_t015,frontier,sonnet46,middle,Number,3.0,10.0,0.0,2.890000000000004,0.0,0.0,0.0,0.0,0.0,0.0,0.0,0.0,1.0,0.0
d0305_t010,frontier,sonnet46,middle,Number,13.0,38.0,0.0,0.7199999999999989,0.0,7.6923076923076925,0.0,0.0,0.0,0.0,1.0,0.0,1.0,0.0
d0360_t011,frontier,sonnet46,middle,Number,2.0,3.0,0.0,-3.3999999999999986,0.0,0.0,0.0,0.0,0.0,0.0,1.0,0.0,0.0,0.0
d0122_t012,frontier,sonnet46,middle,Number,12.0,55.0,0.0,2.4700000000000024,0.0,16.666666666666668,0.0,0.0,8.333333333333334,0.0,1.0,0.0,0.0,0.0
d0143_t012,frontier,sonnet46,middle,Number,22.0,61.0,0.0,-0.8858823529411755,0.0,0.0,0.0,13.636363636363637,0.0,0.0,1.0,0.0,1.0,0.0
d0168_t012,frontier,sonnet46,middle,Number,15.0,60.0,0.0,4.823333333333334,0.0,0.0,0.0,6.666666666666667,0.0,0.0,1.0,0.0,0.0,0.0
d0095_t011,frontier,sonnet46,middle,Number,12.0,35.0,0.0,-0.6699999999999982,0.0,0.0,0.0,0.0,0.0,0.0,1.0,16.666666666666668,0.0,0.0
d0018_t009,frontier,sonnet46,middle,Number,10.0,26.0,0.0,-1.4499999999999993,0.0,10.0,0.0,0.0,0.0,0.0,0.0,0.0,1.0,0.0
d0174_t007,frontier,sonnet46,middle,Number,14.0,56.0,0.0,3.84,0.0,0.0,0.0,0.0,7.142857142857143,0.0,1.0,0.0,0.0,0.0
d0279_t009,frontier,sonnet46,middle,Number,5.0,18.0,0.0,0.5199999999999996,0.0,0.0,0.0,20.0,0.0,0.0,0.0,0.0,1.0,0.0
d0293_t009,frontier,sonnet46,middle,Number,10.0,34.0,0.0,-0.7238888888888866,0.0,10.0,0.0,0.0,0.0,0.0,1.0,0.0,0.0,0.0
d0076_t007,frontier,sonnet46,middle,Number,10.0,38.0,0.0,1.0311111111111124,0.0,10.0,0.0,10.0,0.0,0.0,0.0,10.0,1.0,10.0
d0248_t029,frontier,sonnet46,middle,Number,2.0,4.0,0.0,-3.3999999999999986,0.0,0.0,0.0,0.0,0.0,0.0,1.0,0.0,0.0,0.0
d0360_t007,frontier,sonnet46,middle,Number,2.0,4.0,0.0,-3.3999999999999986,0.0,0.0,0.0,0.0,0.0,0.0,0.0,0.0,0.0,0.0
d0364_t005,frontier,sonnet46,middle,Data and Statistics,43.0,164.0,0.0,1.9544117647058847,0.0,0.0,2.3255813953488373,6.976744186046512,2.3255813953488373,0.0,0.0,0.0,0.0,0.0
d0123_t007,frontier,sonnet46,middle,Number,2.0,4.0,0.0,-3.3999999999999986,0.0,0.0,0.0,0.0,0.0,0.0,1.0,0.0,0.0,0.0
d0105_t011,frontier,sonnet46,middle,Geometry and Measure,27.0,88.0,0.0,0.7391304347826093,0.0,0.0,0.0,7.407407407407407,0.0,0.0,1.0,0.0,1.0,0.0
d0100_t021,frontier,sonnet46,middle,Number,13.0,44.0,0.0,-1.2872727272727271,0.0,0.0,0.0,0.0,0.0,0.0,1.0,0.0,0.0,0.0
d0296_t013,frontier,sonnet46,middle,Number,8.0,26.0,0.0,-1.4499999999999993,0.0,12.5,0.0,12.5,0.0,0.0,0.0,0.0,1.0,0.0
d0198_t007,frontier,sonnet46,middle,Number,15.0,68.0,0.0,4.91076923076923,0.0,6.666666666666667,0.0,6.666666666666667,0.0,0.0,0.0,0.0,1.0,0.0
d0279_t011,frontier,sonnet46,middle,Number,2.0,4.0,0.0,-3.3999999999999986,0.0,0.0,0.0,0.0,0.0,0.0,1.0,0.0,0.0,0.0
d0166_t013,frontier,sonnet46,middle,Number,7.0,20.0,0.0,-2.2299999999999986,0.0,14.285714285714286,0.0,14.285714285714286,0.0,0.0,1.0,0.0,0.0,0.0
d0010_t017,frontier,sonnet46,middle,Algebra,10.0,26.0,0.0,-1.0599999999999987,0.0,0.0,0.0,20.0,0.0,0.0,0.0,0.0,1.0,0.0
d0292_t011,frontier,sonnet46,middle,Data and Statistics,19.0,81.0,0.0,3.8550000000000004,0.0,5.2631578947368425,0.0,10.526315789473685,0.0,0.0,0.0,0.0,0.0,0.0
d0193_t013,frontier,sonnet46,middle,Number,25.0,110.0,0.0,7.209523809523812,0.0,4.0,0.0,0.0,0.0,0.0,1.0,0.0,1.0,8.0
d0104_t009,frontier,sonnet46,middle,Geometry and Measure,15.0,47.0,0.0,1.6700000000000017,0.0,0.0,0.0,13.333333333333334,0.0,0.0,0.0,6.666666666666667,1.0,0.0
d0007_t007,frontier,sonnet46,middle,Number,8.0,26.0,0.0,0.5166666666666693,0.0,25.0,0.0,12.5,0.0,0.0,0.0,0.0,0.0,0.0
d0166_t015,frontier,sonnet46,middle,Number,7.0,24.0,0.0,2.879999999999999,0.0,0.0,0.0,0.0,0.0,0.0,1.0,0.0,0.0,0.0
d0022_t013,frontier,sonnet46,middle,Number,16.0,58.0,0.0,5.041428571428572,0.0,0.0,0.0,0.0,0.0,0.0,0.0,0.0,1.0,6.25
d0191_t006,frontier,sonnet46,middle,Number,8.0,37.0,0.0,3.997142857142858,0.0,0.0,0.0,12.5,0.0,0.0,0.0,0.0,0.0,25.0
d0018_t007,frontier,sonnet46,middle,Number,6.0,13.0,0.0,-2.619999999999999,0.0,0.0,0.0,0.0,0.0,0.0,0.0,0.0,0.0,0.0
d0117_t019,frontier,sonnet46,middle,Number,4.0,8.0,0.0,-2.619999999999999,0.0,0.0,0.0,25.0,0.0,0.0,1.0,0.0,1.0,0.0
d0196_t011,frontier,sonnet46,middle,Number,2.0,3.0,0.0,-3.3999999999999986,0.0,0.0,0.0,0.0,0.0,0.0,0.0,0.0,0.0,0.0
d0348_t012,frontier,sonnet46,middle,Number,1.0,4.0,0.0,-3.3999999999999986,0.0,0.0,0.0,0.0,0.0,0.0,0.0,0.0,0.0,0.0
d0181_t013,frontier,sonnet46,middle,Number,15.0,68.0,0.0,1.4685714285714297,0.0,13.333333333333334,0.0,0.0,0.0,0.0,0.0,0.0,0.0,0.0
d0042_t009,frontier,sonnet46,middle,Data and Statistics,22.0,89.0,0.0,1.879999999999999,0.0,9.090909090909092,0.0,4.545454545454546,0.0,0.0,1.0,0.0,1.0,0.0
d0312_t009,frontier,sonnet46,middle,Algebra,15.0,66.0,0.0,3.355714285714285,0.0,0.0,0.0,0.0,0.0,0.0,1.0,0.0,1.0,0.0
d0112_t007,frontier,sonnet46,middle,Number,42.0,154.0,0.0,1.9112500000000026,2.380952380952381,2.380952380952381,0.0,4.761904761904762,0.0,0.0,1.0,4.761904761904762,0.0,0.0
d0039_t022,frontier,sonnet46,middle,Algebra,6.0,12.0,0.0,-2.2299999999999986,0.0,0.0,0.0,0.0,0.0,0.0,1.0,0.0,1.0,0.0
d0125_t015,frontier,sonnet46,middle,Number,2.0,6.0,0.0,-3.3999999999999986,0.0,0.0,0.0,0.0,0.0,0.0,1.0,0.0,0.0,0.0
d0030_t017,frontier,sonnet46,late,Geometry and Measure,2.0,3.0,0.0,-3.3999999999999986,0.0,0.0,0.0,0.0,0.0,0.0,0.0,0.0,0.0,0.0
d0164_t013,frontier,sonnet46,late,Number,8.0,30.0,0.0,2.3114285714285714,0.0,12.5,0.0,12.5,0.0,0.0,1.0,0.0,1.0,0.0
d0374_t013,frontier,sonnet46,middle,Algebra,14.0,53.0,0.0,0.5004545454545486,0.0,7.142857142857143,0.0,7.142857142857143,0.0,0.0,1.0,0.0,1.0,0.0
d0313_t012,frontier,sonnet46,middle,Number,30.0,91.0,0.0,1.4288095238095266,0.0,0.0,0.0,10.0,0.0,0.0,1.0,0.0,0.0,0.0
d0077_t029,frontier,sonnet46,late,Number,4.0,14.0,0.0,1.3133333333333361,0.0,0.0,0.0,0.0,0.0,0.0,0.0,0.0,0.0,0.0
d0174_t015,frontier,sonnet46,late,Number,21.0,81.0,0.0,4.92235294117647,0.0,4.761904761904762,0.0,4.761904761904762,0.0,0.0,0.0,0.0,0.0,0.0
d0149_t053,frontier,sonnet46,late,Number,30.0,130.0,0.0,1.9051851851851858,0.0,10.0,0.0,3.3333333333333335,0.0,0.0,0.0,0.0,1.0,0.0
d0206_t019,frontier,sonnet46,late,Algebra,44.0,173.0,0.0,6.507777777777779,2.272727272727273,0.0,0.0,4.545454545454546,0.0,0.0,0.0,0.0,1.0,0.0
d0028_t015,frontier,sonnet46,late,Number,4.0,12.0,0.0,-2.619999999999999,0.0,0.0,0.0,0.0,0.0,0.0,1.0,0.0,1.0,0.0
d0182_t013,frontier,sonnet46,late,Number,34.0,131.0,0.0,3.5133620689655203,0.0,0.0,0.0,17.647058823529413,0.0,0.0,0.0,0.0,0.0,0.0
d0330_t023,frontier,sonnet46,late,Number,10.0,32.0,0.0,-1.0599999999999987,10.0,0.0,0.0,10.0,0.0,0.0,0.0,10.0,0.0,0.0
d0137_t017,frontier,sonnet46,late,Number,30.0,99.0,0.0,1.572727272727274,3.3333333333333335,0.0,0.0,6.666666666666667,0.0,0.0,0.0,3.3333333333333335,0.0,0.0
d0127_t009,frontier,sonnet46,late,Number,1.0,1.0,0.0,-3.3999999999999986,0.0,0.0,0.0,0.0,0.0,0.0,0.0,0.0,0.0,0.0
d0070_t033,frontier,sonnet46,late,Number,13.0,41.0,0.0,-0.27999999999999936,0.0,7.6923076923076925,0.0,7.6923076923076925,0.0,0.0,0.0,7.6923076923076925,0.0,0.0
d0042_t023,frontier,sonnet46,late,Data and Statistics,18.0,78.0,0.0,2.995588235294118,0.0,5.555555555555555,0.0,0.0,0.0,0.0,0.0,0.0,1.0,5.555555555555555
d0098_t019,frontier,sonnet46,late,Geometry and Measure,15.0,60.0,0.0,5.041428571428572,0.0,6.666666666666667,0.0,6.666666666666667,0.0,0.0,1.0,0.0,1.0,0.0
d0286_t015,frontier,sonnet46,late,Number,7.0,25.0,0.0,-1.4499999999999993,0.0,14.285714285714286,0.0,14.285714285714286,0.0,0.0,0.0,0.0,1.0,0.0
d0039_t048,frontier,sonnet46,late,Algebra,40.0,178.0,0.0,5.732142857142858,0.0,0.0,2.5,5.0,0.0,0.0,0.0,0.0,0.0,0.0
d0030_t013,frontier,sonnet46,late,Geometry and Measure,6.0,13.0,0.0,-1.8399999999999999,0.0,0.0,0.0,0.0,0.0,0.0,1.0,0.0,1.0,0.0
d0363_t015,frontier,sonnet46,late,Geometry and Measure,26.0,95.0,0.0,4.262368421052631,0.0,3.8461538461538463,0.0,7.6923076923076925,0.0,0.0,0.0,0.0,1.0,0.0
d0172_t033,frontier,sonnet46,late,Number,11.0,37.0,0.0,-2.0349999999999984,9.090909090909092,0.0,0.0,9.090909090909092,0.0,0.0,0.0,9.090909090909092,0.0,0.0
d0215_t019,frontier,sonnet46,late,Algebra,9.0,36.0,0.0,-1.0599999999999987,0.0,0.0,0.0,0.0,0.0,0.0,0.0,0.0,0.0,0.0
d0088_t027,frontier,sonnet46,late,Algebra,8.0,34.0,0.0,-0.6699999999999982,0.0,25.0,0.0,0.0,0.0,0.0,0.0,0.0,1.0,0.0
d0346_t021,frontier,sonnet46,late,Number,31.0,90.0,0.0,2.029,0.0,6.451612903225806,0.0,12.903225806451612,0.0,0.0,1.0,0.0,0.0,0.0
d0298_t023,frontier,sonnet46,late,Number,4.0,11.0,0.0,-2.619999999999999,0.0,0.0,0.0,0.0,0.0,0.0,1.0,0.0,1.0,0.0
d0317_t015,frontier,sonnet46,late,Data and Statistics,8.0,30.0,0.0,-1.0599999999999987,0.0,0.0,0.0,0.0,12.5,0.0,1.0,0.0,0.0,0.0
d0315_t015,frontier,sonnet46,late,Data and Statistics,17.0,75.0,0.0,4.92235294117647,0.0,0.0,0.0,0.0,0.0,0.0,0.0,0.0,1.0,0.0
d0367_t029,frontier,sonnet46,late,Number,17.0,74.0,0.0,3.068333333333335,0.0,5.882352941176471,0.0,11.764705882352942,0.0,0.0,0.0,5.882352941176471,1.0,5.882352941176471
d0009_t023,frontier,sonnet46,late,Number,8.0,26.0,0.0,2.879999999999999,0.0,0.0,0.0,0.0,0.0,0.0,1.0,0.0,1.0,0.0
d0276_t022,frontier,sonnet46,late,Number,9.0,32.0,0.0,0.8049999999999997,0.0,11.11111111111111,0.0,11.11111111111111,0.0,0.0,1.0,0.0,1.0,0.0
d0121_t021,frontier,sonnet46,late,Number,6.0,24.0,0.0,-1.8399999999999999,0.0,0.0,0.0,0.0,0.0,0.0,0.0,0.0,1.0,0.0
d0194_t019,frontier,sonnet46,late,Number,2.0,3.0,0.0,-3.3999999999999986,0.0,0.0,0.0,0.0,0.0,0.0,1.0,0.0,0.0,0.0
d0361_t019,frontier,sonnet46,late,Number,15.0,68.0,0.0,4.420000000000002,0.0,0.0,0.0,20.0,0.0,0.0,0.0,0.0,1.0,0.0
d0122_t022,frontier,sonnet46,late,Number,15.0,59.0,0.0,-1.4499999999999993,6.666666666666667,0.0,0.0,6.666666666666667,0.0,0.0,0.0,6.666666666666667,1.0,0.0
d0169_t017,frontier,sonnet46,late,Number,8.0,26.0,0.0,4.450000000000003,0.0,0.0,0.0,0.0,0.0,0.0,1.0,0.0,1.0,0.0
d0278_t038,frontier,sonnet46,late,Number,1.0,1.0,0.0,-3.3999999999999986,0.0,0.0,0.0,0.0,0.0,0.0,0.0,0.0,0.0,0.0
d0295_t017,frontier,sonnet46,late,Number,1.0,4.0,0.0,-3.3999999999999986,0.0,0.0,0.0,0.0,0.0,0.0,0.0,0.0,0.0,0.0
d0215_t017,frontier,sonnet46,late,Algebra,9.0,32.0,0.0,0.946428571428573,0.0,0.0,0.0,11.11111111111111,0.0,0.0,1.0,0.0,1.0,0.0
d0374_t021,frontier,sonnet46,late,Algebra,52.0,204.0,0.0,3.355714285714285,1.9230769230769231,0.0,0.0,5.769230769230769,0.0,0.0,0.0,0.0,1.0,0.0
d0371_t018,frontier,sonnet46,late,Algebra,1.0,2.0,0.0,-3.3999999999999986,0.0,0.0,0.0,0.0,0.0,0.0,0.0,0.0,0.0,0.0
d0002_t021,frontier,sonnet46,late,Algebra,8.0,23.0,0.0,-2.2299999999999986,0.0,0.0,0.0,0.0,0.0,0.0,0.0,0.0,0.0,0.0
d0161_t023,frontier,sonnet46,late,Number,7.0,27.0,0.0,-1.8399999999999999,0.0,0.0,0.0,0.0,0.0,0.0,0.0,0.0,0.0,0.0
d0131_t034,frontier,sonnet46,late,Number,10.0,35.0,0.0,2.280000000000001,0.0,10.0,0.0,0.0,0.0,0.0,1.0,0.0,1.0,0.0
d0242_t013,frontier,sonnet46,late,Data and Statistics,11.0,33.0,0.0,-0.27999999999999936,0.0,9.090909090909092,0.0,0.0,0.0,0.0,1.0,0.0,1.0,0.0
d0277_t023,frontier,sonnet46,late,Number,1.0,5.0,0.0,-3.3999999999999986,0.0,0.0,0.0,0.0,0.0,0.0,0.0,0.0,0.0,0.0
d0201_t013,frontier,sonnet46,late,Number,26.0,84.0,0.0,0.11000000000000121,0.0,0.0,0.0,11.538461538461538,0.0,0.0,0.0,0.0,0.0,3.8461538461538463
d0278_t048,frontier,sonnet46,late,Number,18.0,76.0,0.0,5.400000000000002,0.0,0.0,0.0,11.11111111111111,0.0,0.0,1.0,5.555555555555555,0.0,0.0
d0004_t015,frontier,sonnet46,late,Number,7.0,26.0,0.0,-1.4499999999999993,0.0,0.0,0.0,14.285714285714286,0.0,0.0,0.0,0.0,0.0,0.0
d0147_t015,frontier,sonnet46,late,Number,27.0,99.0,0.0,6.553333333333331,0.0,0.0,0.0,7.407407407407407,0.0,1.0,0.0,0.0,0.0,0.0
d0348_t020,frontier,sonnet46,late,Number,40.0,159.0,0.0,1.5163709677419384,0.0,0.0,0.0,10.0,2.5,0.0,0.0,0.0,0.0,0.0
d0237_t031,frontier,sonnet46,late,Geometry and Measure,27.0,107.0,0.0,1.2521739130434817,0.0,7.407407407407407,0.0,7.407407407407407,0.0,0.0,0.0,0.0,1.0,0.0
d0000_t015,frontier,sonnet46,late,Algebra,1.0,4.0,0.0,-3.3999999999999986,0.0,0.0,0.0,0.0,0.0,0.0,0.0,0.0,0.0,0.0
d0278_t042,frontier,sonnet46,late,Number,2.0,2.0,0.0,-3.3999999999999986,0.0,0.0,0.0,0.0,0.0,0.0,1.0,0.0,0.0,0.0
d0357_t013,frontier,sonnet46,late,Number,16.0,60.0,0.0,2.8466666666666676,0.0,6.25,0.0,18.75,0.0,0.0,0.0,0.0,1.0,0.0
d0354_t020,frontier,sonnet46,late,Number,8.0,27.0,0.0,-1.8399999999999999,0.0,0.0,0.0,0.0,0.0,0.0,0.0,0.0,0.0,0.0
d0222_t019,frontier,sonnet46,late,Algebra,10.0,36.0,0.0,2.280000000000001,0.0,0.0,0.0,10.0,0.0,0.0,1.0,0.0,0.0,0.0
d0170_t013,frontier,sonnet46,late,Number,23.0,116.0,0.0,4.800238095238097,0.0,0.0,0.0,13.043478260869565,0.0,0.16666666666666666,0.0,4.3478260869565215,1.0,0.0
d0200_t023,frontier,sonnet46,late,Number,39.0,159.0,0.0,4.433333333333334,0.0,2.5641025641025643,0.0,10.256410256410257,0.0,0.0,1.0,5.128205128205129,0.0,5.128205128205129
d0238_t021,frontier,sonnet46,late,Geometry and Measure,9.0,36.0,0.0,-0.6699999999999982,0.0,0.0,0.0,0.0,0.0,0.0,0.0,0.0,1.0,0.0
d0042_t019,frontier,sonnet46,late,Data and Statistics,9.0,32.0,0.0,-1.0599999999999987,0.0,22.22222222222222,0.0,0.0,0.0,0.0,1.0,0.0,1.0,0.0
d0091_t014,frontier,sonnet46,late,Geometry and Measure,13.0,65.0,0.0,4.003076923076925,0.0,7.6923076923076925,0.0,7.6923076923076925,0.0,0.0,0.0,0.0,1.0,7.6923076923076925
d0020_t013,frontier,sonnet46,late,Number,9.0,27.0,0.0,-1.8399999999999999,0.0,0.0,0.0,0.0,0.0,0.0,1.0,0.0,1.0,0.0
d0009_t025,frontier,sonnet46,late,Number,8.0,29.0,0.0,2.3114285714285714,0.0,12.5,0.0,0.0,0.0,0.0,0.0,0.0,1.0,0.0
d0110_t017,frontier,sonnet46,late,Number,35.0,147.0,0.0,4.158225806451615,0.0,2.857142857142857,0.0,5.714285714285714,0.0,0.0,1.0,2.857142857142857,1.0,0.0
d0315_t013,frontier,sonnet46,late,Data and Statistics,13.0,57.0,0.0,1.5,0.0,7.6923076923076925,0.0,15.384615384615385,0.0,0.0,0.0,0.0,1.0,0.0
d0124_t013,frontier,sonnet46,late,Number,18.0,81.0,0.0,4.662500000000001,5.555555555555555,11.11111111111111,0.0,0.0,0.0,0.0,0.0,0.0,1.0,0.0
d0331_t033,frontier,sonnet46,late,Number,16.0,55.0,0.0,-1.254999999999999,6.25,6.25,0.0,0.0,0.0,0.0,0.0,6.25,0.0,0.0
d0116_t012,frontier,sonnet46,late,Number,8.0,25.0,0.0,0.5166666666666693,0.0,0.0,0.0,0.0,0.0,0.0,1.0,0.0,0.0,0.0
d0093_t015,frontier,sonnet46,late,Geometry and Measure,10.0,30.0,0.0,-0.6699999999999982,0.0,10.0,0.0,10.0,0.0,0.0,1.0,0.0,1.0,0.0
d0153_t019,frontier,sonnet46,late,Number,16.0,47.0,0.0,-1.4499999999999993,0.0,6.25,0.0,0.0,0.0,0.0,1.0,6.25,0.0,0.0
d0136_t021,frontier,sonnet46,late,Number,6.0,16.0,0.0,-2.619999999999999,0.0,0.0,0.0,0.0,0.0,0.0,1.0,0.0,0.0,0.0
d0001_t020,frontier,sonnet46,late,Algebra,8.0,25.0,0.0,-1.8399999999999999,0.0,12.5,0.0,0.0,0.0,0.0,0.0,0.0,1.0,0.0
d0372_t013,frontier,sonnet46,late,Algebra,14.0,29.0,0.0,-1.4499999999999993,0.0,0.0,0.0,0.0,0.0,0.0,1.0,0.0,1.0,0.0
d0086_t019,frontier,sonnet46,late,Algebra,6.0,18.0,0.0,-1.8399999999999999,0.0,16.666666666666668,0.0,0.0,0.0,0.0,1.0,0.0,1.0,0.0
d0267_t017,frontier,sonnet46,late,Number,12.0,42.0,0.0,-0.27999999999999936,8.333333333333334,0.0,0.0,0.0,0.0,0.0,0.0,8.333333333333334,0.0,0.0
d0278_t050,frontier,sonnet46,late,Number,32.0,136.0,0.0,1.5357142857142883,0.0,3.125,0.0,9.375,0.0,0.0,0.0,3.125,0.0,0.0
d0295_t019,frontier,sonnet46,late,Number,1.0,4.0,0.0,-3.3999999999999986,0.0,0.0,0.0,0.0,0.0,0.0,0.0,0.0,0.0,0.0
d0210_t019,frontier,sonnet46,late,Algebra,17.0,69.0,0.0,0.6257142857142846,0.0,5.882352941176471,0.0,5.882352941176471,0.0,0.0,0.0,0.0,0.0,0.0
d0055_t017,frontier,sonnet46,late,Geometry and Measure,33.0,133.0,0.0,4.097222222222225,0.0,3.0303030303030303,0.0,0.0,3.0303030303030303,0.0,1.0,3.0303030303030303,0.0,0.0
d0077_t027,frontier,sonnet46,late,Number,9.0,32.0,0.0,2.3114285714285714,0.0,0.0,0.0,11.11111111111111,0.0,0.0,1.0,0.0,0.0,0.0
d0289_t013,frontier,sonnet46,late,Algebra,42.0,183.0,0.0,6.933108108108112,0.0,2.380952380952381,0.0,7.142857142857143,2.380952380952381,0.0,0.0,0.0,0.0,4.761904761904762
d0217_t012,frontier,sonnet46,late,Algebra,10.0,34.0,0.0,-0.6699999999999982,10.0,10.0,0.0,10.0,0.0,0.0,0.0,0.0,0.0,0.0
d0291_t013,frontier,sonnet46,late,Number,4.0,9.0,0.0,-3.01,0.0,0.0,0.0,0.0,0.0,0.0,0.0,0.0,0.0,0.0
d0060_t013,frontier,sonnet46,late,Number,15.0,51.0,0.0,3.84,0.0,6.666666666666667,6.666666666666667,6.666666666666667,0.0,0.0,1.0,0.0,0.0,0.0
d0240_t019,frontier,sonnet46,late,Data and Statistics,13.0,42.0,0.0,-0.27999999999999936,7.6923076923076925,0.0,0.0,7.6923076923076925,0.0,0.0,0.0,7.6923076923076925,0.0,0.0
d0258_t013,frontier,sonnet46,late,Data and Statistics,12.0,43.0,0.0,1.2900000000000027,0.0,0.0,0.0,0.0,0.0,0.0,0.0,0.0,0.0,0.0
d0259_t024,frontier,sonnet46,late,Data and Statistics,5.0,13.0,0.0,-2.619999999999999,0.0,20.0,0.0,0.0,0.0,0.0,1.0,0.0,0.0,0.0
d0117_t031,frontier,sonnet46,late,Number,37.0,149.0,0.0,1.8450000000000024,0.0,0.0,0.0,10.81081081081081,0.0,0.0,0.0,0.0,0.0,0.0
d0130_t017,frontier,sonnet46,late,Number,25.0,87.0,0.0,1.0311111111111124,0.0,0.0,0.0,12.0,0.0,0.0,0.0,0.0,0.0,0.0
d0372_t017,frontier,sonnet46,late,Algebra,18.0,59.0,0.0,-1.1923076923076916,0.0,0.0,0.0,11.11111111111111,0.0,0.0,0.0,0.0,0.0,0.0
d0037_t026,frontier,sonnet46,late,Data and Statistics,19.0,59.0,0.0,-0.2171428571428553,5.2631578947368425,0.0,0.0,10.526315789473685,0.0,0.0,0.0,0.0,0.0,0.0
d0027_t017,frontier,sonnet46,late,Geometry and Measure,10.0,38.0,0.0,0.8049999999999997,0.0,10.0,0.0,20.0,0.0,0.0,1.0,0.0,1.0,0.0
d0344_t019,frontier,sonnet46,late,Algebra,12.0,46.0,0.0,-0.7238888888888866,0.0,0.0,0.0,0.0,0.0,0.0,0.0,0.0,1.0,0.0
d0379_t036,frontier,sonnet46,late,Algebra,35.0,118.0,0.0,3.0856896551724162,2.857142857142857,2.857142857142857,0.0,0.0,0.0,0.0,1.0,8.571428571428571,0.0,0.0
d0023_t019,frontier,sonnet46,late,Number,29.0,114.0,0.0,2.9730000000000025,0.0,3.4482758620689653,0.0,0.0,0.0,0.0,1.0,3.4482758620689653,0.0,3.4482758620689653
d0162_t023,frontier,sonnet46,late,Number,30.0,137.0,0.0,4.090370370370373,3.3333333333333335,6.666666666666667,0.0,3.3333333333333335,0.0,0.0,1.0,3.3333333333333335,1.0,0.0
d0290_t012,frontier,sonnet46,late,Algebra,10.0,22.0,0.0,-1.4499999999999993,10.0,0.0,0.0,0.0,0.0,0.0,0.0,0.0,1.0,0.0
d0243_t014,frontier,sonnet46,late,Data and Statistics,8.0,22.0,0.0,0.5199999999999996,0.0,12.5,0.0,0.0,0.0,0.0,1.0,12.5,1.0,0.0
d0093_t017,frontier,sonnet46,late,Geometry and Measure,6.0,15.0,0.0,-2.619999999999999,0.0,0.0,0.0,0.0,0.0,0.0,1.0,0.0,0.0,0.0
d0223_t095,frontier,sonnet46,late,Number,5.0,16.0,0.0,0.7199999999999989,0.0,40.0,0.0,0.0,0.0,0.0,0.0,0.0,1.0,0.0
d0279_t015,frontier,sonnet46,late,Number,9.0,34.0,0.0,0.6257142857142846,0.0,0.0,0.0,11.11111111111111,0.0,0.0,1.0,0.0,1.0,11.11111111111111
d0054_t021,frontier,sonnet46,late,Geometry and Measure,10.0,36.0,0.0,2.3114285714285714,0.0,0.0,0.0,0.0,0.0,0.0,0.0,10.0,0.0,0.0
